mfcc_0,mfcc_1,mfcc_2,mfcc_3,mfcc_4,mfcc_5,mfcc_6,mfcc_7,mfcc_8,mfcc_9,mfcc_10,mfcc_11,mfcc_12,chroma_0,chroma_1,chroma_2,chroma_3,chroma_4,chroma_5,chroma_6,chroma_7,chroma_8,chroma_9,chroma_10,chroma_11,contrast_0,contrast_1,contrast_2,contrast_3,contrast_4,contrast_5,contrast_6,zcr,label
-435.8064880371094,100.2136459350586,-19.618366241455078,36.52091598510742,-7.553804397583008,22.405487060546875,-8.34846019744873,12.438695907592773,-3.4654340744018555,1.5015695095062256,-0.8034916520118713,-2.155806541442871,1.2218947410583496,0.16063794493675232,0.14609715342521667,0.17253461480140686,0.21761763095855713,0.21714332699775696,0.21778815984725952,0.27748599648475647,0.5171347856521606,0.35703200101852417,0.2380462884902954,0.2455262541770935,0.19936494529247284,19.333308583417082,16.94071102611281,17.07783652154921,14.991004628505534,16.547633678318597,15.912052999150232,47.50829590354986,0.06589918870192307,1
-412.907958984375,80.94020080566406,-14.530182838439941,31.90838050842285,-14.702774047851562,18.749826431274414,-9.85326099395752,9.408289909362793,-13.252960205078125,-2.386655807495117,-3.5580508708953857,-3.7983474731445312,0.023233501240611076,0.3343196213245392,0.2880735397338867,0.2399044781923294,0.23536008596420288,0.24785998463630676,0.24455198645591736,0.3235258460044861,0.3098914921283722,0.33389046788215637,0.36341968178749084,0.4269660413265228,0.3850151598453522,19.625972111859596,13.464405671150818,14.663626297157238,14.053123381008911,14.999352445054702,15.179762628589332,49.20311662174845,0.09405423677884615,1
-448.9043884277344,90.36538696289062,-22.37215232849121,34.165653228759766,-10.381683349609375,19.207155227661133,-11.50599193572998,1.5757546424865723,-6.980103492736816,-1.6845111846923828,-1.2011359930038452,-4.277547359466553,-0.8038327097892761,0.3002510666847229,0.2889532744884491,0.3431505262851715,0.34494102001190186,0.32377615571022034,0.3597710430622101,0.3524979054927826,0.3167250156402588,0.34831002354621887,0.3793606758117676,0.4042245149612427,0.3450494706630707,17.70373311330846,11.631009859359326,13.874253991224,13.515674869599728,14.56576365842744,14.962791464095233,46.00022623821217,0.07254356971153846,1
-482.0086669921875,77.65686798095703,-27.03166389465332,42.68640899658203,-23.25016975402832,22.403871536254883,-21.618818283081055,-1.8227291107177734,-17.301509857177734,-0.4161261022090912,-5.353373050689697,-8.877771377563477,-1.313550353050232,0.28898873925209045,0.267361581325531,0.29341405630111694,0.3451583683490753,0.372391015291214,0.345192015171051,0.30423811078071594,0.3815845847129822,0.32744646072387695,0.320619136095047,0.32605770230293274,0.30308181047439575,17.69945910174628,12.111682264540034,14.2743225258931,13.452556292864442,14.62802460775493,14.36617682049692,48.9662271427945,0.10120192307692308,1
-412.87738037109375,73.94651794433594,-27.003084182739258,33.35995101928711,-23.059343338012695,18.057037353515625,-17.850875854492188,0.3683567941188812,-11.721467971801758,-3.355936050415039,-4.814367771148682,-5.574740886688232,-1.663960576057434,0.3129845857620239,0.3262884318828583,0.3326312005519867,0.3180222511291504,0.28235626220703125,0.2542631924152374,0.2742207944393158,0.2934079170227051,0.27405107021331787,0.40894877910614014,0.3900495171546936,0.31460458040237427,20.25923982815816,14.220334173546497,15.844516942712339,14.308629905087793,15.421675000862864,16.012421269844527,50.45263987331957,0.10756460336538462,1
-406.1446533203125,93.43463897705078,-18.223228454589844,39.579105377197266,-14.511455535888672,18.40668296813965,-14.326254844665527,8.679129600524902,-8.014015197753906,0.36698490381240845,-0.7878032326698303,-2.9907066822052,0.7411853671073914,0.12095305323600769,0.16178855299949646,0.17997604608535767,0.20404958724975586,0.21429282426834106,0.2296649068593979,0.2876555621623993,0.27476319670677185,0.465474009513855,0.3903394341468811,0.2568496763706207,0.16824938356876373,19.15870721227747,14.80452184656936,18.01564733253174,15.751896514810474,16.28697389987198,16.143249503338982,50.71512153378649,0.06327373798076923,1
-516.7311401367188,62.19786071777344,-21.461111068725586,15.723546028137207,-12.12267017364502,8.324517250061035,-13.556319236755371,0.042546872049570084,-8.46696949005127,-1.5250623226165771,-1.569036602973938,-2.8670876026153564,1.1130470037460327,0.19405515491962433,0.126345694065094,0.12361221015453339,0.15680243074893951,0.18056879937648773,0.24042709171772003,0.23576417565345764,0.14615081250667572,0.11665192991495132,0.14924080669879913,0.24471093714237213,0.27319738268852234,16.647105459649442,14.724130741717758,14.918226744506018,14.512728483449507,15.517243909933276,14.842802142888857,37.39350431119028,0.046461838942307696,1
-416.47991943359375,96.03831481933594,-27.646665573120117,33.015647888183594,-14.446147918701172,17.334341049194336,-16.668781280517578,3.9316556453704834,-10.722771644592285,-3.745516777038574,-3.1167030334472656,-4.332114219665527,0.07905646413564682,0.33373379707336426,0.30881527066230774,0.3350469470024109,0.29187995195388794,0.2312062829732895,0.2647923231124878,0.34374555945396423,0.42156779766082764,0.4231310784816742,0.3821731209754944,0.32894864678382874,0.35657310485839844,19.55043770836166,12.483216809438664,14.671332414173282,14.622927841478479,15.422346889912562,15.336061715004059,48.54565461462473,0.07169846754807692,1
-430.1329345703125,106.62886047363281,-16.26972198486328,35.043212890625,-5.921082973480225,18.31841278076172,-11.271928787231445,9.420877456665039,-3.002610921859741,4.822999000549316,-1.7437427043914795,-1.909912347793579,2.504166841506958,0.27544400095939636,0.23961016535758972,0.20384252071380615,0.18232153356075287,0.2273632138967514,0.2819766700267792,0.34203439950942993,0.4974626898765564,0.33129915595054626,0.17686797678470612,0.2435016632080078,0.2814021110534668,19.68498781808873,16.699355884955605,15.806843190029552,15.286642335757222,16.548894848271804,16.689949771779126,47.40718026451099,0.04670222355769231,1
-434.4822692871094,84.40411376953125,-34.286434173583984,36.78211975097656,-18.19141387939453,14.793381690979004,-17.13421630859375,4.631371021270752,-13.79161262512207,-4.029369831085205,-2.33474063873291,-3.8617336750030518,1.3507484197616577,0.20353420078754425,0.21663324534893036,0.3129581809043884,0.34244194626808167,0.2611466348171234,0.22391046583652496,0.2902836501598358,0.37496069073677063,0.3265237808227539,0.3133850395679474,0.32780352234840393,0.28479158878326416,19.2707587933572,13.878301606243964,15.896208397439729,14.51495070587972,15.063352407496751,15.52191254488496,48.45940151938398,0.08402944711538461,1
-489.343505859375,121.38419342041016,-3.4085500240325928,28.957056045532227,-2.6030709743499756,17.868196487426758,-3.542308807373047,12.331467628479004,-0.7511011958122253,6.010411739349365,5.47346305847168,-1.9418933391571045,-0.43412840366363525,0.568175196647644,0.4308087229728699,0.31460484862327576,0.2166530340909958,0.1405448466539383,0.12138119339942932,0.21272119879722595,0.3908134996891022,0.29585906863212585,0.2438059002161026,0.3124697804450989,0.4498691260814667,19.046365077674974,14.905016773648656,15.70215365043632,15.189647715792677,15.140003827469403,15.06671205408615,43.23819771235612,0.02421875,1
-399.21826171875,84.37313079833984,-31.149988174438477,28.352338790893555,-19.328121185302734,15.439353942871094,-19.299663543701172,0.4318467676639557,-11.007574081420898,-4.191390514373779,-2.4527041912078857,-5.891324043273926,0.7973433136940002,0.33256790041923523,0.25712937116622925,0.2572772204875946,0.2638010084629059,0.2672419250011444,0.26207754015922546,0.2655506730079651,0.3222893476486206,0.317960649728775,0.30723851919174194,0.3530215620994568,0.33787986636161804,19.739247903466595,14.386401219311322,16.098261303701932,14.986129549108002,16.265416219670882,15.834695080651468,49.953411165417485,0.08944936899038461,1
-438.7255859375,100.43592071533203,-18.910694122314453,29.658899307250977,-6.787175178527832,13.852850914001465,-9.506299018859863,2.213287830352783,-10.901606559753418,-4.175905227661133,-4.565811634063721,-4.7900004386901855,0.8163920640945435,0.18507899343967438,0.17591112852096558,0.1693258434534073,0.18121162056922913,0.2543502748012543,0.24594688415527344,0.260172963142395,0.24985486268997192,0.31095340847969055,0.36113405227661133,0.2717123031616211,0.236189603805542,21.209727903691544,17.058044520813453,18.490215058123134,16.491296632342095,17.715324903402156,17.629482129870553,49.71972915121956,0.03791316105769231,1
-390.71661376953125,102.10823059082031,-25.27301025390625,25.637758255004883,-25.823223114013672,13.938758850097656,-11.199009895324707,5.155540943145752,-3.6063528060913086,0.9446935057640076,4.1062188148498535,-0.11910811066627502,1.0925116539001465,0.36258262395858765,0.3301059305667877,0.20560739934444427,0.18994350731372833,0.2986621558666229,0.30163154006004333,0.29012542963027954,0.27826759219169617,0.2791386842727661,0.30989933013916016,0.30988842248916626,0.3250328302383423,18.70410549864902,13.913032821020515,16.314472315221025,15.628433882465105,16.193371284836374,16.72065491102352,49.30221733055424,0.07265625,1
-420.44183349609375,93.25636291503906,-19.338720321655273,23.34259605407715,-17.04557991027832,9.020337104797363,-18.39100456237793,4.1140642166137695,-4.573268890380859,-1.852898120880127,-1.8903932571411133,-4.836275577545166,2.4213027954101562,0.4022974669933319,0.36882227659225464,0.34849604964256287,0.32907623052597046,0.26455071568489075,0.22217802703380585,0.19911693036556244,0.18196359276771545,0.19656871259212494,0.24784299731254578,0.32480186223983765,0.44872355461120605,19.397634532526535,14.36608483521995,14.586692630540067,15.052247823439995,15.514132955278173,15.475369331750645,48.27115349785248,0.06228215144230769,1
-493.6660461425781,53.12423324584961,-11.878811836242676,25.937225341796875,-5.105197429656982,10.062896728515625,-15.940542221069336,-2.7426998615264893,-9.91284465789795,-1.7351399660110474,-4.619299411773682,-8.277823448181152,-0.218309223651886,0.22074827551841736,0.1922503411769867,0.16929404437541962,0.13150689005851746,0.16637051105499268,0.19585470855236053,0.23338870704174042,0.24945613741874695,0.21442162990570068,0.20638442039489746,0.22405748069286346,0.2496015727519989,18.632760848091802,14.729684353051908,17.191641565788164,14.726834004877428,16.517413897494702,15.668149928301766,40.83538969697037,0.05980694110576923,1
-448.8587341308594,80.5497817993164,-15.877090454101562,20.895347595214844,-13.424139976501465,4.998457908630371,-13.701743125915527,-2.0330238342285156,-7.511695861816406,-4.692652702331543,-2.8030271530151367,-1.9366041421890259,-0.5393279790878296,0.3508656322956085,0.3792418837547302,0.3490437865257263,0.2998143136501312,0.3076176941394806,0.3084624409675598,0.2747022211551666,0.3236779570579529,0.2492479830980301,0.21834327280521393,0.2251599282026291,0.2684095799922943,19.80717418560596,14.54465399564962,16.045825319919267,15.629329128860823,16.09683306770251,16.33232011205293,47.91459640551828,0.07030123197115384,1
-461.14990234375,79.13676452636719,-16.769845962524414,44.60187911987305,-13.531078338623047,17.38473892211914,-13.727959632873535,5.066285610198975,-1.8889824151992798,-0.30359238386154175,-4.345134258270264,-2.9946415424346924,-0.5833512544631958,0.15838932991027832,0.18453554809093475,0.24827930331230164,0.239403635263443,0.19226475059986115,0.24705860018730164,0.42213237285614014,0.2844927906990051,0.26380667090415955,0.38171544671058655,0.29694244265556335,0.19971172511577606,17.843861966682493,14.078372887780874,15.290461324793382,14.807428310024468,16.172074381539588,16.39020447731246,45.05181876818962,0.06204927884615385,1
-426.0990905761719,105.5140609741211,-12.646358489990234,27.405668258666992,-2.8710906505584717,13.81009578704834,-11.189556121826172,0.4180156886577606,-10.400396347045898,-6.317525386810303,-9.17568588256836,-5.777016639709473,0.8892278075218201,0.17339861392974854,0.17016008496284485,0.17335045337677002,0.20823974907398224,0.2863655090332031,0.22898922860622406,0.2564678490161896,0.3472050130367279,0.3993723690509796,0.38528379797935486,0.24753867089748383,0.1982477754354477,20.699105577800793,15.83261374524616,18.133325081714695,15.538508524141445,17.003213288654877,16.233287739746377,48.00209094336211,0.03929912860576923,1
-413.9342041015625,99.67354583740234,-12.460693359375,34.01616287231445,-5.529200077056885,8.735101699829102,-12.378448486328125,0.8471881151199341,-7.246517181396484,-4.979697227478027,-5.559834957122803,-3.8026461601257324,3.659886360168457,0.21131141483783722,0.25697892904281616,0.21395272016525269,0.26563966274261475,0.23930171132087708,0.18659497797489166,0.217624694108963,0.3201126754283905,0.39301079511642456,0.44233205914497375,0.28554198145866394,0.2095867395401001,20.438955691958235,15.325333594148267,17.08040134803301,15.353612560298517,16.557096705509448,17.124825311106033,47.86483585254668,0.033270733173076925,1
-365.5769958496094,94.80938720703125,-35.7581787109375,25.178091049194336,-23.34494972229004,14.345795631408691,-16.9749813079834,2.3142249584198,-9.74239444732666,-4.713690757751465,1.0851343870162964,-5.301895618438721,-2.9588634967803955,0.3014822006225586,0.2473476380109787,0.3625562787055969,0.3857787251472473,0.3157404065132141,0.2620593011379242,0.27805808186531067,0.27133655548095703,0.26726752519607544,0.30516913533210754,0.3384714424610138,0.3764963746070862,19.722981504963123,13.457809441589776,15.57764305686311,14.586529506281746,15.124751004339283,15.139643143492469,48.39247225021336,0.07504507211538461,1
-427.83660888671875,111.0462646484375,-4.952661991119385,31.291833877563477,5.960113048553467,15.618148803710938,-6.321071624755859,8.587717056274414,-3.6295480728149414,-0.961388111114502,0.4423963129520416,-3.39383864402771,1.0540469884872437,0.133713036775589,0.1749594658613205,0.32842448353767395,0.2583668828010559,0.16223464906215668,0.14662833511829376,0.24079351127147675,0.4970249533653259,0.3705132007598877,0.3041701018810272,0.30805590748786926,0.1985362470149994,17.88300549689243,15.945318554867603,17.46151107440504,15.369641026719288,16.854791545555532,15.793760386008055,45.49841008530905,0.04739708533653846,1
-409.823486328125,84.53150177001953,-20.39261245727539,23.593902587890625,-18.022676467895508,14.27129077911377,-14.714235305786133,1.4783742427825928,-11.681645393371582,-2.8934810161590576,-6.446052551269531,-6.673164367675781,-1.592391014099121,0.28750211000442505,0.2691596746444702,0.3268864154815674,0.31784701347351074,0.2209148108959198,0.281907320022583,0.3418518006801605,0.34704118967056274,0.30345848202705383,0.2844366431236267,0.2585214376449585,0.2608526051044464,18.937867277429568,14.047857994038921,15.621706618135534,14.579177468944968,15.919959883850316,15.436935926169808,49.59244716093358,0.08359375,1
-409.97320556640625,94.64434814453125,-20.580608367919922,34.319862365722656,-15.65975284576416,16.881675720214844,-17.07879066467285,2.6839985847473145,-12.272090911865234,-2.6212172508239746,-2.622460126876831,-4.438347816467285,-1.7278956174850464,0.21400657296180725,0.2395421415567398,0.3195650577545166,0.2769416868686676,0.2579922080039978,0.21382294595241547,0.1827954202890396,0.22850137948989868,0.38869336247444153,0.41450318694114685,0.3138360381126404,0.28218817710876465,19.639689816786262,13.636642569334313,16.271417236135488,14.663418771528512,15.667383076468822,15.973061134912587,49.68795937435435,0.06278170072115384,1
-375.1763000488281,99.79785919189453,-22.522974014282227,40.1553955078125,-15.164998054504395,17.295642852783203,-17.302627563476562,4.000957012176514,-7.882904529571533,-3.0518393516540527,-1.4717819690704346,-2.03426194190979,-1.4409353733062744,0.1559538096189499,0.14231140911579132,0.16677087545394897,0.15979118645191193,0.13387811183929443,0.1788359433412552,0.2070007473230362,0.24479247629642487,0.4988833963871002,0.3889756500720978,0.22253677248954773,0.16358134150505066,20.297855439870155,16.08861974296989,19.080802681562847,16.318438277041864,17.604816745338702,16.913934614953437,50.12467172914839,0.05155123197115385,1
-428.9165344238281,66.1859130859375,-23.398962020874023,27.264245986938477,-12.441943168640137,15.391050338745117,-16.17104148864746,1.6191755533218384,-12.813714981079102,-1.022460699081421,-2.6395092010498047,-3.138381242752075,0.618777334690094,0.29390183091163635,0.2984115779399872,0.3932163119316101,0.3802982270717621,0.35358521342277527,0.2670951783657074,0.23434843122959137,0.2013319730758667,0.22103628516197205,0.25993776321411133,0.24569076299667358,0.25376033782958984,20.57918231052217,15.201301239897518,16.916263560217924,15.994788185687488,17.26458181037758,16.234673987285014,52.07706516464956,0.11066331129807692,1
-409.3262634277344,107.52685546875,-23.500381469726562,23.993915557861328,-13.641454696655273,7.998073101043701,-16.89525032043457,-2.451045513153076,-12.463553428649902,-5.969933032989502,-5.204408645629883,-2.6758408546447754,0.42494189739227295,0.31179147958755493,0.19812247157096863,0.18573106825351715,0.25981250405311584,0.21945087611675262,0.16566385328769684,0.16953495144844055,0.17975209653377533,0.22674040496349335,0.34985318779945374,0.2755787968635559,0.3663940727710724,21.035453924570454,15.165398864650514,18.03836480091311,16.153151189375407,17.170846177584245,17.025603806275317,49.42649216475341,0.043994140625,1
-442.6170349121094,102.2833251953125,-17.264963150024414,42.50608825683594,-12.292411804199219,18.116535186767578,-13.487232208251953,12.220502853393555,-5.3456950187683105,-4.009898662567139,-4.085851192474365,-3.2751410007476807,2.1513211727142334,0.12893322110176086,0.16414405405521393,0.25648584961891174,0.18160377442836761,0.1293267011642456,0.19684389233589172,0.4019026756286621,0.2730042636394501,0.28590095043182373,0.4512808322906494,0.3521341383457184,0.22518837451934814,19.20923314311584,15.930672329088013,16.39913137683522,15.659299475343536,16.599557284522625,16.212990168724875,49.96009302249024,0.04089167668269231,1
-429.1194152832031,91.96311950683594,-21.584802627563477,36.967567443847656,-14.066023826599121,21.261571884155273,-16.52601432800293,6.714939117431641,-11.190646171569824,-2.66745662689209,-4.533949851989746,-3.6343536376953125,-0.11806312203407288,0.20172171294689178,0.23839376866817474,0.2646794021129608,0.22703726589679718,0.20827287435531616,0.19716043770313263,0.24580304324626923,0.31067022681236267,0.4352331757545471,0.44073227047920227,0.3521033525466919,0.26859357953071594,18.846983628942073,13.77968555241118,14.864109489084328,13.554171219631034,14.700436078822104,14.467834012291942,48.45718947986526,0.06630859375,1
-411.8381042480469,100.3461685180664,-18.65203857421875,29.04092788696289,-16.313426971435547,14.01046371459961,-18.033390045166016,2.811314105987549,-8.182685852050781,-4.247984409332275,-0.4169383645057678,-6.237234115600586,-1.82696533203125,0.32900381088256836,0.30994975566864014,0.3190734088420868,0.3616800904273987,0.2602960765361786,0.19743505120277405,0.1719742864370346,0.21348758041858673,0.2780143916606903,0.31884464621543884,0.29877278208732605,0.33076727390289307,19.68814347256697,14.398436858143455,16.249082212351716,15.498680887561912,15.634696685724176,15.403470452055101,47.81685453006074,0.050379356971153845,1
-473.366455078125,66.31095123291016,-10.1939115524292,19.3292293548584,-3.6922695636749268,11.13174819946289,-7.60640811920166,4.507878303527832,-3.3847689628601074,-1.658597469329834,-1.2247456312179565,-3.3915257453918457,1.062758445739746,0.5148937702178955,0.5208543539047241,0.4868835508823395,0.3854324519634247,0.30198386311531067,0.27726244926452637,0.2826656401157379,0.25927242636680603,0.24715831875801086,0.22339504957199097,0.2653093934059143,0.40557146072387695,22.03858652942849,17.677346982502776,17.40884722432909,16.83686003756342,17.986682934166158,17.44874744096865,53.51717706232857,0.07275390625,1
-480.3758544921875,66.77400207519531,-19.380081176757812,25.054655075073242,-12.06844425201416,10.689587593078613,-13.850576400756836,1.5560047626495361,-9.916559219360352,-1.6893506050109863,-1.7443697452545166,-2.104489326477051,0.010912088677287102,0.19906063377857208,0.16470973193645477,0.17306701838970184,0.2141065150499344,0.2154531180858612,0.21082930266857147,0.1991885006427765,0.19525088369846344,0.2547614872455597,0.29669803380966187,0.2563994526863098,0.21587267518043518,17.420463157857256,13.636675781033228,15.824750945970797,14.31482939961521,15.577980586563289,15.252048180548158,38.95428655980696,0.05205829326923077,1
-505.48797607421875,50.523258209228516,-14.786373138427734,20.417007446289062,-10.591584205627441,8.215063095092773,-12.031867980957031,0.4864589273929596,-7.904107093811035,-3.5153331756591797,-3.105456829071045,-3.8997859954833984,-1.1671804189682007,0.22081467509269714,0.16143392026424408,0.15659916400909424,0.1529230773448944,0.1561352163553238,0.14219357073307037,0.16136454045772552,0.18303343653678894,0.18212848901748657,0.1750728189945221,0.15958571434020996,0.20285412669181824,17.576468796636433,14.391857204486143,14.770934377891002,14.520543625884242,15.127118369967958,15.159417635904815,35.14903483711207,0.052415114182692304,1
-415.6071472167969,89.25199890136719,-21.354537963867188,25.831809997558594,-9.684487342834473,7.2233428955078125,-16.987565994262695,-3.4326682090759277,-5.276560306549072,-5.0153303146362305,-1.0757986307144165,-0.024218279868364334,1.3208988904953003,0.23037584125995636,0.2501369118690491,0.26165494322776794,0.2512343227863312,0.24410858750343323,0.20544584095478058,0.27501845359802246,0.32013431191444397,0.36038410663604736,0.3538239598274231,0.23956795036792755,0.1841198205947876,20.463119403132406,14.706335098395053,16.53218202133741,15.560454065540727,17.401556662214947,17.111787979581358,48.38340967924582,0.04763371394230769,1
-419.22314453125,86.10868835449219,-21.09390640258789,30.811050415039062,-10.820898056030273,19.492765426635742,-17.079261779785156,4.379079818725586,-9.8424072265625,-3.592278480529785,-4.747206687927246,-5.9282379150390625,1.9128599166870117,0.3694463074207306,0.38026854395866394,0.3204141855239868,0.29298412799835205,0.2581959664821625,0.27097052335739136,0.288540244102478,0.307171493768692,0.38144534826278687,0.3844159245491028,0.34351086616516113,0.334404319524765,19.163067641039724,13.718200116353591,15.771390486566837,14.797485695797969,16.099471917069135,15.506437352115952,49.90965133373465,0.06989558293269231,1
-409.3900451660156,91.17477416992188,-31.729034423828125,26.743637084960938,-24.76921844482422,17.460041046142578,-15.200740814208984,5.065361499786377,-5.3532915115356445,-0.48811885714530945,1.6334718465805054,-2.978013753890991,-3.1355679035186768,0.3057180643081665,0.28946056962013245,0.25291821360588074,0.28408342599868774,0.335592120885849,0.34530478715896606,0.3781359791755676,0.37481120228767395,0.3253110945224762,0.3461129367351532,0.31226837635040283,0.285468190908432,19.245868254421882,13.929726742093209,14.488731213008199,15.15937839002644,15.849617296598941,16.154912728363165,50.04814771888277,0.07823768028846154,1
-513.364013671875,49.730262756347656,-10.162019729614258,17.63071632385254,-8.253314971923828,3.444242477416992,-9.810447692871094,0.1303369700908661,-6.05142068862915,-2.8299753665924072,-1.6376866102218628,-1.9344167709350586,0.12482620775699615,0.19213852286338806,0.14729712903499603,0.1760580986738205,0.17223918437957764,0.14591021835803986,0.13879011571407318,0.15502510964870453,0.19266963005065918,0.21892961859703064,0.18439644575119019,0.1752253621816635,0.18851374089717865,17.288069118523698,14.285848680443397,15.544228071226867,14.484483511313398,15.218006530622537,15.451928590605974,32.82921580979935,0.03910381610576923,1
-420.26739501953125,97.85099029541016,-12.791417121887207,23.03934097290039,-10.45550537109375,4.205836296081543,-17.271835327148438,-5.220132350921631,-11.0100736618042,-7.872585773468018,-5.414589881896973,-6.6315531730651855,-2.8418707847595215,0.36538973450660706,0.37379950284957886,0.2628859877586365,0.20934821665287018,0.17440897226333618,0.13278037309646606,0.13406042754650116,0.20139022171497345,0.24167880415916443,0.19543978571891785,0.2283192276954651,0.2866601049900055,21.14447006671274,16.838724638164734,18.757219755851345,16.711948746905833,17.173107908565186,17.042725149198457,49.12469989474848,0.043081430288461536,1
-409.1416320800781,93.25911712646484,-29.148487091064453,34.53937911987305,-11.854783058166504,6.163532733917236,-20.38640022277832,-4.455185890197754,-9.537606239318848,-5.994109153747559,-2.867788076400757,-4.0630106925964355,-2.930523633956909,0.17892694473266602,0.17986910045146942,0.17935213446617126,0.20625784993171692,0.1669977754354477,0.14162270724773407,0.16368792951107025,0.20874962210655212,0.3603840470314026,0.4150730073451996,0.29245811700820923,0.20909522473812103,21.44888387773968,17.883040761264713,18.181885537980612,16.38176964461376,17.599239636030127,18.469283399627056,50.6340292978799,0.04873798076923077,1
-394.9925537109375,110.62602233886719,-19.19870948791504,21.839426040649414,-21.169517517089844,3.7336997985839844,-15.869029998779297,-0.2142578661441803,-9.379886627197266,-5.59935998916626,-3.3657357692718506,-3.323061227798462,1.7458670139312744,0.3599402904510498,0.3300511837005615,0.19168618321418762,0.16194570064544678,0.16000953316688538,0.12961779534816742,0.1322062611579895,0.17159681022167206,0.2117117941379547,0.23764801025390625,0.2501789927482605,0.2649047076702118,18.94622481253189,15.594671396273325,16.016774669481933,16.07662546377599,15.18246789376018,15.444421202962411,46.090194775888094,0.04741586538461538,1
-432.5606994628906,80.06241607666016,-35.928436279296875,38.30866241455078,-19.595508575439453,28.481618881225586,-17.128162384033203,6.1673479080200195,-15.372980117797852,4.538437843322754,-0.07060420513153076,-4.802619934082031,-0.05203435570001602,0.2621687352657318,0.30623817443847656,0.27776452898979187,0.2510156035423279,0.27095645666122437,0.3173249661922455,0.4073367714881897,0.4827793538570404,0.42924776673316956,0.3434516489505768,0.2982977032661438,0.26951971650123596,19.18974240168097,13.176958496962309,15.283423583234152,15.305654715389272,16.313219272308032,16.049062834958022,53.26718217000267,0.11096754807692308,1
-454.0782470703125,83.79358673095703,-16.092897415161133,27.50810432434082,-2.1968297958374023,10.013595581054688,-12.430302619934082,1.225705623626709,-6.467595100402832,-4.270241737365723,-4.942354679107666,-4.443832874298096,1.1356568336486816,0.3327197730541229,0.36648887395858765,0.3359532654285431,0.2920644283294678,0.25173553824424744,0.24543815851211548,0.24601633846759796,0.24802425503730774,0.2963029444217682,0.30666476488113403,0.28776249289512634,0.3229137361049652,20.325696116115264,15.761580067618315,17.22728043555621,15.469446862951276,16.93720895496961,16.278952357366503,48.458831933809975,0.06172626201923077,1
-448.5649108886719,124.93473815917969,-8.038054466247559,29.180749893188477,-1.2628272771835327,17.0837345123291,-1.9287140369415283,6.906269073486328,-2.264059543609619,2.5033793449401855,2.7622482776641846,-1.5358227491378784,-0.9107176065444946,0.09263525903224945,0.0999060794711113,0.17136599123477936,0.16149592399597168,0.1232336014509201,0.1179172545671463,0.2309499830007553,0.657188892364502,0.37089812755584717,0.1393481194972992,0.1992163062095642,0.151437908411026,17.28303767065729,17.08379016801016,16.325110850138515,14.354292938515437,15.095553370445266,15.81612237355489,43.01642663581227,0.02281024639423077,1
-424.64434814453125,88.48186492919922,-27.947284698486328,40.31852722167969,-7.1278977394104,19.466398239135742,-14.430890083312988,2.0457816123962402,-11.867342948913574,-0.12803250551223755,-6.767449378967285,-6.465102195739746,-0.9986516833305359,0.27793586254119873,0.2928529977798462,0.25637608766555786,0.2671933174133301,0.243606835603714,0.2757246196269989,0.3126550018787384,0.3488217294216156,0.40854543447494507,0.36674070358276367,0.271814227104187,0.26426568627357483,18.54698777293828,12.743835338796057,15.746871723535762,14.011552875383424,15.17091369183633,15.73629891839483,48.330468968000226,0.05999474158653846,1
-451.19818115234375,70.7847900390625,-33.641178131103516,38.665313720703125,-24.24368667602539,19.296558380126953,-19.854007720947266,6.116333484649658,-12.3795804977417,-3.4525794982910156,-5.074002742767334,-5.351831912994385,1.1626371145248413,0.2396799623966217,0.21394404768943787,0.25688377022743225,0.2688537538051605,0.24218234419822693,0.1986932009458542,0.2573164701461792,0.2944674491882324,0.259749174118042,0.2820987403392792,0.3112804889678955,0.28937414288520813,18.474577667431333,13.707931233257922,15.491373731639221,13.981308948372218,14.976091434153329,15.387285065370634,48.53028462916449,0.09178936298076923,1
-390.4866027832031,98.20108032226562,-34.099979400634766,37.10857009887695,-24.13693618774414,12.445760726928711,-20.18004608154297,5.342860221862793,-9.57594108581543,-1.1192574501037598,2.671504020690918,-5.228305339813232,-1.2878739833831787,0.2037525475025177,0.16527995467185974,0.2003505825996399,0.24301981925964355,0.2528902292251587,0.30096128582954407,0.3051760494709015,0.312143474817276,0.3165228068828583,0.3136328458786011,0.30251920223236084,0.27455398440361023,19.00211538306713,13.74501220770075,14.517815426868282,13.940833767826364,15.455126488796838,15.628063748634426,48.74644978359902,0.0672137920673077,1
-419.4781799316406,84.85874938964844,-19.599578857421875,32.71554946899414,-11.92110538482666,14.637174606323242,-17.690763473510742,1.0892099142074585,-9.94136905670166,-2.2711124420166016,-5.337021827697754,-6.396913528442383,-0.7107502818107605,0.24727360904216766,0.2600916028022766,0.30990055203437805,0.34194836020469666,0.3253694176673889,0.2819259762763977,0.357599139213562,0.4020109176635742,0.3870944678783417,0.38065165281295776,0.32490959763526917,0.2930428087711334,18.223649114287674,12.672454575091994,14.617134218221723,13.245602636209712,15.016703221737282,14.744867494828046,47.49460201839376,0.07149939903846154,1
-370.8071594238281,99.14482116699219,-20.87847900390625,21.35300064086914,-19.447795867919922,12.977776527404785,-9.100699424743652,3.100430965423584,-5.713497161865234,-2.870351791381836,1.4954112768173218,0.335663765668869,0.02950163558125496,0.3402114510536194,0.3659604787826538,0.3097347319126129,0.2376149445772171,0.2377868890762329,0.2662425637245178,0.2562220096588135,0.26030847430229187,0.3109109699726105,0.3775638937950134,0.3452427089214325,0.34598827362060547,19.708601304266722,14.332253126534056,16.460186748037394,15.937772242253477,16.170993648392194,16.690367531604792,48.6703096917973,0.0668682391826923,1
-474.8849182128906,75.32079315185547,-22.51839256286621,13.124560356140137,-6.996790409088135,-2.3299341201782227,-18.777423858642578,-8.952179908752441,-18.176977157592773,-6.580242156982422,-6.804721832275391,-6.701065540313721,-4.653548240661621,0.08166099339723587,0.10287695378065109,0.2064778208732605,0.28218740224838257,0.16750559210777283,0.12076883763074875,0.11030036211013794,0.10110721737146378,0.17121611535549164,0.23453684151172638,0.2902540862560272,0.19171233475208282,17.11370794488344,19.326482591538877,19.15993531239377,17.43214613545327,18.687919263692283,18.09903867402177,48.76131536296035,0.06066706730769231,1
-514.4068603515625,53.60226058959961,-17.09505844116211,23.322832107543945,-0.2518434524536133,-3.692512273788452,-15.018072128295898,-8.00556468963623,-14.022740364074707,-9.100499153137207,-6.792165756225586,-4.550200462341309,-4.5141096115112305,0.38151824474334717,0.30647966265678406,0.35639962553977966,0.30687931180000305,0.16089344024658203,0.10571374744176865,0.1112590879201889,0.12950170040130615,0.1564391702413559,0.19145403802394867,0.20766599476337433,0.2677863836288452,15.334529851308432,19.549744264182543,20.37635524634722,17.821130004841685,19.276346433986692,19.137720745391324,51.87730836223567,0.07284029447115385,1
-522.1472778320312,78.04266357421875,-13.032898902893066,24.938142776489258,-2.586247444152832,3.8471341133117676,-22.829299926757812,-2.696765184402466,-20.325733184814453,-8.410603523254395,-7.874434947967529,-5.876120090484619,-5.7760467529296875,0.13987384736537933,0.09654710441827774,0.08953972160816193,0.18539226055145264,0.21230430901050568,0.1520318239927292,0.13792824745178223,0.21303370594978333,0.29367509484291077,0.37933608889579773,0.311787873506546,0.22621843218803406,18.79441618179068,19.164758522180133,19.290708011528807,16.48341601536575,17.682270935992626,17.051465923437053,50.5620585526962,0.05821063701923077,1
-499.6586608886719,65.59130096435547,-19.598920822143555,29.376529693603516,-5.078944683074951,2.053046464920044,-17.864742279052734,-5.079529762268066,-21.167150497436523,-9.070359230041504,-8.608359336853027,-1.120097279548645,-3.729597568511963,0.12184854596853256,0.10025203973054886,0.09384925663471222,0.11143234372138977,0.08191584050655365,0.07038751989603043,0.06026170775294304,0.13217325508594513,0.2790367901325226,0.49946504831314087,0.385051965713501,0.20753566920757294,19.06234196240338,21.71961586028975,21.05664367474795,18.370616686581716,18.512545649837215,19.326887394545906,51.90705993321352,0.05328650841346154,1
-571.4678955078125,70.3454360961914,-11.686525344848633,20.740503311157227,-7.8534770011901855,4.511966228485107,-9.845648765563965,-4.793015480041504,-18.763731002807617,-8.783293724060059,-5.236105918884277,-3.6694304943084717,-4.232546806335449,0.30167582631111145,0.21429288387298584,0.20592379570007324,0.2698514759540558,0.20940081775188446,0.1148255318403244,0.10532409697771072,0.14246273040771484,0.22877946496009827,0.25122958421707153,0.20036935806274414,0.18101060390472412,18.030420899617422,19.19139535198567,19.090110548337623,18.17141046133597,18.037438901618646,18.019238135460828,48.74948573844845,0.04903846153846154,1
-588.0403442382812,91.04408264160156,-20.906190872192383,18.22634506225586,-21.389925003051758,11.859319686889648,-12.728562355041504,0.882373034954071,-23.059694290161133,-1.9075372219085693,1.7378195524215698,-4.9247331619262695,-2.0283899307250977,0.13572631776332855,0.09693178534507751,0.11143174767494202,0.2324197143316269,0.508847177028656,0.5191999673843384,0.238650843501091,0.13505719602108002,0.09896085411310196,0.07460702955722809,0.0640619695186615,0.09751728922128677,22.33239971562592,18.49907567778489,18.75275836281467,17.393653387158267,17.169753815188905,17.338954696694937,50.66302194223396,0.05807166466346154,1
-520.6554565429688,71.3012466430664,-23.352399826049805,32.78510665893555,-7.3782477378845215,6.000037670135498,-19.069364547729492,-5.56494665145874,-19.67920684814453,-3.319226026535034,-3.38344669342041,-4.7476487159729,-2.863676071166992,0.08922413736581802,0.12230320274829865,0.20841720700263977,0.2393246293067932,0.1920497715473175,0.24411465227603912,0.28172749280929565,0.3641343116760254,0.33126845955848694,0.34022215008735657,0.26466214656829834,0.1293947398662567,21.803946983140673,18.58932324292538,18.81609803775431,17.03737414221135,18.12352905303078,18.371471635464612,52.5062165007583,0.0754657451923077,1
-475.2344970703125,89.79006958007812,-36.660621643066406,19.05060386657715,-16.12661361694336,1.7947744131088257,-20.182144165039062,-10.579548835754395,-23.167150497436523,-1.677675485610962,-6.769341468811035,-5.865728378295898,-5.870131492614746,0.14750239253044128,0.1305166780948639,0.22134418785572052,0.18749719858169556,0.1281801015138626,0.14686092734336853,0.21014700829982758,0.24367056787014008,0.2607528865337372,0.26214125752449036,0.29060906171798706,0.28439101576805115,18.112765618229766,17.59872636239768,18.330332240216602,17.032844615904708,17.634414412846034,18.583394199267687,49.78698341209126,0.06361929086538462,1
-500.16131591796875,82.27423095703125,-18.233858108520508,20.60626792907715,-4.142378807067871,1.4414831399917603,-13.432711601257324,-3.854335069656372,-17.74055290222168,-9.243125915527344,-8.232044219970703,-5.426740646362305,-5.209837913513184,0.12983861565589905,0.10636433213949203,0.11331287771463394,0.17478293180465698,0.24352523684501648,0.31196334958076477,0.2516949474811554,0.20520362257957458,0.19361813366413116,0.28568634390830994,0.25253531336784363,0.16909338533878326,21.90645604015625,18.54057753348834,18.630063816868137,17.49720809048171,18.201657396095612,18.763334422290864,51.77623150467684,0.05702749399038461,1
-585.1419677734375,90.97652435302734,-25.419475555419922,27.431842803955078,-7.661355018615723,1.730976939201355,-15.570412635803223,-0.8614998459815979,-18.92481231689453,-6.280954837799072,-5.0029754638671875,-4.214025020599365,-2.424360752105713,0.1599738895893097,0.1939420998096466,0.31849318742752075,0.46531248092651367,0.40039509534835815,0.3393601179122925,0.20138272643089294,0.15803515911102295,0.14342562854290009,0.11533409357070923,0.10263239592313766,0.13282205164432526,19.82242092709129,15.396559269151382,16.510515484377535,15.204634415351238,16.03171431111207,16.88568836755336,47.800526485858946,0.048336087740384615,1
-485.5641174316406,81.93849182128906,-32.015010833740234,17.428428649902344,-11.799064636230469,-0.12564802169799805,-17.27354621887207,-8.49361515045166,-20.618465423583984,-5.212708473205566,-3.8716633319854736,-4.664343357086182,-7.07220983505249,0.14836572110652924,0.13132458925247192,0.14472274482250214,0.11637760698795319,0.10901188105344772,0.13276271522045135,0.19912771880626678,0.24756114184856415,0.25384119153022766,0.2511174976825714,0.26531609892845154,0.27725282311439514,18.414634539945997,21.53262107839581,20.546962852520092,19.108424099819853,18.831178208048584,18.872086541432964,50.02581912220664,0.05523212139423077,1
-539.9794311523438,93.98375701904297,-22.237768173217773,25.331567764282227,-12.517909049987793,4.714481830596924,-14.816394805908203,-6.9781951904296875,-19.651378631591797,-5.862452507019043,-4.215516567230225,-2.627592086791992,-3.197334051132202,0.19668588042259216,0.13841655850410461,0.21438567340373993,0.3642544448375702,0.42410749197006226,0.3734254837036133,0.17776520550251007,0.17214369773864746,0.18536610901355743,0.16278789937496185,0.15253762900829315,0.19723163545131683,21.950620428925557,17.23849232420759,18.175318392521028,17.225915927313633,17.17826256096151,17.885472991950078,49.96841975323667,0.04478665865384615,1
-529.1513061523438,78.19061279296875,-22.13120460510254,41.011810302734375,-8.82056999206543,4.135509490966797,-16.208864212036133,-7.143800735473633,-19.65215301513672,-8.990484237670898,-9.328103065490723,-4.4587860107421875,-3.3821802139282227,0.07451179623603821,0.08208656311035156,0.17178985476493835,0.23974204063415527,0.17992864549160004,0.1183936670422554,0.1250833123922348,0.26426035165786743,0.36069536209106445,0.3735309839248657,0.2578554153442383,0.1265685111284256,21.58330053282227,19.479727360692443,19.25433881166251,16.68832317213373,17.528367279538873,18.497323730869415,50.750633938464745,0.04796799879807692,1
-530.749267578125,75.13787841796875,-17.764026641845703,18.23769187927246,-23.763566970825195,8.126404762268066,-18.823299407958984,-3.5613791942596436,-26.271286010742188,-4.417665481567383,-3.450784206390381,-4.161164283752441,-3.915295124053955,0.3043884038925171,0.3167365789413452,0.33315321803092957,0.28450602293014526,0.15385429561138153,0.09789509326219559,0.1069369837641716,0.10785113275051117,0.10692739486694336,0.14698860049247742,0.23580828309059143,0.31361836194992065,14.053994782918828,20.225890210728743,19.688482927854942,17.83226751936429,17.47607892259427,17.879311245947616,51.60829977050117,0.06769831730769231,1
-470.1140441894531,69.6384048461914,-21.976558685302734,24.352596282958984,-16.119853973388672,11.65384292602539,-22.49066925048828,-2.1910600662231445,-22.653472900390625,-8.54241943359375,-11.316080093383789,-4.223106861114502,-2.9830710887908936,0.11713583022356033,0.15162979066371918,0.22876134514808655,0.22365589439868927,0.1194230243563652,0.08654017746448517,0.15908877551555634,0.2386547327041626,0.3381875455379486,0.361512690782547,0.2609412670135498,0.15924173593521118,18.667365545861916,18.983135252032465,18.54791912802921,16.624769089705207,16.924240017322838,17.803922069730437,52.616397950579184,0.07377178485576923,1
-545.2525024414062,74.377685546875,-17.5538272857666,35.20207977294922,-16.160293579101562,13.22741985321045,-20.030780792236328,0.5164262056350708,-25.934078216552734,-3.474712610244751,-7.372686862945557,-3.7658333778381348,-1.5960679054260254,0.13002608716487885,0.10550422966480255,0.16620612144470215,0.2779264450073242,0.38547155261039734,0.28065627813339233,0.22250600159168243,0.2578471004962921,0.2629323899745941,0.2584288418292999,0.247506245970726,0.1901620328426361,19.461293811812357,14.563580534356452,16.569951619478015,14.696297432151733,15.501130713447047,16.027908366814994,49.80846578736543,0.10314378004807692,1
-534.67919921875,71.423828125,-26.499244689941406,26.96649932861328,-11.223407745361328,7.314957618713379,-19.491147994995117,-2.443389654159546,-19.285818099975586,-3.007481575012207,-7.110998630523682,-2.185399055480957,1.1933528184890747,0.13917745649814606,0.12485825270414352,0.20644713938236237,0.23465852439403534,0.17590096592903137,0.24949510395526886,0.26367026567459106,0.3457184135913849,0.3370571434497833,0.29032641649246216,0.23703163862228394,0.17067815363407135,19.87669768543884,18.514638587974982,20.128738596350086,17.94740849278261,17.83994772237587,18.71761920075367,52.147474774836994,0.09027569110576923,1
-509.94219970703125,80.8653564453125,-24.314950942993164,25.557132720947266,-18.49920082092285,0.6679022908210754,-15.985738754272461,-5.095022201538086,-21.49167823791504,-3.66117787361145,-6.412448406219482,-1.5988025665283203,-2.119837760925293,0.09453868865966797,0.15248246490955353,0.24028253555297852,0.2266549915075302,0.21125051379203796,0.22197361290454865,0.29668912291526794,0.294502854347229,0.2959199845790863,0.32377907633781433,0.24110457301139832,0.13909195363521576,20.404957007702237,19.01823065271291,18.83913777861211,18.03160957826378,17.555275447232948,18.83269687419651,51.022957384974184,0.06632737379807692,1
-538.1658935546875,75.1301040649414,-21.568981170654297,14.954488754272461,-13.739768028259277,9.899861335754395,-6.972160816192627,-2.850954055786133,-18.72096824645996,-2.707423210144043,-4.015152454376221,-4.5082831382751465,-5.610646724700928,0.14514416456222534,0.08589792251586914,0.09752777218818665,0.14938344061374664,0.13620106875896454,0.13559363782405853,0.15714707970619202,0.14481420814990997,0.20797300338745117,0.4215843677520752,0.4648011028766632,0.36095109581947327,17.829254554961075,21.60268223318312,19.235568582655876,17.691827118345987,18.163758408875402,18.08052510084114,51.07866598717477,0.05570162259615385,1
-496.2164306640625,59.530479431152344,-15.50565242767334,33.65494918823242,1.1030118465423584,-4.54787015914917,-16.429725646972656,-9.449822425842285,-20.431381225585938,-8.609444618225098,-8.761087417602539,-4.180595397949219,-6.474956512451172,0.10069187730550766,0.09670836478471756,0.2563478648662567,0.31646043062210083,0.10785982757806778,0.04963279888033867,0.04372844099998474,0.0746113583445549,0.16922038793563843,0.2778339087963104,0.2541442811489105,0.16861452162265778,15.472149096933277,22.098380691647368,22.911331719686522,17.68885037972318,19.28503481564052,18.61483880133094,48.858121769955694,0.045458984375,1
-591.4060668945312,71.98320007324219,-19.810462951660156,16.222667694091797,-4.723898410797119,6.73295259475708,-12.419856071472168,-3.6957435607910156,-16.78780746459961,-0.8531383275985718,-3.8483824729919434,-4.344560146331787,-3.268712282180786,0.11319535970687866,0.13016894459724426,0.2670920491218567,0.4043039083480835,0.32018283009529114,0.20067790150642395,0.17486414313316345,0.19987209141254425,0.17769205570220947,0.16831274330615997,0.15857870876789093,0.10658632218837738,19.71588468667823,17.409111989465803,17.001821690322092,16.28885400220151,17.578266331724954,17.799128561800334,45.36433242526726,0.048245943509615384,1
-496.1091613769531,61.850406646728516,-12.755852699279785,24.21613883972168,-1.7843552827835083,2.1277620792388916,-12.17279052734375,-7.7158074378967285,-19.064926147460938,-13.38023567199707,-8.175244331359863,-4.877708435058594,-5.274072170257568,0.18578539788722992,0.20429961383342743,0.23697006702423096,0.2722266614437103,0.2169092893600464,0.1618724912405014,0.21017754077911377,0.33325526118278503,0.2769583463668823,0.2775838077068329,0.2637861669063568,0.22019287943840027,19.6207653373935,19.684435934691802,19.91211564369956,18.498573463714738,18.610789426978982,19.304521205668916,52.053748289621254,0.0626690204326923,1
-510.4436950683594,78.67887878417969,-23.50307846069336,18.14916229248047,-6.385565280914307,0.8786154985427856,-17.46169662475586,-7.6445770263671875,-19.70274543762207,-9.205963134765625,-5.628910541534424,-1.753920078277588,-2.419651746749878,0.18909339606761932,0.23249992728233337,0.23306936025619507,0.20826731622219086,0.13903602957725525,0.15018758177757263,0.0922182947397232,0.11776242405176163,0.27985680103302,0.35835039615631104,0.26612845063209534,0.22822104394435883,15.335916422274687,19.970374226307168,19.47262979743067,17.619058398632113,17.886735654780107,18.223912061986876,48.53355910708423,0.05733924278846154,1
-542.9234619140625,62.1295166015625,-19.369897842407227,14.797922134399414,-9.5746488571167,1.0225263833999634,-9.001091003417969,-2.9446754455566406,-19.240371704101562,-8.402509689331055,-6.897243022918701,-3.5092647075653076,-1.9836711883544922,0.13981804251670837,0.20497852563858032,0.23429884016513824,0.23785637319087982,0.1372651904821396,0.09357382357120514,0.07696622610092163,0.12961705029010773,0.16295389831066132,0.18578898906707764,0.25438255071640015,0.21862581372261047,17.313472415171482,19.862745537151934,19.73909612783099,18.33261587836787,17.886679456775713,18.474613778697734,45.83219273196525,0.04702899639423077,1
-607.3372802734375,41.813262939453125,-10.886495590209961,19.7777042388916,0.7804111838340759,1.8826899528503418,-9.795537948608398,-4.7234907150268555,-12.151105880737305,-5.732382297515869,-5.665486812591553,-2.27782940864563,-2.550112724304199,0.0906652957201004,0.05116889998316765,0.1048591360449791,0.08930178731679916,0.043083786964416504,0.05706688389182091,0.09217146039009094,0.19129613041877747,0.20988646149635315,0.2311621606349945,0.20001164078712463,0.1473277509212494,19.75440969787593,19.45748984188948,19.939279177421227,18.10774868139244,18.305159867696943,18.609369611709646,36.86457853301654,0.02393329326923077,1
-520.5921630859375,75.09326934814453,-19.987823486328125,20.557546615600586,-8.702634811401367,8.99081802368164,-13.773931503295898,-3.0851471424102783,-21.757606506347656,-6.844228744506836,-7.183251857757568,-5.2480058670043945,-2.752096176147461,0.1801433116197586,0.12080198526382446,0.15183019638061523,0.22205154597759247,0.17275315523147583,0.16555723547935486,0.1909005045890808,0.19384638965129852,0.2620996832847595,0.4332979917526245,0.41310039162635803,0.335309773683548,19.6152523419679,20.541565235670518,19.69378668700954,18.223191573777587,18.872628843303414,18.738112845031036,52.502017754683706,0.061373197115384616,1
-503.04974365234375,71.06465148925781,-22.376890182495117,21.522476196289062,-4.3780670166015625,2.331705093383789,-14.492657661437988,-8.005243301391602,-20.605377197265625,-4.9999237060546875,-9.549359321594238,-7.4946722984313965,-4.801648139953613,0.16820746660232544,0.13653936982154846,0.12462370842695236,0.12527626752853394,0.06039704009890556,0.04901885241270065,0.09297176450490952,0.20860861241817474,0.39779049158096313,0.36891981959342957,0.25606054067611694,0.21182210743427277,17.299092613563662,20.701148349574726,22.204830126930112,18.67418819792322,19.377580262581628,19.329274972640373,50.876348055864014,0.05022160456730769,1
-503.08135986328125,69.36671447753906,-12.057439804077148,24.42900848388672,-2.7278120517730713,-4.38045597076416,-13.630010604858398,-6.972137451171875,-15.799996376037598,-7.917856216430664,-7.212033748626709,-5.606014251708984,-4.894674301147461,0.17772667109966278,0.12394797801971436,0.17727665603160858,0.3081814646720886,0.20288464426994324,0.1445455551147461,0.14732195436954498,0.18477652966976166,0.22763396799564362,0.34890827536582947,0.33393698930740356,0.2862580120563507,17.44344589854706,19.380916940965704,18.300813651912225,15.925065470730411,17.63327337292505,17.728341736440225,49.24213587555606,0.04154522235576923,1
-536.779296875,53.0672492980957,-6.3257341384887695,12.010045051574707,-2.1431655883789062,-5.369566917419434,-10.576154708862305,-5.740503787994385,-14.93654727935791,-7.0445170402526855,-6.647579193115234,-3.219057083129883,-1.0504018068313599,0.18159981071949005,0.19828522205352783,0.2094726711511612,0.32389500737190247,0.34448790550231934,0.2116352766752243,0.13361196219921112,0.14396078884601593,0.14996132254600525,0.22640343010425568,0.21421809494495392,0.17384786903858185,17.280546176051782,16.78768754414401,18.22599441516524,16.98920189873388,16.78538668613136,17.538537408159,42.63943936683297,0.06920447716346154,1
-496.13519287109375,77.1042251586914,-24.993738174438477,28.084386825561523,-11.822199821472168,1.1763228178024292,-22.469280242919922,-4.9636006355285645,-19.355030059814453,-2.1837244033813477,-7.5861358642578125,-6.63057279586792,-3.1738815307617188,0.13642649352550507,0.06594886630773544,0.14832425117492676,0.23369507491588593,0.19728507101535797,0.11259276419878006,0.1474900245666504,0.2748223841190338,0.28605329990386963,0.30396223068237305,0.2550014853477478,0.2010144144296646,20.65685541910485,19.96496774838019,19.298246983776647,18.146400890496594,18.557839138363153,18.95721267830129,51.679098095343605,0.056591796875,1
-502.1147155761719,70.86619567871094,-22.30866241455078,25.550687789916992,0.4459667503833771,0.6961345076560974,-16.25995635986328,-10.155733108520508,-21.174680709838867,-5.276897430419922,-11.233377456665039,-7.510356903076172,-8.01535415649414,0.1520441174507141,0.1261363923549652,0.12360745668411255,0.12973521649837494,0.17150312662124634,0.13751143217086792,0.06913373619318008,0.08265287429094315,0.20248530805110931,0.36209508776664734,0.3852342367172241,0.29243287444114685,17.74041217325296,20.858167513715856,21.08114135625013,18.708061730703502,18.644074534499556,19.191475153745245,50.06135067971356,0.046153846153846156,1
-510.734375,71.7397689819336,-14.81430435180664,27.999069213867188,-5.8942694664001465,6.069572925567627,-16.197349548339844,-6.47382116317749,-17.559181213378906,-6.9637603759765625,-6.943922996520996,-6.199178218841553,-4.033382415771484,0.15671689808368683,0.10877957195043564,0.11069754511117935,0.18892434239387512,0.3281773626804352,0.40645650029182434,0.26007696986198425,0.22678199410438538,0.2531917989253998,0.26788750290870667,0.21051263809204102,0.18848779797554016,22.364667424257558,18.026751533322734,17.984905837916937,16.9999085917463,17.133797876505767,17.956047217210745,51.260353244550465,0.05681340144230769,1
-562.9232788085938,66.97631072998047,-15.447968482971191,16.683176040649414,-1.2445393800735474,4.604598045349121,-11.340059280395508,-1.5385726690292358,-15.3983793258667,-6.789571762084961,-3.2809348106384277,-2.3122177124023438,-2.9289565086364746,0.2692848742008209,0.2826453745365143,0.3091299831867218,0.31784579157829285,0.2633610963821411,0.19559398293495178,0.15917976200580597,0.16521185636520386,0.20214715600013733,0.34029215574264526,0.33033329248428345,0.2759111225605011,18.0235525862914,20.07189607954895,19.949054665244358,18.492423066137395,18.148315318009622,18.221909421718717,51.70584346593831,0.06519681490384616,1
-586.4501342773438,54.4637565612793,-7.695167064666748,16.308778762817383,-5.6089019775390625,1.4297274351119995,-6.506973743438721,-0.5195102691650391,-14.38179874420166,-8.406978607177734,-4.629754066467285,-1.4019877910614014,-1.7913544178009033,0.1642027199268341,0.14865870773792267,0.20027463138103485,0.1913449615240097,0.18005284667015076,0.13867299258708954,0.09548424929380417,0.10086782276630402,0.16761602461338043,0.30276358127593994,0.28144654631614685,0.2566987872123718,21.24224705875514,20.609879025968922,20.67869904697379,19.76280034788785,19.84496528805013,20.08060245363973,44.18258756906449,0.03537034254807692,1
-561.4328002929688,65.5286636352539,-7.965022087097168,4.980960369110107,-6.519118309020996,2.2263641357421875,-3.8213443756103516,-6.685171127319336,-15.394692420959473,-5.854442596435547,-5.495105266571045,-6.052801132202148,-7.214379787445068,0.3085910677909851,0.24081505835056305,0.18781393766403198,0.21641720831394196,0.2235836535692215,0.18806155025959015,0.1869206428527832,0.1530170738697052,0.11345405876636505,0.17793969810009003,0.24913248419761658,0.2657879590988159,17.640401355993298,19.22009612701127,19.5241021642716,18.404538124761174,18.42160922912164,18.252697243788063,44.64947774069411,0.03531775841346154,1
-476.3846130371094,78.98787689208984,-28.469308853149414,18.56316375732422,-9.909396171569824,-1.275122880935669,-18.517133712768555,-10.56786060333252,-20.432701110839844,-6.889241695404053,-5.940662384033203,-3.641324520111084,-6.854833126068115,0.18308845162391663,0.2326650172472,0.256043404340744,0.21195606887340546,0.1691146343946457,0.20750567317008972,0.1975109726190567,0.1563478708267212,0.23068271577358246,0.3073243498802185,0.3324774503707886,0.2879173159599304,17.551709861459678,19.513703134865676,19.01546111744423,17.662949950913827,18.47281715731545,18.734040050894293,49.2161268433166,0.04985727163461538,1
-509.8684997558594,90.19612884521484,-32.13152313232422,22.577547073364258,-13.536712646484375,1.8765870332717896,-21.938390731811523,-6.614528656005859,-19.731611251831055,-5.648317337036133,-5.292800426483154,-5.540926933288574,-4.46366024017334,0.23742125928401947,0.17019496858119965,0.12472891062498093,0.20046250522136688,0.3057830333709717,0.23872819542884827,0.2215418666601181,0.1763928085565567,0.19169431924819946,0.2769084870815277,0.29260382056236267,0.267509788274765,17.5245758155694,17.558340242690182,17.42729746558463,16.01326349715915,17.41632363720841,17.893159383466564,49.24300686687342,0.05392878605769231,1
-490.11798095703125,77.1094970703125,-32.53855895996094,13.230939865112305,-13.170345306396484,5.470277786254883,-15.280570030212402,-6.764138221740723,-17.49787139892578,-3.9495224952697754,-7.443403244018555,-9.972601890563965,-7.1803059577941895,0.24953648447990417,0.29058587551116943,0.2259799987077713,0.20785975456237793,0.16341492533683777,0.12138471752405167,0.14148250222206116,0.22867535054683685,0.2658776640892029,0.2844451665878296,0.24163083732128143,0.2171580195426941,17.156925731661083,19.691089742148115,18.321551907921805,16.880060067681864,18.197344990703787,17.760054023583272,50.300641443992376,0.05184795673076923,1
-467.4130554199219,62.581050872802734,-34.67500305175781,33.364078521728516,-8.6622896194458,0.09274914115667343,-19.00264549255371,-8.37947940826416,-19.442169189453125,-5.181601047515869,-13.857091903686523,-4.824637413024902,-4.060201168060303,0.11185606569051743,0.11700891703367233,0.13797292113304138,0.12121213227510452,0.07876688987016678,0.06999338418245316,0.13118234276771545,0.23985186219215393,0.34638312458992004,0.3843376934528351,0.3134925365447998,0.1504998654127121,19.41785824498236,24.000619286320447,23.623945145098723,19.42883638986557,20.72563387395808,21.42069131792987,52.975339924862354,0.05214468149038461,1
-506.601806640625,79.10646057128906,-27.572301864624023,28.643495559692383,-15.05542278289795,3.8494741916656494,-19.10832405090332,-4.340487003326416,-23.244441986083984,-4.454221725463867,-4.968682289123535,-3.570404529571533,-4.223039627075195,0.16284281015396118,0.1596544235944748,0.12362543493509293,0.1634017378091812,0.2391418218612671,0.17885121703147888,0.13874134421348572,0.13723914325237274,0.21775661408901215,0.25122949481010437,0.22313842177391052,0.21343277394771576,19.120582078983663,18.677452025685167,18.873473608822845,17.416502989795656,17.42609599397316,17.49049486069994,49.91030994032496,0.0548828125,1
-512.38330078125,72.3315200805664,-18.10850715637207,28.90882682800293,-5.118439197540283,2.7539596557617188,-14.30296802520752,-9.217963218688965,-22.34598731994629,-11.370356559753418,-9.246984481811523,-2.8731307983398438,-4.88370943069458,0.18430101871490479,0.15695181488990784,0.12113529443740845,0.14152590930461884,0.1565449982881546,0.10888557881116867,0.11131036281585693,0.19767923653125763,0.2919696271419525,0.45757776498794556,0.36475300788879395,0.22934980690479279,17.875901777556912,19.704133462755163,19.426510351446932,16.552101633100577,17.686570215377476,18.102679116693338,49.729887028167845,0.05087139423076923,1
-497.3510437011719,62.41568374633789,-27.491811752319336,26.28708267211914,-11.065163612365723,0.10195230692625046,-21.629650115966797,-9.248827934265137,-19.031959533691406,-4.744373798370361,-6.858799457550049,-3.09908127784729,-4.435561180114746,0.17927999794483185,0.26279133558273315,0.45619621872901917,0.31881311535835266,0.2229948788881302,0.18315424025058746,0.1295814961194992,0.10968881845474243,0.10333546251058578,0.10597400367259979,0.11953862756490707,0.1455874890089035,13.752725646656021,18.604828624730327,19.949551600945913,17.120990886556708,17.984201673450507,18.44261658887812,49.819385330408984,0.0818359375,1
-472.0574035644531,77.89628601074219,-35.33613204956055,25.52571678161621,-4.568320274353027,-11.18204116821289,-21.226215362548828,-13.29106330871582,-15.42705249786377,-7.306065082550049,-8.68239688873291,0.8388515114784241,-4.039220809936523,0.17107822000980377,0.12139125168323517,0.21918590366840363,0.1843714565038681,0.16516873240470886,0.2068915069103241,0.13772504031658173,0.15527352690696716,0.1849677413702011,0.2939186096191406,0.2692394554615021,0.2657240927219391,18.125318034532352,20.076358978353674,19.79177323218311,17.38184195935963,19.000983353426264,19.873546693480264,48.35425506094654,0.04668719951923077,1
-473.9442443847656,73.55093383789062,-26.765342712402344,27.858537673950195,-5.894808769226074,-0.06277155131101608,-16.752065658569336,-9.7693510055542,-20.809104919433594,-9.5604887008667,-10.390665054321289,-3.5576674938201904,-4.464236259460449,0.12057480961084366,0.09776578098535538,0.05422809720039368,0.06843692809343338,0.06981732696294785,0.06923360377550125,0.05279286950826645,0.09333550184965134,0.3515636920928955,0.5003695487976074,0.35496941208839417,0.15183424949645996,19.60203651160253,23.82059900614208,22.361683940614256,20.272820592768497,19.915227388723075,20.41749891521623,50.60855361934496,0.037608924278846156,1
-543.1222534179688,77.5680923461914,-18.809659957885742,21.577011108398438,-8.95829963684082,7.483646392822266,-19.26299285888672,0.8375737071037292,-19.946683883666992,-5.623804569244385,-4.359994888305664,-4.49437141418457,-3.7063748836517334,0.12400738894939423,0.11967583745718002,0.1388726383447647,0.19415156543254852,0.2110341340303421,0.25050896406173706,0.3099287152290344,0.42170250415802,0.3672688603401184,0.3076952397823334,0.1954340934753418,0.11230358481407166,22.615026109882336,18.34936686748353,18.049542789502176,17.672037274036253,17.406733802789066,18.042125994019756,51.41812829292598,0.07791466346153846,1
-623.501220703125,59.30777359008789,-9.393343925476074,23.23125457763672,-2.3889381885528564,5.467494487762451,-10.96120834350586,-4.899346828460693,-14.441377639770508,-6.610367774963379,-3.464308261871338,-4.057109355926514,-5.671507835388184,0.08334475010633469,0.061612892895936966,0.11034536361694336,0.2249458134174347,0.23407433927059174,0.18739213049411774,0.14202632009983063,0.17309999465942383,0.16143068671226501,0.1966128647327423,0.20334598422050476,0.1328255534172058,19.903171250001314,17.63240385142587,17.58674145059387,16.20250592299738,17.2320012402729,17.217214935249842,42.09965477500759,0.037744140625,1
-556.0548095703125,69.36345672607422,-12.642475128173828,23.141244888305664,-9.13740062713623,6.4140543937683105,-15.549715995788574,0.3054563105106354,-20.807912826538086,-6.3427042961120605,-4.918582916259766,-5.4375786781311035,-3.6601955890655518,0.22474168241024017,0.2735021114349365,0.2891102731227875,0.33380061388015747,0.30985748767852783,0.2217850536108017,0.12581224739551544,0.10867346078157425,0.15108242630958557,0.2195928394794464,0.24338074028491974,0.2117815911769867,17.756409038103357,18.19262018236828,18.274513193122836,16.310108507479114,17.282778490353046,17.194234097951806,51.53945833182003,0.06409254807692308,1
-496.2325744628906,76.94300079345703,-28.804994583129883,21.045862197875977,-5.8577165603637695,0.1828855723142624,-15.901147842407227,-8.552839279174805,-23.751689910888672,-8.406881332397461,-7.411715030670166,-6.6234283447265625,-7.12313175201416,0.1956603229045868,0.18428610265254974,0.1804780513048172,0.22290568053722382,0.14154353737831116,0.10654885321855545,0.11107616871595383,0.18152078986167908,0.2643997371196747,0.29732057452201843,0.2906811833381653,0.2705712914466858,17.817146691763845,20.490897238917753,20.038886204640303,17.459207418879437,18.94087291722098,18.694767768449434,49.50834103599687,0.05189678485576923,1
-588.8424072265625,50.495357513427734,-19.771913528442383,5.438443660736084,-9.327279090881348,3.0650579929351807,-6.631330966949463,-6.520209789276123,-11.85434341430664,-2.928901433944702,-2.0692367553710938,-3.112358331680298,-3.838127374649048,0.21966418623924255,0.18541449308395386,0.12471234053373337,0.11622623354196548,0.10617835819721222,0.12475673854351044,0.1409946233034134,0.13921886682510376,0.1300583928823471,0.16379159688949585,0.20465578138828278,0.24264377355575562,16.010747979324353,16.655433297142604,16.00822465832247,15.220411530426043,16.423878402011137,16.451470761150595,34.28170412560186,0.039794921875,1
-532.138671875,72.03333282470703,-18.227052688598633,19.7625789642334,-2.8398690223693848,2.939663887023926,-14.804229736328125,-6.065704822540283,-15.784266471862793,-6.263815402984619,-4.8888115882873535,-2.95926570892334,-3.1617488861083984,0.05898537486791611,0.06025053560733795,0.08115692436695099,0.1438218057155609,0.08818612992763519,0.061422597616910934,0.053844619542360306,0.17329497635364532,0.3313024044036865,0.5074029564857483,0.33744823932647705,0.11142144352197647,18.356953871593166,22.54519813349697,20.713634066634445,19.001740283343924,18.9534974999478,18.944637068532483,50.40449530257897,0.040658804086538464,1
-561.8575439453125,44.255733489990234,-12.757450103759766,22.26706886291504,-3.9183189868927,3.874368906021118,-12.252354621887207,-6.85651969909668,-15.593552589416504,-4.596848011016846,-4.108271598815918,-1.7429746389389038,-3.4227328300476074,0.10175524652004242,0.0768638402223587,0.08761423826217651,0.09464415907859802,0.08360932022333145,0.10843993723392487,0.11910105496644974,0.14183096587657928,0.323312371969223,0.33471110463142395,0.16454000771045685,0.13197852671146393,18.98801862798455,19.455582380008202,19.78535854566968,18.386437490117583,18.28187251917868,18.868646100085886,40.86953052887595,0.04087665264423077,1
-501.2384033203125,81.96942138671875,-16.95037841796875,22.242122650146484,-9.0982666015625,-2.9057083129882812,-16.151424407958984,-8.465675354003906,-23.745281219482422,-10.535971641540527,-9.56570816040039,-2.280832529067993,-2.5301620960235596,0.23990356922149658,0.23794566094875336,0.25884950160980225,0.2602775990962982,0.17782966792583466,0.09310969710350037,0.08093064278364182,0.06827426701784134,0.14339353144168854,0.2691682279109955,0.29752278327941895,0.3009766638278961,15.82350098980361,17.118055562465887,18.033282558270976,16.713971062375716,16.36168435769176,17.085985164179075,47.010947164093245,0.04956805889423077,1
-516.4363403320312,83.31535339355469,-30.69027328491211,15.011332511901855,-11.012611389160156,13.180540084838867,-13.303915977478027,-4.5038743019104,-17.120582580566406,0.18845981359481812,-3.5678775310516357,-8.409126281738281,-4.431833267211914,0.11162972450256348,0.1177845448255539,0.15863361954689026,0.21327443420886993,0.3034977614879608,0.23387129604816437,0.2259681522846222,0.33519870042800903,0.3525426685810089,0.3299163281917572,0.24099181592464447,0.15966221690177917,21.65751924134645,18.561194816251025,16.935849183410596,17.080336251217716,18.264247129119862,17.733688739066054,51.0601867149412,0.06240985576923077,1
-623.716796875,56.26239776611328,-9.506997108459473,18.663156509399414,-8.143842697143555,7.407578468322754,-14.196687698364258,1.6966651678085327,-15.103754997253418,-6.093067646026611,-5.177900791168213,-4.9819111824035645,-2.906733989715576,0.16044409573078156,0.1933641880750656,0.208760067820549,0.28209376335144043,0.2075105607509613,0.11046964675188065,0.07781606167554855,0.10090671479701996,0.12326328456401825,0.15376578271389008,0.15764747560024261,0.14260581135749817,16.545552031909587,16.716610644406042,16.024693489682768,15.713661541736352,16.40657346967068,16.742737354671476,41.900147727106045,0.058128004807692306,1
-486.4112854003906,57.87360763549805,-27.030715942382812,35.563228607177734,-7.337103366851807,6.316762447357178,-20.801010131835938,-7.878198146820068,-24.28599739074707,-6.788468837738037,-7.762973308563232,-1.2855850458145142,-3.163252115249634,0.2628260850906372,0.2596054673194885,0.16691462695598602,0.13239865005016327,0.10040756314992905,0.06440609693527222,0.0719132050871849,0.1460014134645462,0.1992374062538147,0.2828318476676941,0.25129222869873047,0.27570390701293945,17.432416507241605,22.47209732485007,21.808679734165135,18.823589789700875,19.12848902309168,19.67871590782711,52.52171368431524,0.06490009014423077,1
-531.4996948242188,66.69961547851562,-22.8055419921875,34.32366180419922,-2.897578477859497,-4.013753414154053,-12.376721382141113,-2.252415180206299,-19.97304344177246,-8.349663734436035,-9.531306266784668,-5.460716247558594,-5.20048189163208,0.20511235296726227,0.19371247291564941,0.1628134548664093,0.10175119340419769,0.06416111439466476,0.07579634338617325,0.14878711104393005,0.28606098890304565,0.31869280338287354,0.25522124767303467,0.22137844562530518,0.21786201000213623,15.89319090327866,19.93734432760562,20.886797653073863,16.375475353847715,18.244719165863604,18.90868882763419,49.38128957817914,0.05551006610576923,1
-539.796875,65.50171661376953,-13.579390525817871,17.78020668029785,-2.445309638977051,1.9191319942474365,-12.04901123046875,-5.006614685058594,-18.856767654418945,-9.325718879699707,-7.9471869468688965,-4.365615367889404,-5.207452297210693,0.11765563488006592,0.08873597532510757,0.09339582920074463,0.14809249341487885,0.21582163870334625,0.1515376716852188,0.1054719090461731,0.17062677443027496,0.24211184680461884,0.34822186827659607,0.3309883773326874,0.24567244946956635,19.98506081669838,20.395114921094958,20.729463636056614,19.437842665038715,18.824589555100744,18.629968323271118,47.22475029977079,0.036542217548076926,1
-477.5912780761719,73.66670989990234,-29.08296012878418,15.073716163635254,-10.921807289123535,-0.3303672671318054,-10.509078025817871,-10.123302459716797,-21.391307830810547,-8.371260643005371,-6.693216800689697,-4.553045272827148,-5.784132957458496,0.26200637221336365,0.20112457871437073,0.2157718986272812,0.24926137924194336,0.1785345822572708,0.09800508618354797,0.12577183544635773,0.14987316727638245,0.1536005735397339,0.23254135251045227,0.23768363893032074,0.2502990961074829,15.214864476062912,20.630911828608333,19.33501670598009,18.950149828421008,18.63661048599849,19.019939084408303,48.309786563461515,0.05967172475961539,1
-517.8350219726562,94.1360855102539,-33.89469528198242,13.221003532409668,-8.642470359802246,1.4128587245941162,-12.932652473449707,-5.928767681121826,-22.13178253173828,-5.5435791015625,-4.237895488739014,-7.185482978820801,-8.807483673095703,0.20109984278678894,0.14967434108257294,0.1198003888130188,0.17872034013271332,0.19228233397006989,0.16569025814533234,0.16543272137641907,0.2564554810523987,0.3446711599826813,0.3686806857585907,0.30368801951408386,0.2670324742794037,17.025584392583454,19.289112490815864,18.367690371869063,16.195615130054446,18.07221522755527,17.317170476986835,47.47183285405548,0.04265324519230769,1
-550.0482177734375,56.11908721923828,-8.481943130493164,18.194021224975586,-2.6055006980895996,3.442762851715088,-16.066585540771484,-5.768388748168945,-15.986921310424805,-2.9380240440368652,-4.829997539520264,-4.653191566467285,-3.022204637527466,0.13538362085819244,0.12326676398515701,0.1354505568742752,0.2423684448003769,0.3085707128047943,0.2364911437034607,0.13382141292095184,0.1683068871498108,0.22164183855056763,0.3042530417442322,0.28706127405166626,0.18142713606357574,21.275873769965592,20.077469943814467,19.940428122982702,18.031813177482306,19.501918798077035,19.620507457236364,47.2278309884456,0.04787034254807692,1
-531.8179321289062,56.4260368347168,-11.537202835083008,32.96503829956055,-5.9399309158325195,5.769363880157471,-23.423200607299805,2.4632647037506104,-20.026025772094727,-3.8073229789733887,-8.500203132629395,-6.984749794006348,-1.1767892837524414,0.12503363192081451,0.09429172426462173,0.16149944067001343,0.29424402117729187,0.2107117772102356,0.1353871375322342,0.13268451392650604,0.22604328393936157,0.31060948967933655,0.36187106370925903,0.27313974499702454,0.17813442647457123,20.09359431510294,19.6693494742577,19.6520759810364,16.871443614425832,17.99252479690281,18.52530740417893,53.07910797880901,0.09270207331730769,1
-523.031494140625,81.14147186279297,-18.743576049804688,25.265474319458008,-8.70930290222168,8.681975364685059,-19.692604064941406,-5.6633195877075195,-24.88597869873047,-4.525145530700684,-6.528924942016602,-6.505810260772705,-3.308849573135376,0.1146954596042633,0.12838439643383026,0.11762354522943497,0.1534193605184555,0.13664178550243378,0.12734146416187286,0.1823166310787201,0.3100025951862335,0.3546541631221771,0.4047227203845978,0.2520977258682251,0.1239553913474083,20.726306265197692,18.531554081989736,19.70785453148892,16.905281758072796,17.76186600285064,18.03795776086954,51.61414623860266,0.05015024038461539,1
-535.0894165039062,73.651123046875,-18.01321029663086,30.06390380859375,-5.897167682647705,1.0292423963546753,-16.56085205078125,-5.629446506500244,-17.41805648803711,-3.9430439472198486,-8.369339942932129,-6.203125476837158,-4.202387809753418,0.10216648131608963,0.13390076160430908,0.2417127639055252,0.2915222644805908,0.24227896332740784,0.1901746392250061,0.18026722967624664,0.26413995027542114,0.27558445930480957,0.23171374201774597,0.18879391252994537,0.14420662820339203,20.914163850328503,17.392996516192415,18.010618252683898,16.409186361202067,16.993638957992175,18.2078688169853,47.77468018718161,0.051941856971153846,1
-504.8338317871094,79.09789276123047,-27.171600341796875,20.81534767150879,-15.140340805053711,5.940308570861816,-15.166728019714355,-3.2725472450256348,-21.03932762145996,-3.5945916175842285,-5.636943340301514,-1.174020528793335,-5.583280563354492,0.14347778260707855,0.09479157626628876,0.1388881802558899,0.17032763361930847,0.1538332849740982,0.12959234416484833,0.19378533959388733,0.4059174656867981,0.38998931646347046,0.3132556080818176,0.2765907347202301,0.2048480063676834,17.56995439497735,19.003387195464754,19.06303403691783,17.734792244344018,17.6793199993303,18.388253302929165,50.54577777804281,0.08322941706730769,1
-508.0150146484375,72.45952606201172,-15.529353141784668,22.17125701904297,-4.649404525756836,7.665693759918213,-13.236892700195312,-4.445054054260254,-17.25714683532715,-3.5484848022460938,-6.062490463256836,-6.101537704467773,-3.2915897369384766,0.13618506491184235,0.1191355437040329,0.1388053596019745,0.17177920043468475,0.24820075929164886,0.2916589081287384,0.33643755316734314,0.35914257168769836,0.31226375699043274,0.27420753240585327,0.24728816747665405,0.16150712966918945,21.13481597332074,17.78486851531446,17.74166332178912,16.806309265027476,17.594047859912855,18.2165502077673,52.25372765909324,0.06659780649038462,1
-553.1602172851562,81.05218505859375,-13.359274864196777,12.239052772521973,-9.858208656311035,9.492563247680664,-9.910967826843262,-3.298163414001465,-19.459566116333008,-2.998685836791992,-4.1810736656188965,-10.312304496765137,-5.291529178619385,0.11466112732887268,0.1664525717496872,0.2595459520816803,0.21551613509655,0.20701994001865387,0.22583696246147156,0.3164341151714325,0.364763468503952,0.2364462912082672,0.18593758344650269,0.137212872505188,0.11574909090995789,21.934233226801,19.232823749497353,18.832404453646518,18.337433481491328,18.526175910789895,18.122299037017587,50.95871887090603,0.062451171875,1
-557.72705078125,46.1546630859375,-17.833166122436523,8.778036117553711,-9.553009033203125,5.379276275634766,-14.48991870880127,-0.8092050552368164,-11.809932708740234,-1.629096269607544,-7.274074077606201,-6.591879367828369,-2.2342300415039062,0.14489249885082245,0.1547737866640091,0.18635757267475128,0.25978586077690125,0.2536926865577698,0.21021783351898193,0.1827060431241989,0.14048708975315094,0.17228230834007263,0.18985265493392944,0.21762579679489136,0.19314900040626526,17.50135399309716,18.219051132753012,18.958631612729743,17.716196739050982,18.566220456367517,18.57011530404085,43.13026487712494,0.08010066105769231,1
-498.5157470703125,71.87327575683594,-19.675331115722656,20.926015853881836,-4.212430000305176,-1.488267421722412,-9.828948974609375,-4.963569641113281,-20.996562957763672,-10.22651481628418,-7.408289432525635,-4.6600847244262695,-7.439683437347412,0.25468289852142334,0.15231280028820038,0.14004281163215637,0.12037176638841629,0.0896194651722908,0.09928059577941895,0.0994473248720169,0.07859816402196884,0.11358685791492462,0.3102434575557709,0.44812390208244324,0.4194965958595276,15.427890061398875,21.21206940251117,19.69842791552706,16.82958855121806,18.31755769251941,18.306278979441636,48.99263785678666,0.04033578725961538,1
-719.257080078125,42.47369384765625,-8.177095413208008,22.33452606201172,-10.407912254333496,14.90340518951416,-11.696182250976562,6.31474494934082,-14.04536247253418,-3.1817781925201416,-5.632837772369385,-3.956301689147949,0.3675614893436432,0.08149779587984085,0.09706173092126846,0.1545041799545288,0.20980490744113922,0.23516319692134857,0.1982833743095398,0.19410407543182373,0.18495595455169678,0.14635807275772095,0.11568745970726013,0.10671103000640869,0.09019452333450317,17.96948840188017,15.189553434422155,15.849690893597591,14.91325816465721,15.311745866104445,16.068870245394695,38.748785809506245,0.06592923677884616,1
-534.6886596679688,78.94576263427734,-17.275360107421875,27.196413040161133,-6.301787853240967,10.255122184753418,-21.693904876708984,-3.3628461360931396,-25.71718978881836,-7.372636318206787,-9.155097007751465,-5.900974750518799,-4.623486042022705,0.13391074538230896,0.1016654297709465,0.15523873269557953,0.21153035759925842,0.2176419198513031,0.24701227247714996,0.3219009339809418,0.3246864676475525,0.2819333076477051,0.2439606636762619,0.20336660742759705,0.18198318779468536,21.89910560113544,17.32984681059578,18.448057898034254,16.54809750926666,17.39970182988187,17.820473035393075,51.85002776568771,0.07095853365384615,1
-493.4961853027344,77.81079864501953,-29.89327621459961,22.507354736328125,-6.96475887298584,3.342761278152466,-21.35887336730957,-6.087798595428467,-18.881359100341797,-3.1185665130615234,-9.305115699768066,-6.378881931304932,-5.571111679077148,0.14095275104045868,0.07824621349573135,0.08816066384315491,0.10346198827028275,0.1055133193731308,0.08048763126134872,0.12056374549865723,0.33482715487480164,0.4042576253414154,0.3876909017562866,0.27324357628822327,0.1952528953552246,21.04918958209944,20.159158584338986,19.988127436042085,17.90671176585365,18.24060861580663,18.91287179290234,50.935159048942104,0.060362830528846154,1
-487.1081848144531,62.87218475341797,-20.038785934448242,28.208293914794922,-8.87636947631836,10.249577522277832,-20.278656005859375,-8.313983917236328,-21.60445213317871,-6.138460636138916,-12.848983764648438,-6.370844841003418,-3.5260989665985107,0.15915508568286896,0.17483319342136383,0.24074621498584747,0.1740110069513321,0.10777374356985092,0.10280576348304749,0.10425521433353424,0.13087360560894012,0.24535483121871948,0.2879747748374939,0.29072320461273193,0.24331094324588776,16.099606075415124,18.706692631492686,19.297329171581442,16.4124325445083,16.847458943524398,17.4363874066518,50.95206185452302,0.06903545673076923,1
-550.7591552734375,50.980831146240234,-20.67817497253418,7.533475399017334,-9.344144821166992,-4.452785968780518,-11.604870796203613,-7.3110551834106445,-9.234210968017578,-2.044050455093384,-1.6627041101455688,-0.7352371215820312,-2.332007884979248,0.1973828822374344,0.16506417095661163,0.17239068448543549,0.21802717447280884,0.15987823903560638,0.1134803295135498,0.09325769543647766,0.09215831756591797,0.09131287038326263,0.11487626284360886,0.1368512362241745,0.16077008843421936,17.74993180180254,19.055139337131187,20.323212521506004,18.33772176149038,19.346919683961133,19.775916656179273,38.96201206892307,0.04000525841346154,1
-569.1376342773438,42.478450775146484,-23.451618194580078,11.36332893371582,-7.444371700286865,-1.3468327522277832,-8.032429695129395,-6.9898362159729,-11.32844066619873,-1.3245282173156738,-6.638130187988281,-3.934155225753784,-4.580053806304932,0.20433850586414337,0.1099635660648346,0.1045125424861908,0.1406843513250351,0.14985504746437073,0.13043338060379028,0.10309388488531113,0.09818949550390244,0.08347208052873611,0.09122347831726074,0.14640705287456512,0.21703152358531952,16.77297518806992,19.130256160905077,19.38019362941815,18.327803649844007,18.701054360758686,19.83425348093699,35.96186657484041,0.03700796274038461,1
-555.782470703125,69.72982788085938,-18.665390014648438,30.345062255859375,-2.996413230895996,1.868188738822937,-19.441347122192383,-1.4836283922195435,-15.293892860412598,-3.7783727645874023,-5.565512180328369,-4.030384540557861,-3.7493278980255127,0.09546979516744614,0.1301521509885788,0.12640982866287231,0.12979081273078918,0.11507122218608856,0.12725785374641418,0.31432029604911804,0.4645600914955139,0.39597025513648987,0.2856259346008301,0.18614375591278076,0.1078176349401474,20.64399315955007,18.993380672103243,18.634392949845314,16.615432479981077,17.600302152558818,17.956020102724338,51.21489010006749,0.06559119591346153,1
-565.8167724609375,55.94875717163086,-6.964386463165283,25.831714630126953,1.4851865768432617,-1.4285691976547241,-8.444147109985352,-1.3634170293807983,-12.897549629211426,-11.187423706054688,-9.22709846496582,-5.358043193817139,-6.053746700286865,0.07105103880167007,0.12240326404571533,0.18801966309547424,0.21624663472175598,0.17071519792079926,0.11485836654901505,0.13681724667549133,0.21675528585910797,0.19948908686637878,0.17243608832359314,0.19958633184432983,0.1249111145734787,21.07093378538893,20.205638179734873,20.566125615208108,17.921628149813827,18.608754060456025,18.852488114200003,45.81524340241909,0.036121544471153844,1
-544.8895874023438,73.23487854003906,-20.457887649536133,21.169143676757812,-11.366802215576172,1.6045933961868286,-15.0276460647583,-6.204859733581543,-19.723276138305664,-1.1207695007324219,-1.4822361469268799,-5.1235246658325195,-5.411416530609131,0.1128077432513237,0.08963876217603683,0.13078737258911133,0.210969015955925,0.22308416664600372,0.20924879610538483,0.21674379706382751,0.2064814567565918,0.18973687291145325,0.2587335407733917,0.3176530599594116,0.24463032186031342,19.48807234664311,19.615452564054166,19.390515579327563,18.13403352217829,18.12853104260304,18.92673815694794,47.92399501486472,0.052978515625,1
-496.69580078125,75.70829010009766,-24.096492767333984,26.973621368408203,-4.593052387237549,-6.754247188568115,-15.584380149841309,-11.643631935119629,-22.070606231689453,-8.69223403930664,-7.691085338592529,-5.016857147216797,-5.831579208374023,0.13739223778247833,0.20993006229400635,0.21978212893009186,0.1589970588684082,0.11382399499416351,0.08035320043563843,0.08357778936624527,0.142728790640831,0.2919645309448242,0.34872886538505554,0.3501147925853729,0.18635787069797516,18.41131652213849,20.955513230508558,20.523197904502954,18.052715138731486,18.07254856789336,19.571792263553295,49.596416825905884,0.04361102764423077,1
-525.326171875,60.18982696533203,-0.7354351282119751,32.00212097167969,-1.2738837003707886,1.815720796585083,-14.010893821716309,-5.580724239349365,-23.014070510864258,-10.795016288757324,-11.578140258789062,-7.623208045959473,-4.496955871582031,0.252634197473526,0.2800932228565216,0.3094879686832428,0.38017594814300537,0.21128281950950623,0.09640664607286453,0.07382648438215256,0.10647676140069962,0.15016236901283264,0.21301208436489105,0.24148955941200256,0.2609322965145111,16.60042567061735,16.929791405337646,18.122004919091502,15.40883768594323,17.24928805182206,17.455475277433397,47.78732819157664,0.06776216947115385,1
-521.1912841796875,72.3478012084961,-27.0362606048584,15.614546775817871,-1.3947639465332031,-1.1998918056488037,-19.592376708984375,-7.040347099304199,-17.598901748657227,-6.14086389541626,-9.589509963989258,-5.848789691925049,-4.638064861297607,0.40939798951148987,0.3894064724445343,0.2916419804096222,0.1514294147491455,0.08235417306423187,0.07254990190267563,0.07919850200414658,0.1185256615281105,0.1545676290988922,0.18195755779743195,0.1716223955154419,0.23187270760536194,13.739479932839766,19.92734027404056,21.09209053939683,18.04884142828545,19.249575636967915,18.458247195163203,48.403081028567904,0.06133188100961538,1
-588.9527587890625,33.70883560180664,-14.488885879516602,19.616939544677734,-2.223625659942627,5.562215328216553,-13.591753005981445,-4.143333911895752,-8.92844295501709,-2.2274792194366455,-3.2327768802642822,-2.602440118789673,-1.8931764364242554,0.10709843039512634,0.06660809367895126,0.06836894154548645,0.08168923854827881,0.09308546781539917,0.1254575401544571,0.1827608197927475,0.17587362229824066,0.1765279471874237,0.1938949078321457,0.20632576942443848,0.1648367941379547,21.073854885445876,21.47737504564886,20.755131849603327,20.073439128549516,20.378831014033498,20.212582158757968,39.60303823768626,0.04533879206730769,1
-493.6338806152344,75.84302520751953,-26.89383316040039,18.772886276245117,-16.102659225463867,2.7140157222747803,-14.572251319885254,-5.427229404449463,-21.09529685974121,-4.735175132751465,-5.506355285644531,-5.1707329750061035,-5.080555438995361,0.1440245509147644,0.21753615140914917,0.24086984992027283,0.18399369716644287,0.17107829451560974,0.17231221497058868,0.21276572346687317,0.25447192788124084,0.3654375672340393,0.32656222581863403,0.2443908303976059,0.16002680361270905,17.745439441094884,19.988128317065065,18.957013815065245,17.17946732680039,17.412934271355834,18.315744215332533,50.277682436326145,0.06295447716346154,1
-572.2366943359375,80.69097137451172,-12.188803672790527,20.274782180786133,-10.739734649658203,15.01552677154541,-12.727948188781738,0.09438605606555939,-21.568788528442383,-4.062623977661133,-5.645040988922119,-7.075170993804932,-1.5275417566299438,0.14273613691329956,0.1464509814977646,0.2577248513698578,0.4606536030769348,0.3066287636756897,0.18266494572162628,0.12142391502857208,0.16963855922222137,0.22784820199012756,0.22826385498046875,0.18010760843753815,0.1705010086297989,20.132637306351892,17.297599932954675,16.88425812311562,16.913175920222805,17.0481946085935,16.893374984303627,51.058848183395185,0.06715745192307693,1
-498.3057861328125,76.49591064453125,-31.980836868286133,27.09027862548828,-14.279488563537598,6.9946770668029785,-18.305469512939453,-8.213878631591797,-20.469892501831055,-2.1040821075439453,-7.3392791748046875,0.751671314239502,-3.4697678089141846,0.11360453814268112,0.10510685294866562,0.19472937285900116,0.22886839509010315,0.1544799506664276,0.13505983352661133,0.21792419254779816,0.30968669056892395,0.3066290318965912,0.3886578381061554,0.2713512182235718,0.15150509774684906,20.030064743165354,20.676396973978747,20.249465467878185,19.037696462026492,19.07362222724822,20.306347509667994,52.334336951314874,0.07285907451923077,1
-547.8558959960938,47.01631546020508,-16.212337493896484,29.153526306152344,-1.0850183963775635,2.8276655673980713,-15.383988380432129,-2.4705522060394287,-16.755531311035156,-8.410463333129883,-9.682207107543945,-4.955536842346191,-3.2408084869384766,0.15826116502285004,0.12666866183280945,0.15016736090183258,0.23268471658229828,0.19516900181770325,0.14653530716896057,0.09736434370279312,0.1185809075832367,0.18323971331119537,0.267945796251297,0.29365357756614685,0.2502661347389221,17.26642712373215,17.628149002323816,17.379463404851425,15.527473272417435,16.9952992100927,18.033439448423696,44.673225333907084,0.07225435697115384,1
-546.677978515625,65.22346496582031,-18.980030059814453,27.727027893066406,-9.2445068359375,7.805427551269531,-20.822538375854492,-0.6590747833251953,-17.69954490661621,-1.096145749092102,-8.115395545959473,-5.133550643920898,0.9218146800994873,0.13936352729797363,0.10730962455272675,0.25133368372917175,0.1895286589860916,0.10010770708322525,0.07592787593603134,0.12377619743347168,0.2937326729297638,0.381474107503891,0.4088572561740875,0.3113313913345337,0.26782798767089844,18.87164530447245,18.561319769349208,19.13261811470937,16.92935722613806,18.08148287966514,17.966333622010957,52.89321738846565,0.0928485576923077,1
-519.5247192382812,70.48474884033203,-20.18717384338379,31.714557647705078,-0.9970418810844421,4.227187633514404,-18.459081649780273,-5.133211612701416,-17.918527603149414,-4.901106834411621,-4.8944501876831055,-5.842928409576416,-3.088711977005005,0.12684068083763123,0.1100698933005333,0.12756742537021637,0.181606262922287,0.2528228461742401,0.23270294070243835,0.2083691954612732,0.26407137513160706,0.30421769618988037,0.34041985869407654,0.2536929249763489,0.14641329646110535,21.442034299323048,19.17289037429765,20.09027622613087,17.43424653268081,18.186381792657944,18.751529856273905,51.57977957231634,0.048978365384615384,1
-506.37042236328125,64.0277099609375,-18.46437644958496,29.29649543762207,-6.049076557159424,6.370862007141113,-23.126676559448242,-4.228697776794434,-20.134389877319336,-8.828179359436035,-9.10571002960205,-6.225776672363281,-4.223485469818115,0.274658203125,0.2102665901184082,0.13175685703754425,0.1083517074584961,0.0878707692027092,0.0745244026184082,0.13479040563106537,0.2109927237033844,0.2211664915084839,0.2673479914665222,0.31687283515930176,0.34455406665802,19.4348396830706,20.722815767434323,21.39809195137516,17.8064324436082,18.872932523560944,18.92454023362326,52.77967534495602,0.07715970552884616,1
-491.6045227050781,76.71050262451172,-27.655601501464844,14.647425651550293,-5.222322463989258,1.5413748025894165,-12.953346252441406,-9.927620887756348,-19.75274658203125,-4.900617599487305,-5.680300712585449,-4.964074611663818,-6.7290120124816895,0.17940214276313782,0.19421610236167908,0.17525948584079742,0.10712504386901855,0.08517834544181824,0.1275307536125183,0.1190895214676857,0.14169813692569733,0.240492582321167,0.3797514736652374,0.3801977336406708,0.26047784090042114,17.854607149162355,22.923303134452873,20.436809316782785,19.729679778991,20.08518978434534,19.753205902651555,50.55120339848692,0.04546274038461538,1
-491.98626708984375,80.51869201660156,-21.308271408081055,15.539826393127441,-9.515469551086426,2.842618942260742,-12.485628128051758,-9.785492897033691,-21.854698181152344,-7.28521728515625,-4.512169361114502,-4.139739036560059,-4.694479465484619,0.13197427988052368,0.15023700892925262,0.27906036376953125,0.27733832597732544,0.20427894592285156,0.21956542134284973,0.1867745965719223,0.18435138463974,0.1776341050863266,0.17600318789482117,0.2600896656513214,0.2008349448442459,19.97626029130713,21.081110490513765,20.445265127695677,20.041998072934096,19.35319757840462,19.083670476645715,50.77734014485427,0.05037560096153846,1
-486.2207336425781,70.46459197998047,-18.613630294799805,24.29050064086914,-7.711116790771484,1.4206784963607788,-17.01419448852539,-6.59298849105835,-19.312702178955078,-7.907464981079102,-7.549463748931885,-6.318851470947266,-5.708357334136963,0.11717340350151062,0.09792275726795197,0.06450247019529343,0.054687242954969406,0.03996891900897026,0.04729955270886421,0.07488980144262314,0.14120666682720184,0.28859537839889526,0.49355074763298035,0.4221155643463135,0.20758292078971863,18.56828556884667,23.76790079074335,21.88782209714789,18.074010973125684,18.97460023032293,19.33614906890062,51.23018944712139,0.04640174278846154,1
-468.6719970703125,64.86324310302734,-12.492829322814941,19.30555534362793,5.092130661010742,-11.46548843383789,-17.088111877441406,-10.575124740600586,-15.979875564575195,-13.772466659545898,-11.072721481323242,-5.365105628967285,-6.2294921875,0.21214672923088074,0.29197901487350464,0.3783826231956482,0.3079167306423187,0.23202456533908844,0.11645191162824631,0.09029514342546463,0.12057336419820786,0.11172223836183548,0.14430896937847137,0.1923907846212387,0.1944074183702469,17.407974860211745,21.085157561686316,20.61659030256058,18.312740524650366,20.051192982995143,19.238597779586385,49.892211067817065,0.03929161658653846,1
-559.8395385742188,66.05839538574219,-9.128421783447266,18.705547332763672,-1.8997918367385864,-2.046116352081299,-15.222846031188965,-3.6967527866363525,-14.376007080078125,-5.344893455505371,-6.758257865905762,-5.640101432800293,-3.4326372146606445,0.19458529353141785,0.20652316510677338,0.24610286951065063,0.2146301567554474,0.12771542370319366,0.09557849913835526,0.06737779825925827,0.09799520671367645,0.1933322697877884,0.2805942893028259,0.21324816346168518,0.18250489234924316,19.761107549879245,19.053102295565182,18.932606182826515,18.302675548406693,18.516053881602087,18.626685997069526,45.16944826623301,0.029154146634615383,1
-538.4998779296875,62.96212387084961,-25.62307357788086,34.305538177490234,-5.8548078536987305,4.421833038330078,-21.994089126586914,-4.076327800750732,-20.036842346191406,-5.457559585571289,-9.635926246643066,-6.6106181144714355,-2.241213798522949,0.36987486481666565,0.2947123944759369,0.14673341810703278,0.07993277162313461,0.06138213351368904,0.04044785723090172,0.05929654836654663,0.12977582216262817,0.15677198767662048,0.25136494636535645,0.32425832748413086,0.3434485197067261,16.153600397060732,22.639505046855806,22.75189182099502,18.0942549848904,19.66291482108828,19.193844159614134,52.30226371417589,0.04776141826923077,1
-564.7347412109375,61.99589538574219,-15.995872497558594,22.858383178710938,-5.63824987411499,12.204357147216797,-17.033302307128906,-2.722337245941162,-18.65761375427246,-7.345606327056885,-7.642036437988281,-6.335963726043701,-0.9859142303466797,0.4399183988571167,0.262508362531662,0.16302287578582764,0.09494999796152115,0.07118089497089386,0.05030355229973793,0.07877329736948013,0.1258564591407776,0.16998440027236938,0.2324727475643158,0.18150584399700165,0.2551904022693634,15.116693606875428,21.38404485963331,20.74568533587498,18.589563449763276,19.059172908260685,18.274471427877753,52.443860838373205,0.07641977163461539,1
-523.4317016601562,79.4575424194336,-17.939979553222656,35.0261116027832,-6.627459526062012,2.9135968685150146,-12.467811584472656,-8.230116844177246,-22.657800674438477,-5.804688930511475,-7.492360591888428,-7.096226215362549,-4.729207515716553,0.06902272254228592,0.0939374789595604,0.1540258675813675,0.21774910390377045,0.19148969650268555,0.1796649545431137,0.2605123519897461,0.2513454854488373,0.22355307638645172,0.2982533276081085,0.16670483350753784,0.07073013484477997,21.95914682784884,18.863121190929625,18.878031231050468,16.85090875281177,18.00780752906825,18.429787650129022,50.33823408328494,0.04301382211538462,1
-521.3374633789062,71.95222473144531,-15.046576499938965,14.074625968933105,-5.176829814910889,5.445102214813232,-20.7572078704834,-8.295464515686035,-23.672119140625,-2.5167808532714844,-3.5087532997131348,-6.122997283935547,-3.429429531097412,0.12637370824813843,0.07017366588115692,0.06564445048570633,0.09795880317687988,0.11981289088726044,0.06628389656543732,0.08623765408992767,0.13022151589393616,0.2233191430568695,0.41018033027648926,0.3789840340614319,0.3071829378604889,19.050213519930743,25.164230151035586,24.07525581871116,20.418219138224316,20.447446914227182,20.115461361141147,52.703254649355294,0.053125,1
-476.2231140136719,72.31327819824219,-17.328880310058594,12.361250877380371,-3.6880581378936768,-1.8093585968017578,-15.01819133758545,-10.359162330627441,-20.59649658203125,-7.019038677215576,-6.314673900604248,-6.75762414932251,-9.171675682067871,0.1469888836145401,0.09148678928613663,0.15521933138370514,0.17200587689876556,0.12120754271745682,0.1558292955160141,0.2936744689941406,0.24114137887954712,0.17918327450752258,0.18530073761940002,0.2459975630044937,0.2468474805355072,21.083165305659204,21.86276812524654,21.498004786188226,19.25861164079313,19.794970769764195,19.8135575154443,52.02679533680046,0.049571814903846156,1
-501.4895324707031,72.6107177734375,-26.75111198425293,23.38296127319336,-4.592000484466553,1.0420209169387817,-18.108732223510742,-8.055006980895996,-19.87676239013672,-7.1959662437438965,-7.995071887969971,-2.614863395690918,-3.9426040649414062,0.18392930924892426,0.1440618932247162,0.11094481498003006,0.0817086473107338,0.07919933646917343,0.12355493754148483,0.13581401109695435,0.17341864109039307,0.19320246577262878,0.2986868917942047,0.39543718099594116,0.30316227674484253,17.454196551463795,20.85662440281253,20.396102185496055,17.77777262908694,17.764545482545614,18.664659716549863,49.75829964684647,0.05276066706730769,1
-482.164306640625,63.64881896972656,-15.524881362915039,20.303102493286133,-0.29774215817451477,-4.166116237640381,-17.44260597229004,-10.060831069946289,-18.508737564086914,-11.787001609802246,-9.916945457458496,-5.134250164031982,-8.038268089294434,0.20574870705604553,0.25990572571754456,0.29085901379585266,0.26325109601020813,0.20921891927719116,0.13247130811214447,0.12244909256696701,0.14814668893814087,0.20701143145561218,0.23892365396022797,0.2296883463859558,0.2100386768579483,15.89668473398668,20.559392515907053,20.416723098462818,18.582300021660675,19.359298492969252,19.084552541547215,49.895291978151555,0.056787109375,1
-477.9604187011719,73.815673828125,-23.61666488647461,24.285888671875,-3.087688684463501,-1.129782795906067,-17.30403709411621,-9.394330024719238,-21.086658477783203,-7.729756832122803,-8.313170433044434,-6.460355281829834,-7.668558597564697,0.20308156311511993,0.24228399991989136,0.1746998280286789,0.12290413677692413,0.07096193730831146,0.07455667108297348,0.1390083283185959,0.21242520213127136,0.28079697489738464,0.32526513934135437,0.2798141539096832,0.19943802058696747,17.76128615287255,20.76699269957934,19.461426096529564,16.982122040161705,17.65026798182226,18.72075179234055,49.88084113207761,0.05322265625,1
-529.6864013671875,72.115966796875,-16.529102325439453,34.653358459472656,-1.2944309711456299,-3.835066080093384,-14.250383377075195,-7.628389835357666,-20.71299934387207,-8.553936958312988,-9.990910530090332,-5.156567096710205,-4.308778762817383,0.16859149932861328,0.1428077220916748,0.06948103755712509,0.10148338973522186,0.18834899365901947,0.14219127595424652,0.09419366717338562,0.20809032022953033,0.2677247226238251,0.19477508962154388,0.2478315830230713,0.28958672285079956,18.771821989328718,19.961280178835338,21.31304091299921,17.82241337550943,18.49177940501751,18.588367426794175,49.24708324429164,0.03642578125,1
-503.67510986328125,80.19318389892578,-17.36819076538086,18.719467163085938,-9.798118591308594,0.4817030727863312,-9.91139030456543,-3.2596089839935303,-20.422365188598633,-6.677341938018799,-5.920956611633301,-5.3432936668396,-6.624458312988281,0.15035565197467804,0.13914275169372559,0.18104934692382812,0.23680298030376434,0.22313719987869263,0.14227041602134705,0.1665995866060257,0.18197549879550934,0.13062164187431335,0.20221896469593048,0.2585192620754242,0.26872003078460693,20.225606890867898,20.528907719703156,19.410356423239236,18.122945840996874,18.384740724976208,19.750200802157718,51.18756792083733,0.04861778846153846,1
-550.2973022460938,66.09880828857422,-11.986948013305664,32.04615020751953,-4.387633800506592,10.012965202331543,-24.706960678100586,-1.3262805938720703,-18.90314292907715,-5.583846569061279,-7.285614490509033,-6.29939603805542,-1.054028034210205,0.09158510714769363,0.07304925471544266,0.12842850387096405,0.19275635480880737,0.19893139600753784,0.17839795351028442,0.20142659544944763,0.38845255970954895,0.3719087839126587,0.3478284478187561,0.3092513978481293,0.19494585692882538,19.365942579816743,18.3313325402004,19.77750468523157,16.466733132524638,18.311333766398036,18.32841451663887,52.75494730078556,0.09016676682692308,1
-532.1485595703125,65.1182861328125,-17.182435989379883,33.6020393371582,-10.95798110961914,7.575005531311035,-22.627986907958984,-3.7308382987976074,-22.525352478027344,-4.4638991355896,-5.5248212814331055,-5.730546474456787,-5.510621547698975,0.18420058488845825,0.16144977509975433,0.17805573344230652,0.1849393993616104,0.14117971062660217,0.11283686757087708,0.1989046335220337,0.3925192654132843,0.30344635248184204,0.23404820263385773,0.24128304421901703,0.19059912860393524,19.682018988055006,18.3945556830022,18.823236736328294,16.348921939655323,17.420030121618563,17.45595010621397,51.09836102468642,0.06813025841346154,1
-475.2514953613281,77.17131805419922,-27.542665481567383,31.169212341308594,-3.908722400665283,0.11783061921596527,-25.204566955566406,-12.515127182006836,-23.835601806640625,-8.004569053649902,-12.964274406433105,-6.5394062995910645,-4.906424522399902,0.1999574452638626,0.2165827751159668,0.20065350830554962,0.18992328643798828,0.1338682323694229,0.1061830148100853,0.1285085827112198,0.23426321148872375,0.21659542620182037,0.2157248854637146,0.25801461935043335,0.22252178192138672,20.460487372969013,19.69920019330894,21.70185919873867,18.926367463944334,19.438837432095244,20.015034615816745,51.560269386823464,0.05449969951923077,1
-460.3628845214844,81.21890258789062,-31.658191680908203,18.512287139892578,-18.23184585571289,4.685275077819824,-18.14097785949707,-5.004295825958252,-22.352163314819336,-3.284839391708374,-7.854124069213867,-7.868552207946777,-6.072404861450195,0.28359490633010864,0.2040572613477707,0.15971562266349792,0.14720100164413452,0.16275422275066376,0.23784460127353668,0.2502304017543793,0.18978609144687653,0.17927111685276031,0.2373654693365097,0.2823237478733063,0.2905198335647583,19.860428815729435,16.79050080241997,17.4224225513575,16.342605929478474,16.986993484853624,17.98444616414753,50.099937572485615,0.05839468149038462,1
-501.8804626464844,66.91645050048828,-17.22255516052246,26.254770278930664,-6.922420501708984,2.8903558254241943,-18.38982582092285,-6.605532169342041,-19.821733474731445,-7.564477920532227,-7.726790428161621,-4.120205402374268,-2.460118055343628,0.23237134516239166,0.1885567009449005,0.2351316213607788,0.21024982631206512,0.1483667492866516,0.2090609073638916,0.19991974532604218,0.15797697007656097,0.16886006295681,0.2529448866844177,0.2857978641986847,0.276216059923172,16.96375763482188,16.980852590948935,18.031476772669457,16.16937979878249,16.525151399485555,17.359721225217665,47.397262177881814,0.06759690504807692,1
-542.21337890625,74.29609680175781,-19.471744537353516,40.38021469116211,-2.4933555126190186,1.275561809539795,-21.524925231933594,-4.335078239440918,-23.33942413330078,-6.856550216674805,-11.310147285461426,-7.2737603187561035,-3.1348772048950195,0.09993582963943481,0.10664664208889008,0.1309424191713333,0.14890165627002716,0.13874518871307373,0.15352104604244232,0.30922040343284607,0.47781822085380554,0.35974571108818054,0.21190723776817322,0.13660934567451477,0.08617205917835236,20.648665081956683,17.36316816983236,18.87789044157655,15.88699421966042,17.10788645984796,18.001562307353005,49.78766930208576,0.056002103365384616,1
-493.8262634277344,74.29997253417969,-24.052106857299805,17.089096069335938,-2.9077298641204834,-0.8945298790931702,-21.515945434570312,-8.209939002990723,-20.712615966796875,-2.629228115081787,-5.422238826751709,-7.6471381187438965,-5.154958248138428,0.15366272628307343,0.2155681997537613,0.27904218435287476,0.22445623576641083,0.21451807022094727,0.2237929254770279,0.1406632959842682,0.11836424469947815,0.15633173286914825,0.20579655468463898,0.18729181587696075,0.18296214938163757,18.938777135791504,21.264043010044364,21.442186614968325,18.803541903140726,19.617858829232397,19.471652111673492,51.40231229368816,0.046923828125,1
-505.6150207519531,72.49095153808594,-27.21780776977539,21.751813888549805,-9.797381401062012,-1.7467310428619385,-17.741619110107422,-3.4561350345611572,-16.622629165649414,-3.897653579711914,-5.731507301330566,-1.4144824743270874,-2.0166475772857666,0.15202191472053528,0.20980775356292725,0.26348042488098145,0.2614268362522125,0.18281109631061554,0.21597415208816528,0.3256838321685791,0.2921667695045471,0.29603317379951477,0.34911245107650757,0.2666044533252716,0.16445162892341614,20.9037687970542,17.653907765932455,19.015494027234226,17.69032977523334,17.851114595433422,19.519035273963464,52.12802164136464,0.08272611177884616,1
-513.8477172851562,82.69342803955078,-26.10063934326172,22.500228881835938,-7.198401927947998,-5.1706366539001465,-15.642901420593262,-6.782495975494385,-18.8172664642334,-9.836936950683594,-8.385775566101074,-3.1659746170043945,-3.455341100692749,0.12044075131416321,0.1691998839378357,0.2633008658885956,0.2876099646091461,0.2916385531425476,0.2187008112668991,0.1269342452287674,0.18292532861232758,0.21201704442501068,0.20612797141075134,0.24777664244174957,0.17110300064086914,18.724657616712793,19.26365856346797,19.79489950292008,18.35649328240423,18.253529207819568,18.868377041822185,49.1641133898478,0.04029822716346154,1
-519.98974609375,49.4953727722168,-15.572002410888672,30.314085006713867,-3.0597450733184814,-0.9674555659294128,-9.149744033813477,-7.267356872558594,-14.417139053344727,-6.56686544418335,-10.40782642364502,-4.927271842956543,-6.53825044631958,0.16777603328227997,0.14412973821163177,0.18042244017124176,0.23064306378364563,0.20203301310539246,0.20282211899757385,0.26352348923683167,0.2985391318798065,0.292859822511673,0.42167651653289795,0.4095967710018158,0.26965469121932983,18.30522526827315,18.408708080859356,19.27002561309426,16.722874920264214,18.39624796413119,19.602971764857635,50.59947190882259,0.08910381610576923,1
-521.5240478515625,83.18877410888672,-21.415727615356445,18.800437927246094,-7.7844061851501465,3.66086745262146,-18.019824981689453,-5.1528120040893555,-26.88211441040039,-4.9356231689453125,-2.3759853839874268,-3.543872356414795,-4.390814781188965,0.1790328174829483,0.15439638495445251,0.17825688421726227,0.19507957994937897,0.23199494183063507,0.14550252258777618,0.12120369076728821,0.18439581990242004,0.2407994568347931,0.2701045870780945,0.19150495529174805,0.20925962924957275,19.54899244928057,19.916958725412474,19.743632307298387,17.838797853654707,18.23270763829306,18.523669883804242,51.03676057747956,0.05831956129807692,1
-509.5548095703125,70.8193359375,-15.626029014587402,33.53408432006836,-3.020277261734009,-4.454379558563232,-8.237438201904297,-5.683419227600098,-17.442886352539062,-11.676505088806152,-12.62875747680664,-9.033844947814941,-7.935950756072998,0.13594859838485718,0.12443806231021881,0.19662156701087952,0.2859819829463959,0.21904930472373962,0.11105403304100037,0.06967755407094955,0.09839652478694916,0.16557547450065613,0.3310863971710205,0.3034716844558716,0.2339961975812912,19.64893468372423,21.077987557882135,20.017733071389983,17.336715573053716,18.989175930724258,19.57506744113166,49.78548955961192,0.040050330528846156,1
-557.2130126953125,56.062347412109375,-14.455029487609863,18.199249267578125,-2.148364782333374,9.738991737365723,-11.328638076782227,-5.2182183265686035,-9.31643009185791,-3.7269949913024902,-6.757635593414307,-9.285415649414062,-3.331240177154541,0.20457111299037933,0.2088424116373062,0.1877286583185196,0.22355428338050842,0.2205626368522644,0.15930677950382233,0.13280488550662994,0.20476588606834412,0.3618415594100952,0.5400390625,0.3246796429157257,0.22115346789360046,16.412439489850524,17.87543774452511,17.440382262245535,16.81928987256033,18.20566174839778,17.057921786231347,50.37448350910604,0.07198392427884616,1
-509.874755859375,73.80268859863281,-9.861491203308105,14.580912590026855,-7.199538707733154,0.5777114629745483,-11.087969779968262,-8.034250259399414,-22.596206665039062,-12.743377685546875,-9.105292320251465,-7.0843610763549805,-5.958942413330078,0.17859971523284912,0.1499471515417099,0.17229023575782776,0.1242009848356247,0.11372123658657074,0.13434694707393646,0.11380486190319061,0.10008879750967026,0.20248524844646454,0.3950834274291992,0.4287625849246979,0.303296834230423,17.9510200394107,22.499197527137255,22.801092643266095,19.889576514832864,19.234094121340583,19.69458454338179,50.793713667275966,0.05166015625,1
-512.6878051757812,78.0052719116211,-18.187713623046875,13.069803237915039,-12.858043670654297,6.6719231605529785,-15.32048511505127,-5.861608505249023,-22.462779998779297,-3.8577353954315186,-7.93821907043457,-7.717034339904785,-6.039093971252441,0.21627777814865112,0.21944572031497955,0.20464225113391876,0.23540526628494263,0.25590816140174866,0.19664712250232697,0.16609887778759003,0.21076522767543793,0.2818327844142914,0.2500306963920593,0.21896840631961823,0.20066241919994354,16.880978932395983,18.02609142536104,17.927665038565294,16.139854978541983,16.96768945425873,17.28631919342187,48.82588825954275,0.06433293269230769,1
-538.1369018554688,63.569156646728516,-10.607210159301758,18.768402099609375,-15.996636390686035,4.087739944458008,-10.705585479736328,-3.2018625736236572,-16.755136489868164,-6.310249328613281,-4.941163063049316,-3.098466157913208,-2.4395592212677,0.15886709094047546,0.11900535970926285,0.18120792508125305,0.26927027106285095,0.2596638798713684,0.1595405489206314,0.16008517146110535,0.18586067855358124,0.27214401960372925,0.4325251579284668,0.3649093508720398,0.24254527688026428,17.481685597166877,19.084722356248324,18.554408245304295,17.82336423019002,17.464805291117745,18.073697997019057,50.40409324552419,0.08319185697115385,1
-580.9588012695312,49.131744384765625,-7.836829662322998,7.098423004150391,-4.694615840911865,1.8340733051300049,-8.03279972076416,-6.1511406898498535,-15.214497566223145,-6.1949357986450195,-3.5212368965148926,-3.9566266536712646,-2.355241298675537,0.10054381191730499,0.14275656640529633,0.2973472774028778,0.4100935161113739,0.2711362838745117,0.12967129051685333,0.09731342643499374,0.06490564346313477,0.06221051514148712,0.06829836964607239,0.07883239537477493,0.08610673248767853,17.674582424577846,20.467407880543483,20.27834620542325,19.341624890859837,18.947874847827393,19.02811775512257,41.433802854622655,0.03315805288461538,1
-571.7855834960938,54.696144104003906,-8.562568664550781,21.940099716186523,-6.3967180252075195,7.203904151916504,-18.467050552368164,-3.6439807415008545,-15.725793838500977,-2.5452394485473633,-4.927516460418701,-2.559171199798584,-0.422868549823761,0.25772660970687866,0.2715218961238861,0.20225739479064941,0.15517657995224,0.14390768110752106,0.23962409794330597,0.1446974128484726,0.11280842125415802,0.20392294228076935,0.3197096586227417,0.44767725467681885,0.3362759053707123,14.32487791686467,18.276345736400184,18.793157801600913,16.418621903730443,16.684516519867948,16.41749719457516,49.70395901537888,0.08383037860576924,1
-510.8475341796875,82.12672424316406,-21.091018676757812,16.149511337280273,-5.556144714355469,0.7863513827323914,-17.08807945251465,-6.963504314422607,-19.97501564025879,-4.249021053314209,-6.163078784942627,-5.540755271911621,-5.268742561340332,0.15942710638046265,0.07679086923599243,0.10858112573623657,0.16707418859004974,0.12299729883670807,0.07263518124818802,0.12761539220809937,0.16927441954612732,0.2649841904640198,0.44052067399024963,0.382720410823822,0.3010540306568146,18.159248585156625,20.41879549906957,19.751363272995366,18.389630177105747,18.694881471348094,18.584874331343883,50.04824183709075,0.055833082932692304,1
-542.1299438476562,71.84427642822266,-18.907337188720703,29.369251251220703,-10.932737350463867,10.422443389892578,-17.92466163635254,-5.050220489501953,-20.13642120361328,-11.583889961242676,-11.115848541259766,-3.3221707344055176,-2.421076774597168,0.22239923477172852,0.17146684229373932,0.18923960626125336,0.13930313289165497,0.09163809567689896,0.09104134142398834,0.13311684131622314,0.21960560977458954,0.3185092508792877,0.3575464189052582,0.2882952392101288,0.26950258016586304,16.707355492009395,18.1993813201293,20.104705138940943,17.3356867191447,16.96666005940389,16.901587149252123,49.74033110275602,0.06867112379807692,1
-493.31158447265625,54.27993392944336,-16.17424201965332,40.608638763427734,-18.098388671875,8.370534896850586,-22.450218200683594,5.490230083465576,-9.426446914672852,-3.7686655521392822,-7.020304203033447,-7.747649192810059,-2.5627498626708984,0.3038727343082428,0.32448744773864746,0.42009925842285156,0.35369566082954407,0.276141881942749,0.25736892223358154,0.2475748509168625,0.21299000084400177,0.23893918097019196,0.2759358286857605,0.3177192807197571,0.2974413335323334,17.943139433521562,15.68732388701501,16.9583800821998,15.488184150495576,16.609593212235,17.26795489953558,51.2432180203777,0.121533203125,1
-464.4908752441406,89.28563690185547,-27.765094757080078,31.608518600463867,-15.60210132598877,2.5089235305786133,-26.52227783203125,5.41062593460083,-11.416027069091797,-3.291156053543091,-9.635586738586426,-5.739624977111816,-4.043172359466553,0.1896609216928482,0.10180263221263885,0.07141958922147751,0.1512187123298645,0.3881736993789673,0.5217000842094421,0.29957205057144165,0.08579855412244797,0.07785090804100037,0.09652715921401978,0.08898728340864182,0.1587095558643341,25.26946712897027,20.07230338168276,19.59689384041198,17.717283695537354,17.192276158614415,16.87273307824515,51.041243416171945,0.04591721754807692,1
-419.6204833984375,74.71305084228516,-14.287110328674316,35.40250778198242,-33.442420959472656,20.80318260192871,-31.957372665405273,1.9362577199935913,-7.8219404220581055,-3.0120205879211426,-11.200027465820312,-5.066361904144287,-1.321458101272583,0.11720431596040726,0.11543236672878265,0.14670643210411072,0.19719640910625458,0.31340187788009644,0.4061368703842163,0.27315768599510193,0.2214842587709427,0.2665571868419647,0.2592602074146271,0.19619764387607574,0.13957631587982178,22.295686007822606,16.433228629327086,16.747403290148224,15.058687511614723,16.45709287010384,15.486654251912894,52.4273349841849,0.07958233173076923,1
-456.97271728515625,81.42471313476562,-19.56787872314453,40.16036605834961,-11.378326416015625,-5.626683235168457,-24.473663330078125,3.628030300140381,-15.106898307800293,-1.5745598077774048,-10.118338584899902,-5.352348327636719,-6.018077850341797,0.070667564868927,0.10941896587610245,0.14415884017944336,0.2053915411233902,0.31639495491981506,0.4103238880634308,0.37154674530029297,0.19922488927841187,0.1373845785856247,0.09093797951936722,0.09869427978992462,0.08339861035346985,23.590868987836558,18.0473026063195,17.300627068294787,16.414789711747286,17.27392361852339,18.787712095614733,50.762409890116686,0.05015024038461539,1
-478.58587646484375,88.89202117919922,-16.691984176635742,23.377511978149414,-24.790651321411133,17.181198120117188,-31.183914184570312,14.769933700561523,-12.15647029876709,-3.1020009517669678,-3.089961051940918,-6.730522155761719,-3.332313060760498,0.1169193908572197,0.13655515015125275,0.18987953662872314,0.2562490999698639,0.33110344409942627,0.3949330151081085,0.3377394676208496,0.25171154737472534,0.24857591092586517,0.25021547079086304,0.1703270524740219,0.14029446244239807,21.27594923838222,14.81560471415578,14.572780206284985,15.379769814376699,15.565429319929043,16.757913992314716,50.946338183514996,0.09568434495192307,1
-463.9280090332031,83.55842590332031,-21.92108154296875,29.889537811279297,-22.786422729492188,12.441497802734375,-27.329334259033203,9.09060001373291,-15.171467781066895,-0.00959437433630228,-5.554399013519287,-9.728362083435059,-3.2166709899902344,0.15467791259288788,0.17627692222595215,0.2549881339073181,0.35484814643859863,0.2992189824581146,0.31415635347366333,0.3479161858558655,0.34362444281578064,0.29307863116264343,0.18715642392635345,0.16217029094696045,0.14506115019321442,20.589763515561465,13.992042855831526,15.235967670941776,15.002497041520618,15.01730368053379,15.829231980774967,50.66161248315517,0.09116962139423077,1
-444.6448974609375,72.58419036865234,-21.24199676513672,40.02241897583008,-15.12027645111084,6.7507781982421875,-29.248716354370117,7.971086025238037,-17.908313751220703,-3.5551748275756836,-8.832971572875977,-9.251981735229492,-5.005370140075684,0.15347854793071747,0.08790197223424911,0.12064258754253387,0.1918865293264389,0.2675095498561859,0.24338428676128387,0.24406598508358002,0.2080085277557373,0.22226129472255707,0.22750462591648102,0.222597137093544,0.2979752719402313,21.624201406951705,16.254101383493666,18.307657970662618,15.277273448985191,16.197538189976505,16.969384216716474,51.83624562547224,0.08384915865384615,1
-486.64385986328125,77.65666961669922,-21.34949493408203,36.49045944213867,-17.228357315063477,9.161879539489746,-30.821176528930664,8.554342269897461,-14.845078468322754,-3.346980094909668,-7.583373069763184,-3.795562267303467,0.040297698229551315,0.1409308761358261,0.1736041009426117,0.2078753113746643,0.21075855195522308,0.27854397892951965,0.4182007312774658,0.3495541512966156,0.30820542573928833,0.1868271380662918,0.14437785744667053,0.1731647104024887,0.15345382690429688,19.838326964286555,16.112113785752772,16.746275033561318,16.179435803954842,16.424628900398005,17.73424123410118,50.842034889446595,0.09017427884615385,1
-547.7135620117188,66.92646026611328,-19.790613174438477,27.418676376342773,-11.888278007507324,2.071991443634033,-18.97711753845215,4.036498069763184,-9.792848587036133,2.3667612075805664,-3.8510072231292725,-6.4921650886535645,-3.6204819679260254,0.080951988697052,0.07196183502674103,0.1417253017425537,0.26787853240966797,0.2895597517490387,0.32476040720939636,0.2696153223514557,0.18001416325569153,0.14346446096897125,0.12754549086093903,0.10778962820768356,0.12061227113008499,20.908657495555893,16.76215057103444,16.25093655795613,15.75074020313282,16.78036765368247,16.799415123047726,43.25984455138275,0.05207331730769231,1
-466.9634704589844,86.61506652832031,-14.706336975097656,21.087554931640625,-13.63109016418457,0.7314971685409546,-24.56414222717285,7.644618988037109,-13.377394676208496,0.12487711012363434,-5.464238166809082,-6.976606845855713,-2.6525845527648926,0.11258993297815323,0.11827857047319412,0.17587819695472717,0.3243212401866913,0.41845643520355225,0.3857384920120239,0.24681663513183594,0.13911598920822144,0.16388338804244995,0.12058380246162415,0.16128288209438324,0.15743210911750793,24.45743970530391,18.932648560852968,18.14500774934881,18.609206643364438,17.858557382075908,19.64423596840958,52.39942509197145,0.07361778846153846,1
-425.83978271484375,80.36658477783203,-27.43167495727539,40.7364387512207,-17.63283920288086,1.3956633806228638,-31.142087936401367,-2.645263433456421,-12.662370681762695,0.7367890477180481,-8.169999122619629,-5.597794055938721,-5.09398078918457,0.14074358344078064,0.16897496581077576,0.179422527551651,0.15250562131404877,0.247995525598526,0.4764445126056671,0.366389662027359,0.22488832473754883,0.1638721376657486,0.12418633699417114,0.11460039764642715,0.1149047464132309,23.938375538281484,16.16731805875191,17.458983719477082,15.690013023126546,16.48804325913057,17.579708513197065,50.55912387973306,0.07077824519230769,1
-466.4832458496094,83.05290222167969,-16.59616470336914,36.170166015625,-22.820465087890625,2.0574939250946045,-29.284990310668945,9.115371704101562,-15.392065048217773,-1.7795403003692627,-7.5856804847717285,-6.753264427185059,-3.3626174926757812,0.09463615715503693,0.08374006301164627,0.13498534262180328,0.17544794082641602,0.19958029687404633,0.3017577826976776,0.33074191212654114,0.3786771297454834,0.3393721282482147,0.2090526819229126,0.22036392986774445,0.17024929821491241,20.103143654509708,14.576044576841454,16.977390672201494,16.491179737277854,15.851704527536452,16.985550902381792,50.830684440744065,0.08580228365384615,1
-449.5022888183594,68.66473388671875,-27.593706130981445,32.058006286621094,-16.180986404418945,5.778459548950195,-23.558837890625,3.6140942573547363,-10.970348358154297,-2.94610857963562,-5.625396251678467,-5.1097588539123535,-5.4339280128479,0.11314507573843002,0.09019098430871964,0.09723059833049774,0.10920034348964691,0.22946716845035553,0.453997403383255,0.29331251978874207,0.25763440132141113,0.2313896268606186,0.17465806007385254,0.10363653302192688,0.09712240844964981,22.278000605666726,18.77678119105441,19.658864296584355,16.140833560450464,16.999670173208024,18.11158776821007,50.7467296721719,0.07350135216346154,1
-548.67822265625,50.807796478271484,-19.7044677734375,19.718904495239258,-20.125999450683594,12.944396018981934,-19.729875564575195,7.755003929138184,-14.390839576721191,2.7611355781555176,-3.0638375282287598,-6.216206073760986,-3.683286666870117,0.09091564267873764,0.09534036368131638,0.14821241796016693,0.1791922003030777,0.2119247019290924,0.2823282778263092,0.26730892062187195,0.23546406626701355,0.2181156724691391,0.19475622475147247,0.15181873738765717,0.09521685540676117,19.385670129338866,14.853037294355415,15.865191546430175,14.857980549110728,15.492572215593356,17.029765957520105,40.88621037520436,0.09205603966346154,1
-438.92950439453125,79.45365905761719,-20.644561767578125,36.0033073425293,-19.663558959960938,5.903553485870361,-32.002044677734375,0.4843340814113617,-14.770124435424805,-1.014901041984558,-9.516046524047852,-7.725603103637695,0.32868480682373047,0.24100111424922943,0.2112496942281723,0.20514555275440216,0.17439913749694824,0.2284754365682602,0.34192582964897156,0.34933724999427795,0.2841915190219879,0.2007921040058136,0.15728047490119934,0.218345046043396,0.22740858793258667,21.671283517568213,15.7924373464572,17.64315113509688,16.133835746909178,16.261756699541127,17.72198729745067,51.134839087009794,0.08451021634615384,1
-444.85247802734375,71.7728500366211,-22.455825805664062,13.677606582641602,-16.887462615966797,6.2671098709106445,-20.245691299438477,-1.5190849304199219,-9.784222602844238,1.4525887966156006,-3.601733922958374,-8.40541934967041,-8.052732467651367,0.23405884206295013,0.1566256284713745,0.14025543630123138,0.16901716589927673,0.2372550368309021,0.22476573288440704,0.22502478957176208,0.3188071846961975,0.3002220094203949,0.30581608414649963,0.338349312543869,0.40515410900115967,18.929879962637894,15.563649339947226,16.913301474416095,16.352015362805957,16.65809356041545,17.560617856115886,50.40551517379841,0.09132361778846154,1
-456.5831604003906,83.94073486328125,-31.3079776763916,34.07663345336914,-23.338987350463867,1.5379313230514526,-17.936725616455078,3.3995933532714844,-16.671438217163086,-0.9507579803466797,-9.52784252166748,-4.463687896728516,-7.721309185028076,0.116581991314888,0.08848749101161957,0.10129532963037491,0.16206802427768707,0.1556839942932129,0.1502535343170166,0.1762317717075348,0.2920982539653778,0.4628153443336487,0.3659032881259918,0.2048010379076004,0.15627482533454895,20.394236748355105,17.514806100241806,19.62268411718727,16.80351863917715,17.418701965924978,18.814847198910954,50.3922103403319,0.06405123197115385,1
-463.9113464355469,72.71273803710938,-12.463628768920898,37.80056381225586,-15.427375793457031,6.245730400085449,-29.364160537719727,6.101353645324707,-14.549708366394043,-2.966172933578491,-4.552071571350098,-5.198676109313965,-3.0666067600250244,0.09689372032880783,0.10623288154602051,0.14020942151546478,0.2409183830022812,0.36468639969825745,0.38442033529281616,0.32529082894325256,0.18568019568920135,0.14771869778633118,0.10096065700054169,0.11391463130712509,0.11128470301628113,21.62442090016496,17.783087217164507,16.140622538151355,15.769961753739294,16.977960794407068,17.219998263153972,51.943328990373175,0.07381685697115385,1
-481.017578125,70.047119140625,-21.95656394958496,28.647483825683594,-19.72040557861328,13.200202941894531,-26.119508743286133,0.006340554915368557,-11.654446601867676,-1.9420415163040161,-1.210050344467163,-6.534802436828613,-3.0847511291503906,0.1985909342765808,0.2096870094537735,0.22850508987903595,0.2655359208583832,0.21204182505607605,0.2475806325674057,0.3301725387573242,0.24283015727996826,0.22161078453063965,0.31027838587760925,0.28217098116874695,0.2794632017612457,17.335359876733484,13.974098706311656,15.373525752412252,15.064840164637857,15.230527372158827,15.953398326303333,47.905274337155454,0.10474384014423077,1
-442.32769775390625,80.35687255859375,-26.496912002563477,29.13808250427246,-21.817779541015625,8.546197891235352,-25.497825622558594,4.093240737915039,-11.792604446411133,-2.2830045223236084,-8.087957382202148,-10.813751220703125,-6.241730213165283,0.11644219607114792,0.10973487049341202,0.11791858077049255,0.1622885912656784,0.2615712881088257,0.49668648838996887,0.4168049693107605,0.20421867072582245,0.1536816656589508,0.18600790202617645,0.14003799855709076,0.10545653849840164,22.774601684448115,18.195815263268308,17.09990743893752,17.272476326434948,16.712909483698535,17.85974137385125,51.4504782034862,0.07468449519230769,1
-451.0332336425781,77.90123748779297,-20.002483367919922,31.85003662109375,-20.097373962402344,11.487934112548828,-36.331520080566406,5.229365825653076,-12.689571380615234,-2.5269298553466797,-5.921860694885254,-6.475985527038574,-2.544090747833252,0.15148116648197174,0.14747557044029236,0.125711128115654,0.1618039757013321,0.25604331493377686,0.36242809891700745,0.4352109134197235,0.314779669046402,0.1798914074897766,0.11013055592775345,0.13288190960884094,0.18305599689483643,23.13694966305084,16.73553749512299,17.59319421799251,16.646690088096715,17.01988432563803,17.983155816594433,53.924183582990295,0.08828125,1
-419.145263671875,72.01920318603516,-24.554468154907227,23.066003799438477,-19.438587188720703,4.5834059715271,-28.07893180847168,-0.23417793214321136,-16.526674270629883,-4.064300537109375,-7.805840969085693,-7.262190341949463,-6.160745143890381,0.34492072463035583,0.3691202998161316,0.3287087082862854,0.20900872349739075,0.1124778687953949,0.12260962277650833,0.13988801836967468,0.1455855369567871,0.1765819787979126,0.2202019840478897,0.24221283197402954,0.3700091242790222,16.224859383951667,17.559963944155815,19.822543150618745,17.52215996392759,17.460435778759646,17.753081784942765,50.55419772497936,0.08212890625,1
-465.9310607910156,87.64734649658203,-23.262187957763672,34.04541015625,-17.627351760864258,4.735720634460449,-24.287067413330078,7.079827785491943,-14.60436725616455,0.4505012631416321,-3.9189035892486572,-10.440279006958008,-7.648633003234863,0.0871710330247879,0.11592646688222885,0.12504661083221436,0.17348964512348175,0.2678737938404083,0.3747265636920929,0.43833938241004944,0.38881194591522217,0.23751087486743927,0.1267257034778595,0.13509394228458405,0.11796656996011734,23.15997760956702,15.713178248943137,17.28011746975205,16.295317242591448,16.218872872763683,16.219024193088984,50.28466378337061,0.06014122596153846,1
-440.40692138671875,71.3880615234375,-23.412805557250977,40.14676284790039,-20.133346557617188,3.71968936920166,-25.136981964111328,1.9697701930999756,-15.656943321228027,-1.9789952039718628,-6.301529884338379,-8.69518756866455,-5.624785423278809,0.0694475993514061,0.05490738898515701,0.10005127638578415,0.19473886489868164,0.14838764071464539,0.18278728425502777,0.2650904953479767,0.3586077094078064,0.5076379776000977,0.34570440649986267,0.21013662219047546,0.11612416058778763,21.10958224311863,16.08255941766638,18.380655802407855,16.478361929649797,16.508823364124442,17.52382560389133,49.98552582198942,0.07870342548076924,1
-542.8468627929688,60.822784423828125,-21.711647033691406,20.266984939575195,-12.46135425567627,3.7517926692962646,-12.830769538879395,-0.4722101092338562,-6.484231472015381,-0.5903931856155396,-3.532355308532715,-1.532277226448059,-2.760096311569214,0.13562415540218353,0.1077808290719986,0.15484221279621124,0.23281577229499817,0.18940798938274384,0.18401986360549927,0.20308423042297363,0.1409517526626587,0.11588926613330841,0.15147234499454498,0.15700595080852509,0.18652741611003876,19.251735039806253,16.792931246300828,17.14926815781629,16.030791350601124,16.734524140826938,17.100514181393248,40.27608986259289,0.05259164663461539,1
-565.9207763671875,49.36557388305664,-11.969209671020508,15.589444160461426,-13.040690422058105,4.502146244049072,-15.564382553100586,1.7359802722930908,-10.892367362976074,-1.017310380935669,-3.215594530105591,-5.517454624176025,-1.3690814971923828,0.218054860830307,0.1907794177532196,0.12200190126895905,0.09874163568019867,0.11027788370847702,0.11551786959171295,0.16397732496261597,0.16116009652614594,0.14506204426288605,0.19844546914100647,0.22834934294223785,0.23824766278266907,16.665357571230505,15.747946843207274,16.93219726380868,16.425210701097004,16.24833557333059,16.891799226609574,38.665031267975785,0.05916466346153846,1
-385.3768005371094,76.6152114868164,-30.969228744506836,25.995882034301758,-28.112951278686523,3.2888267040252686,-12.222050666809082,-2.766409158706665,-17.02321434020996,-4.868627548217773,-6.525635719299316,-8.470605850219727,-9.330839157104492,0.1944093406200409,0.16634449362754822,0.19115649163722992,0.1302623748779297,0.12691205739974976,0.260808527469635,0.4218931794166565,0.29755908250808716,0.19642002880573273,0.17839129269123077,0.22167687118053436,0.24033892154693604,19.80399689045115,17.33779466702676,18.500370080989246,16.091636069354145,16.703447995714345,17.42438540651517,50.07701004955922,0.06979041466346154,1
-456.5024108886719,93.75159454345703,-25.018407821655273,30.1796875,-21.767471313476562,9.223058700561523,-26.295499801635742,0.9655020833015442,-14.062665939331055,-7.591148853302002,-10.701874732971191,-8.424253463745117,-8.713830947875977,0.06939750909805298,0.08939357101917267,0.15403376519680023,0.310737669467926,0.4023338258266449,0.3327348530292511,0.23557589948177338,0.19357407093048096,0.16861435770988464,0.14787544310092926,0.1017628163099289,0.07011081278324127,24.204937474585144,17.55579404461748,16.280267585388074,16.34527743526206,16.616566002718837,16.31969402991471,50.02163312102106,0.04599984975961539,1
-556.044677734375,53.818763732910156,-11.716261863708496,13.384076118469238,-13.418253898620605,3.3829193115234375,-13.525566101074219,1.1837111711502075,-6.565288543701172,-2.890627861022949,-1.049513339996338,-1.2760759592056274,-1.642457127571106,0.08233438432216644,0.10119426250457764,0.13118769228458405,0.19909456372261047,0.2401478886604309,0.24640969932079315,0.21883298456668854,0.13622961938381195,0.05166219174861908,0.05973716825246811,0.12344876676797867,0.11219851672649384,20.235366563036166,15.750682185473773,16.29085598861233,16.159342203472097,16.33306432431566,16.35766535561011,35.5542988356155,0.026554987980769232,1
-492.83197021484375,68.36493682861328,-24.241628646850586,27.72254180908203,-14.929187774658203,1.1895108222961426,-20.32469940185547,1.269565224647522,-8.088898658752441,0.3567203879356384,-6.206508636474609,-5.158043384552002,-3.8632383346557617,0.18477149307727814,0.15132644772529602,0.14575910568237305,0.20910534262657166,0.2131914645433426,0.19215762615203857,0.25081852078437805,0.28811851143836975,0.38513439893722534,0.45016616582870483,0.2963152825832367,0.25404617190361023,17.234958080055282,14.713049903772152,17.266455789318698,15.88994829204365,15.295051606211613,16.237019281399974,47.7032982397374,0.084326171875,1
-487.483154296875,76.650146484375,-23.622600555419922,28.667482376098633,-20.11663246154785,6.858597755432129,-21.126441955566406,5.981634616851807,-8.250603675842285,-0.11445058882236481,-4.435166358947754,-7.002686977386475,-1.7843557596206665,0.2375120222568512,0.21357488632202148,0.18224944174289703,0.21105124056339264,0.3812968134880066,0.40185344219207764,0.30077776312828064,0.27658936381340027,0.23066364228725433,0.2232111245393753,0.21643096208572388,0.21283742785453796,19.740136389904915,14.49773847662586,15.910150484695826,16.40050150315115,16.052027626084012,16.34656833580865,49.08912624971538,0.07755033052884615,1
-436.7454528808594,72.89340209960938,-21.355321884155273,39.17729568481445,-15.955821990966797,9.67114543914795,-28.674943923950195,6.9666056632995605,-15.373361587524414,-2.01094651222229,-11.609100341796875,-10.238282203674316,-4.09483528137207,0.09209666401147842,0.08148903399705887,0.08516083657741547,0.10040672868490219,0.2259393185377121,0.4789528548717499,0.46979212760925293,0.2911100387573242,0.17072539031505585,0.15120252966880798,0.11909995973110199,0.0819479301571846,24.334136890261735,17.151022586725265,17.593276689619454,15.59729391241666,16.669620128694888,17.86971118698896,51.604574600494786,0.08996018629807692,1
-480.37542724609375,90.10426330566406,-23.112884521484375,27.851181030273438,-16.60923957824707,8.335476875305176,-30.753751754760742,7.156937122344971,-15.610417366027832,4.684276580810547,-3.8523752689361572,-6.814445495605469,-3.224581241607666,0.1265329122543335,0.08621498197317123,0.16464588046073914,0.37843239307403564,0.4711880683898926,0.4044246971607208,0.18485362827777863,0.1352265626192093,0.14458608627319336,0.11432411521673203,0.15363933145999908,0.1685628443956375,23.14960676263844,18.368093310611854,16.9871514093388,16.90967576056105,17.027404526572862,17.93744575247833,52.5335738547959,0.07683293269230769,1
-453.2286376953125,75.63219451904297,-22.452775955200195,28.130945205688477,-24.02220916748047,6.046331405639648,-28.735843658447266,8.449042320251465,-15.142870903015137,-2.2434895038604736,-6.395012855529785,-5.281036376953125,-4.289987087249756,0.14612135291099548,0.12618912756443024,0.15106481313705444,0.159580260515213,0.21725769340991974,0.3142763078212738,0.3173033893108368,0.22771885991096497,0.214088574051857,0.22915054857730865,0.2307351976633072,0.21466830372810364,19.002260563045457,17.582168051357872,17.4604238301507,16.495903604552836,16.18868908277604,17.34190632608608,51.501903702405045,0.08856295072115385,1
-534.4943237304688,74.30438995361328,-17.34323501586914,27.96843719482422,-21.1092586517334,8.466811180114746,-26.148189544677734,11.426932334899902,-13.878950119018555,1.3493255376815796,-5.904946327209473,-6.669810771942139,-2.98109769821167,0.1451198011636734,0.1473248153924942,0.12655194103717804,0.13327400386333466,0.21991156041622162,0.33872106671333313,0.3184638023376465,0.23268751800060272,0.22755122184753418,0.19762146472930908,0.15765896439552307,0.1372344195842743,17.867862226507267,12.976108465762026,14.643615959919886,14.461300574074917,13.844915188134216,14.65491006540704,45.13015694752164,0.07413987379807692,1
-429.05859375,81.82615661621094,-15.696556091308594,26.183645248413086,-17.24563217163086,8.567059516906738,-36.13975524902344,4.064567565917969,-12.881330490112305,-3.5891830921173096,-7.330234050750732,-5.78983736038208,-2.04697322845459,0.13133220374584198,0.13103489577770233,0.18433627486228943,0.22130510210990906,0.27080994844436646,0.39179036021232605,0.3526057004928589,0.20818041265010834,0.18209823966026306,0.18829335272312164,0.19598183035850525,0.18587562441825867,23.030029729530654,17.31935612976238,17.11105719777682,16.053809333683823,17.288258399271925,18.218118024952442,51.39305493191538,0.086572265625,1
-478.44281005859375,83.34750366210938,-12.658154487609863,37.80799865722656,-24.487592697143555,5.623177528381348,-33.104583740234375,6.285501956939697,-15.40120792388916,-4.557882785797119,-6.036815643310547,-5.2837653160095215,-0.8876258134841919,0.14627350866794586,0.17265109717845917,0.21529702842235565,0.20893366634845734,0.17151933908462524,0.24583567678928375,0.3002827763557434,0.31176304817199707,0.2606348693370819,0.17947371304035187,0.17387959361076355,0.17792631685733795,20.452825608290542,15.564604415118165,15.7054541375037,15.392946457453126,15.101802459511664,16.55864336095111,51.03112682979404,0.08138897235576924,1
-490.53472900390625,91.53768157958984,-18.735017776489258,29.939821243286133,-21.487430572509766,7.721782207489014,-24.024137496948242,10.391386032104492,-16.001100540161133,-4.952395915985107,-6.65994119644165,-6.178762435913086,-3.031991958618164,0.07826638221740723,0.13149096071720123,0.1597476601600647,0.17510147392749786,0.2704026997089386,0.3906998932361603,0.39532190561294556,0.25813087821006775,0.18086056411266327,0.15335005521774292,0.09872845560312271,0.06583886593580246,21.651572200399997,16.326647026466034,16.31835823585287,15.953716017284611,15.448150650409856,15.810947076539623,50.709896653292226,0.05749323918269231,1
-455.2896728515625,75.91317749023438,-16.388032913208008,30.86960220336914,-14.622757911682129,1.3667465448379517,-22.19549560546875,0.7591383457183838,-11.957828521728516,-6.9434356689453125,-9.611443519592285,-6.596817493438721,-7.6585693359375,0.09851619601249695,0.092427559196949,0.1661093533039093,0.19781340658664703,0.23044639825820923,0.2933989465236664,0.25914424657821655,0.34087827801704407,0.33331283926963806,0.24961034953594208,0.15338222682476044,0.11476307362318039,21.30582943378455,16.697323167658503,18.64371874743352,17.001118966681254,17.113735198923578,18.68333864880991,49.35565168704036,0.06686448317307692,1
-452.95452880859375,83.21834564208984,-32.63505172729492,24.370393753051758,-19.778406143188477,-2.37026047706604,-23.06216812133789,0.9770652651786804,-10.620147705078125,-5.106937408447266,-6.810594081878662,-6.224813938140869,-8.541746139526367,0.0658709779381752,0.05473458766937256,0.07036790251731873,0.12992222607135773,0.176754429936409,0.15970563888549805,0.12410134822130203,0.24554158747196198,0.40153831243515015,0.4360998272895813,0.2583082318305969,0.10208450257778168,19.947167754331037,18.08952289728658,20.27020694601729,17.859852179279937,17.917223548550997,18.846220190472327,49.19547232027317,0.06002103365384615,1
-445.9346008300781,92.46202087402344,-36.281166076660156,22.320354461669922,-24.7071533203125,0.18847830593585968,-21.046525955200195,2.1503822803497314,-13.509024620056152,-3.3875553607940674,-5.958745002746582,-5.179182052612305,-6.87905740737915,0.1641378551721573,0.11139556765556335,0.1152428463101387,0.10846202075481415,0.16840760409832,0.25808092951774597,0.26388275623321533,0.20320041477680206,0.17284493148326874,0.33803310990333557,0.38157859444618225,0.30477282404899597,17.431620781039,15.946791265501743,17.418189265275654,16.404233171505453,16.25125605166227,17.71603439540812,49.0805816635084,0.06014873798076923,1
-450.6725158691406,75.8770751953125,-12.990622520446777,37.10795974731445,-14.048578262329102,4.110045909881592,-34.13616943359375,9.623948097229004,-13.585524559020996,0.5547477006912231,-6.789319038391113,-7.756667137145996,-5.132968902587891,0.06216510757803917,0.06548190861940384,0.09466753154993057,0.18840265274047852,0.35733047127723694,0.520763635635376,0.35388240218162537,0.1255289912223816,0.08121298253536224,0.08541666716337204,0.12000446766614914,0.09903186559677124,23.23817727150949,19.94729238633831,18.291918864999726,17.670419505500014,17.291426861803792,18.471882195680298,53.1988177353605,0.07490234375,1
-444.1395568847656,79.85195922851562,-18.361230850219727,29.33778190612793,-19.063146591186523,3.70414662361145,-26.04425048828125,3.358015537261963,-16.043399810791016,-3.8351564407348633,-9.105571746826172,-8.180129051208496,-7.619306564331055,0.17031338810920715,0.14660300314426422,0.0994931310415268,0.11980009078979492,0.19195926189422607,0.29542890191078186,0.27543333172798157,0.26394256949424744,0.31688615679740906,0.25332754850387573,0.19017769396305084,0.19233037531375885,22.369331491559347,17.490977710051165,18.486538296988808,17.22838421578911,17.84473431707773,19.18155484432016,51.671608333926294,0.08410456730769231,1
-507.5959167480469,76.5484619140625,-14.387018203735352,35.78515625,-19.382888793945312,10.010640144348145,-25.946979522705078,9.672235488891602,-14.094500541687012,-2.263461112976074,-6.2597246170043945,-9.093782424926758,0.37416088581085205,0.13266286253929138,0.1578105390071869,0.1661072075366974,0.188993439078331,0.3316294252872467,0.3729083836078644,0.2294456660747528,0.2029988169670105,0.25308001041412354,0.13848699629306793,0.11538587510585785,0.15526872873306274,21.364910531829754,17.46750334839304,18.720423701867745,16.928554970746134,16.762913189723406,17.443824198035422,51.98445379806245,0.07400465745192308,1
-398.55450439453125,76.98676300048828,-35.62563705444336,42.45952606201172,-20.254114151000977,3.0513479709625244,-31.82505226135254,-1.25587797164917,-12.631631851196289,-3.489147901535034,-10.309473991394043,-4.816799640655518,-4.655358791351318,0.1327076256275177,0.15343497693538666,0.17195388674736023,0.18987493216991425,0.13929583132266998,0.26879000663757324,0.30801475048065186,0.21594929695129395,0.23444326221942902,0.23988930881023407,0.24330490827560425,0.15287400782108307,22.8808260217322,19.262934874937407,18.86764799270086,16.281410119637197,17.684638132158273,19.38284615976898,52.15117368103603,0.06329251802884615,1
-406.44073486328125,89.22245788574219,-38.823883056640625,26.711259841918945,-24.43498420715332,-4.272337913513184,-30.388723373413086,2.3834338188171387,-19.845375061035156,1.6311506032943726,-7.4573140144348145,-1.3005714416503906,-2.6446547508239746,0.2589035630226135,0.30207547545433044,0.28656861186027527,0.25910407304763794,0.27722734212875366,0.2808724045753479,0.17643652856349945,0.1256873905658722,0.16742540895938873,0.20902085304260254,0.18243920803070068,0.20039984583854675,19.06161274879151,16.411036794701342,16.991357729481866,16.851820658998236,16.47760896585628,18.936999553081737,51.70400758072866,0.06867112379807692,1
-417.15985107421875,79.73045349121094,-22.72153091430664,30.979963302612305,-18.878721237182617,4.724268913269043,-35.861297607421875,0.3597213923931122,-12.83976936340332,-8.539006233215332,-7.596618175506592,-5.2062482833862305,-6.3733296394348145,0.14537671208381653,0.12381064891815186,0.11672744899988174,0.1653929203748703,0.18951870501041412,0.22804683446884155,0.27236801385879517,0.2353534698486328,0.25040140748023987,0.24106034636497498,0.24093103408813477,0.1844150424003601,20.785342770237378,16.54327210970537,18.169801222996718,16.629957367468467,17.594789635267578,18.753157894121507,50.36638828878707,0.06952749399038462,1
-450.26641845703125,77.99638366699219,-20.007291793823242,30.756872177124023,-16.46834373474121,5.907357215881348,-26.003971099853516,4.794064521789551,-11.666666984558105,-4.092848300933838,-7.9457855224609375,-8.17156982421875,-5.788506031036377,0.058167964220047,0.05319706350564957,0.07067904621362686,0.12869201600551605,0.1987476944923401,0.2835594415664673,0.3724430501461029,0.35088425874710083,0.20560778677463531,0.09428773075342178,0.10436570644378662,0.12425030767917633,24.47547757314106,19.891487585413124,20.522767501136233,18.054126671996695,18.093799059559096,19.0153199863946,51.801282573298614,0.06172626201923077,1
-476.2176818847656,77.74248504638672,-26.730003356933594,35.99504089355469,-17.38011360168457,4.599092960357666,-21.108863830566406,-0.7503211498260498,-9.641998291015625,-2.8505027294158936,-4.299452304840088,-3.132366895675659,-5.961315155029297,0.09754346311092377,0.07980954647064209,0.08498620241880417,0.12700381875038147,0.18230006098747253,0.16056393086910248,0.11949928849935532,0.18521054089069366,0.3704591989517212,0.475043922662735,0.3308902084827423,0.1617884486913681,17.326238923695502,17.699686762463106,19.038383128525897,16.497449440208843,17.181459214746884,17.81092435551991,48.99586361514399,0.06304086538461538,1
-539.699951171875,47.69349670410156,-23.40206527709961,14.718036651611328,-13.21666145324707,0.9886558055877686,-14.028039932250977,-1.5650053024291992,-9.526546478271484,2.2413244247436523,-3.7051594257354736,-4.546736717224121,-1.0857137441635132,0.12790712714195251,0.13157440721988678,0.17529194056987762,0.18798956274986267,0.1636001020669937,0.16324308514595032,0.12716622650623322,0.14827744662761688,0.15665364265441895,0.10436993837356567,0.11384506523609161,0.15361261367797852,17.609187570879886,13.746449197528744,14.507906510812559,15.09449741458381,15.048468439005926,15.927619771793063,33.37696107631429,0.035344641978346455,1
-431.80780029296875,86.1528549194336,-27.36806869506836,24.024898529052734,-23.168386459350586,8.78469181060791,-30.554777145385742,1.2454568147659302,-7.480571269989014,-2.3044826984405518,-5.467344760894775,-5.093559265136719,-6.577409267425537,0.10985179245471954,0.10712940990924835,0.14614562690258026,0.2373819798231125,0.25660693645477295,0.3292948007583618,0.37206751108169556,0.3309853971004486,0.30509620904922485,0.22212079167366028,0.13137368857860565,0.14471301436424255,23.06766280313528,15.961594194738018,17.938121799875617,16.780993176591675,17.619112274095723,17.814884933298995,51.11303295490732,0.07262995793269231,1
-456.3059997558594,77.64714813232422,-23.24753189086914,30.04647445678711,-18.846599578857422,7.491194248199463,-25.252607345581055,4.554676532745361,-12.048787117004395,-3.4970474243164062,-6.04880952835083,-7.494091510772705,-3.730099678039551,0.15575933456420898,0.1553305685520172,0.14036814868450165,0.1333083212375641,0.2358149141073227,0.400521844625473,0.42696383595466614,0.3041333556175232,0.2580130696296692,0.18248525261878967,0.12807078659534454,0.14039912819862366,21.401914237944368,15.871199317767703,17.099766311156973,15.801133552412088,16.008375910328265,16.570662875070692,50.14314005286938,0.08482196514423077,1
-444.5419921875,77.53831481933594,-15.668291091918945,31.581539154052734,-21.324514389038086,10.236002922058105,-30.347970962524414,6.478235721588135,-18.051063537597656,3.062314033508301,-7.273711681365967,-6.92065954208374,-6.303569316864014,0.07251729816198349,0.06359801441431046,0.08132440596818924,0.10195326060056686,0.1592964231967926,0.3540022373199463,0.3892841041088104,0.27838125824928284,0.24784255027770996,0.17328579723834991,0.17887242138385773,0.12808609008789062,24.13298727763489,17.42218197802095,17.463879518646102,16.48622887238693,16.55051264171586,18.914567630915872,51.74677212058544,0.09719801682692308,1
-430.59429931640625,73.74476623535156,-17.353551864624023,24.616886138916016,-19.19036865234375,9.192715644836426,-29.081308364868164,5.718979835510254,-18.526453018188477,-2.0204455852508545,-5.69050407409668,-7.120640277862549,-4.220780849456787,0.16464076936244965,0.19308632612228394,0.14148864150047302,0.09744008630514145,0.09497606009244919,0.11200643330812454,0.1477898806333542,0.21387730538845062,0.3039785325527191,0.3653198778629303,0.34728285670280457,0.22180084884166718,18.585168675898583,16.54075493550513,19.157509978967195,17.216533904487452,16.826063682968744,17.691149079311888,53.00919718871479,0.08866060697115384,1
-483.73736572265625,89.58885192871094,-25.79620361328125,27.795021057128906,-30.14282989501953,12.715797424316406,-20.588605880737305,8.210233688354492,-11.603381156921387,1.1893744468688965,-3.1339752674102783,-9.688791275024414,-7.784526348114014,0.08775287866592407,0.11540604382753372,0.20053471624851227,0.2880982458591461,0.34032905101776123,0.28633978962898254,0.3065880239009857,0.2684890627861023,0.23978105187416077,0.18899540603160858,0.12593284249305725,0.10535109043121338,21.633988986488504,16.453378360853787,16.082562113372305,15.751750969955284,16.102303549506743,16.496064646080974,51.16028767582452,0.075537109375,1
-514.252197265625,70.42308044433594,-11.04401683807373,27.3421573638916,-16.109954833984375,8.874337196350098,-27.751903533935547,8.425654411315918,-14.47401237487793,4.27515983581543,-2.0159528255462646,-4.696675777435303,-2.4812753200531006,0.14083829522132874,0.15095454454421997,0.22899144887924194,0.31138908863067627,0.2519495487213135,0.26364782452583313,0.26561394333839417,0.19828735291957855,0.2048840969800949,0.19213275611400604,0.22855490446090698,0.16700910031795502,19.895373369879458,15.558414135769908,16.73695568489792,15.242489365353121,16.087632716169434,18.06786431345644,49.94718862002785,0.11532076322115385,1
-431.5447692871094,71.79312133789062,-20.660911560058594,30.96885108947754,-17.22865867614746,5.252867698669434,-27.88360595703125,7.3901801109313965,-15.098747253417969,-3.8832380771636963,-11.147530555725098,-11.537833213806152,-5.842273235321045,0.1945732831954956,0.1696561574935913,0.10043073445558548,0.0824183002114296,0.1055247038602829,0.1500515341758728,0.20615607500076294,0.2782563865184784,0.36451002955436707,0.3543131351470947,0.26632779836654663,0.20408296585083008,21.338607177016613,19.002959768500602,20.037563887555915,18.446313059973782,17.000977919616002,17.784944710781073,53.505492408385415,0.07672400841346154,1
-446.1054992675781,64.35263061523438,-23.978425979614258,37.02216720581055,-20.25428581237793,7.962317943572998,-27.01165771484375,-2.5889697074890137,-13.424031257629395,-1.409049153327942,-7.544528007507324,-6.115998268127441,-4.49538516998291,0.2617051303386688,0.1987735778093338,0.15939445793628693,0.14835654199123383,0.14667314291000366,0.24757255613803864,0.29811128973960876,0.30887216329574585,0.26367270946502686,0.272295206785202,0.28291353583335876,0.27872541546821594,18.881886793214388,15.854976534816684,18.068884516947154,15.657883394365937,16.427550305794977,17.27375574948761,49.8663980343369,0.1037334735576923,1
-531.9866943359375,75.90277099609375,-17.345958709716797,39.949546813964844,-15.140667915344238,13.028964042663574,-28.46949005126953,6.577639579772949,-8.274580955505371,1.6422172784805298,-4.690322399139404,-6.617748737335205,1.0575367212295532,0.1780596226453781,0.19561046361923218,0.3042442202568054,0.42400211095809937,0.3861755430698395,0.3682573139667511,0.2567921578884125,0.19575408101081848,0.23081359267234802,0.2825816869735718,0.2587246298789978,0.22516393661499023,18.941952595916426,14.049011235330429,14.35682928188651,13.964998920107613,15.623537887438323,15.20249197959044,49.692072977536064,0.09598482572115384,1
-451.6510009765625,80.43712615966797,-22.7698917388916,28.156274795532227,-17.992868423461914,1.5611451864242554,-30.035512924194336,4.206915855407715,-13.304486274719238,-1.45347261428833,-9.574676513671875,-3.3468496799468994,-4.458889007568359,0.10105101764202118,0.09895603358745575,0.12356957793235779,0.10281430929899216,0.13505315780639648,0.3039342164993286,0.3816951811313629,0.44421446323394775,0.2800333797931671,0.1713532954454422,0.1490541696548462,0.08781475573778152,21.934578657558024,17.123027506559207,19.247079626745702,17.89833033599839,16.951922100367412,19.35269430635288,50.887860010509755,0.08748497596153847,1
-602.4544677734375,55.89735794067383,-9.06415843963623,19.25092315673828,-15.630170822143555,8.886063575744629,-17.02122688293457,9.014571189880371,-10.444171905517578,-2.171541929244995,-3.9424850940704346,-3.3854892253875732,-0.9735482335090637,0.07901005446910858,0.14383630454540253,0.23378291726112366,0.2426709234714508,0.1953008472919464,0.23018155992031097,0.16233140230178833,0.13955093920230865,0.14232130348682404,0.13084958493709564,0.19525451958179474,0.12474025040864944,17.201064666076956,13.593204663871656,14.145653225394938,14.67882546939976,14.569404822307474,14.980071851590552,37.123042454016,0.067724609375,1
-478.31982421875,69.4359359741211,-19.31724739074707,37.00418472290039,-17.675111770629883,11.733125686645508,-37.65235900878906,6.002363204956055,-14.366354942321777,2.2396457195281982,-6.980710506439209,-6.791160583496094,0.45314767956733704,0.17159239947795868,0.1213216558098793,0.15359407663345337,0.14309680461883545,0.19310608506202698,0.28134769201278687,0.2956298887729645,0.2967393100261688,0.29197582602500916,0.23722189664840698,0.2904929220676422,0.36200112104415894,20.06561664646932,15.319108962410075,17.627327919848295,15.930498533345794,16.858702772118807,17.54271470677666,52.481404794228645,0.13289513221153845,1
-457.68487548828125,79.33248138427734,-24.524328231811523,26.702144622802734,-23.135583877563477,8.604246139526367,-25.295406341552734,4.379027366638184,-18.715429306030273,-0.5466930866241455,-4.1949143409729,-7.54332971572876,-7.569838047027588,0.05884569510817528,0.07163886725902557,0.08696253597736359,0.1311669498682022,0.23322413861751556,0.2622413635253906,0.2037457525730133,0.23627778887748718,0.31875079870224,0.4658742845058441,0.2803317904472351,0.10939161479473114,20.11636944146279,16.487266244243873,18.392896856131937,16.97302483252797,16.178463631953477,17.873772968034384,50.43478464295931,0.08565204326923077,1
-502.0282897949219,67.7155990600586,-14.24299430847168,26.575754165649414,-8.963790893554688,4.09799337387085,-30.854568481445312,-0.1151047945022583,-8.341333389282227,-5.542301654815674,-8.601541519165039,-6.422029972076416,-5.919267177581787,0.1335454285144806,0.1351228952407837,0.1908620297908783,0.22068357467651367,0.2326923906803131,0.20354770123958588,0.21236933767795563,0.22879867255687714,0.26854589581489563,0.2308914214372635,0.1857246458530426,0.1655939221382141,21.789342390556854,16.585612719504663,17.47534657893467,16.974877131423003,17.1725487034437,17.515897516443655,44.57796145684181,0.053857421875,1
-438.073974609375,80.31184387207031,-27.215696334838867,29.81466293334961,-18.150453567504883,4.206185340881348,-32.200767517089844,-0.8988234400749207,-11.400129318237305,-0.4352644085884094,-9.460901260375977,-5.6849565505981445,-6.774478435516357,0.09341110289096832,0.07315266132354736,0.09004108607769012,0.1368989199399948,0.15379248559474945,0.2867376208305359,0.4160107672214508,0.28412342071533203,0.2714129686355591,0.23741163313388824,0.2270808219909668,0.16749753057956696,20.332413594656913,17.614274250281102,19.01464324504238,17.355928706118664,18.407905118068964,19.524556464364377,51.21973726876571,0.08316556490384615,1
-452.63262939453125,72.46707916259766,-17.98261833190918,47.983760833740234,-14.036300659179688,7.369982719421387,-32.682960510253906,4.69691276550293,-15.47734546661377,-2.868351697921753,-8.125407218933105,-6.166810512542725,-2.181807518005371,0.1481454223394394,0.10321249812841415,0.10785190016031265,0.20357558131217957,0.4305647909641266,0.5754234194755554,0.2944524586200714,0.11078768223524094,0.09147705882787704,0.0957530066370964,0.11009835451841354,0.1604231894016266,22.7117553786111,16.82860304342114,17.29707701679967,15.410818921153401,16.129220410263684,16.83097532396176,51.684893610586926,0.08192983774038462,1
-493.7869567871094,85.25753021240234,-12.324267387390137,32.7352294921875,-20.532594680786133,10.002676963806152,-26.047061920166016,8.197911262512207,-19.609664916992188,-3.844953775405884,-7.172541618347168,-6.11103630065918,-2.216005563735962,0.13742981851100922,0.16769440472126007,0.19397248327732086,0.21417982876300812,0.2913709282875061,0.27369406819343567,0.2569830119609833,0.3735886514186859,0.2885347306728363,0.1804879605770111,0.13444629311561584,0.14253774285316467,20.728955430183227,15.460832153865692,18.149508260835375,16.658731472270745,15.697959052480313,16.291802802189167,52.299542971277994,0.06876878004807692,1
-435.63336181640625,77.74359893798828,-35.40993118286133,32.0153694152832,-21.703121185302734,2.8903396129608154,-20.756391525268555,-2.801344394683838,-10.615673065185547,0.6670229434967041,-6.673591136932373,-8.653350830078125,-9.523744583129883,0.1148243099451065,0.11241737008094788,0.1292310208082199,0.18292811512947083,0.23524536192417145,0.20610909163951874,0.20386040210723877,0.22448299825191498,0.36265453696250916,0.5619516372680664,0.3246183395385742,0.1543266773223877,18.75581805661035,16.593855280514163,19.41006006904037,17.37126171552474,17.957752652418225,20.38435347852815,50.31680602104562,0.07507136418269231,1
-427.65960693359375,74.59522247314453,-19.12738037109375,30.915178298950195,-21.172687530517578,6.257204055786133,-25.386432647705078,2.836662530899048,-13.85466480255127,-3.379498243331909,-6.6113457679748535,-8.136656761169434,-6.326103687286377,0.10537100583314896,0.10077247023582458,0.09715157747268677,0.13999532163143158,0.262299120426178,0.30217456817626953,0.33272841572761536,0.3022899329662323,0.32103610038757324,0.2811349630355835,0.20054250955581665,0.19039475917816162,21.99244816833272,16.567654065506257,18.14422260152726,17.65775173758991,17.159355493067178,18.435506833062924,51.668586458394664,0.08112605168269231,1
-447.4985656738281,73.25286865234375,-25.321687698364258,36.72185516357422,-24.09841537475586,8.895655632019043,-25.981592178344727,6.350582122802734,-14.808770179748535,-1.2802536487579346,-9.185379981994629,-5.851870536804199,-2.9094905853271484,0.08905500918626785,0.09889426827430725,0.1257420778274536,0.13905227184295654,0.2564352750778198,0.386676162481308,0.292629599571228,0.2883562445640564,0.28529927134513855,0.2801041007041931,0.2747405767440796,0.1563449501991272,20.69748967814207,16.311311000708436,17.060187899283918,16.19091580458483,16.192605741777044,16.475127472444424,50.860524646353994,0.09296123798076923,1
-594.2459106445312,42.67363739013672,-9.609601974487305,17.29469871520996,-12.708523750305176,1.3937084674835205,-17.592540740966797,5.3543806076049805,-8.848785400390625,1.1207422018051147,-3.8458824157714844,-3.745588779449463,-0.9466074705123901,0.051735151559114456,0.06390943378210068,0.0924740880727768,0.18307316303253174,0.16605161130428314,0.16911235451698303,0.13928623497486115,0.1302923858165741,0.1580272763967514,0.1821565181016922,0.1870405524969101,0.0916968360543251,15.658394369663245,13.579019929616893,13.869104850826483,14.172777966785693,13.208496810951702,14.651072381585927,32.288893420778734,0.06513296274038462,1
-471.1849060058594,85.57759094238281,-22.11752700805664,30.923433303833008,-20.960535049438477,7.379791259765625,-23.69696807861328,5.724250793457031,-11.448637008666992,-1.5748330354690552,-6.664485454559326,-9.477903366088867,-6.964376926422119,0.08628354966640472,0.08942662924528122,0.1280517280101776,0.19630534946918488,0.29634755849838257,0.36397650837898254,0.3499843180179596,0.24215808510780334,0.2187606543302536,0.175563246011734,0.12313638627529144,0.1046641394495964,20.127266956529386,16.217201990408096,16.12881876546575,15.252634125347756,15.073742873490541,15.61056265990659,49.275314246956285,0.06505033052884615,1
-392.29620361328125,71.16236114501953,-35.05160903930664,22.934345245361328,-24.670400619506836,1.4770103693008423,-29.16839599609375,-0.8349893689155579,-18.19333267211914,-0.007411898113787174,-5.878450870513916,-6.638680934906006,-4.262166500091553,0.340888112783432,0.23305970430374146,0.1381448209285736,0.12148018926382065,0.1006603017449379,0.10624302923679352,0.1623372882604599,0.26633188128471375,0.2217676043510437,0.148126021027565,0.13285475969314575,0.1894993931055069,16.953779683807515,17.211882745705225,17.505683717415323,17.00615981404916,17.286741721779748,17.965257720250772,48.70086332030914,0.07118013822115385,1
-546.5479736328125,64.98062133789062,-16.654537200927734,23.67668914794922,-14.211241722106934,9.873382568359375,-20.442869186401367,5.752956390380859,-9.697345733642578,-1.1031163930892944,-4.763742446899414,-6.191049098968506,-2.2692453861236572,0.08428136259317398,0.09345623850822449,0.11600339412689209,0.19438187777996063,0.2623698115348816,0.2644039988517761,0.19457170367240906,0.17997488379478455,0.13972705602645874,0.16345739364624023,0.13706526160240173,0.12375947833061218,18.485421962531912,15.004618091186785,15.401229121195708,14.114071141221512,15.1076128553944,15.369612915721527,42.331350748245136,0.06463341346153846,1
-456.3739929199219,81.59782409667969,-25.618106842041016,21.899484634399414,-18.83812141418457,-1.0256266593933105,-19.150739669799805,-1.1432548761367798,-9.493165969848633,-0.7576274871826172,-3.6525826454162598,-5.0783915519714355,-3.346123218536377,0.23013247549533844,0.20093956589698792,0.19910071790218353,0.17268329858779907,0.30607110261917114,0.5169419646263123,0.2776762545108795,0.20889240503311157,0.19428427517414093,0.16617800295352936,0.11512257903814316,0.14379723370075226,21.9054372191239,16.807318986356798,17.34808526259541,16.26595019230336,16.539297852182315,17.697053117962806,49.2846735906917,0.06779972956730769,1
-486.4477233886719,74.5526123046875,-25.85270118713379,35.358802795410156,-21.801977157592773,7.75556755065918,-27.094560623168945,3.926332950592041,-13.055563926696777,-2.751507520675659,-8.328115463256836,-6.0042877197265625,-5.2744526863098145,0.060760851949453354,0.05668555200099945,0.09678839147090912,0.11652076244354248,0.12948574125766754,0.20463117957115173,0.2633008062839508,0.37171298265457153,0.38176459074020386,0.25046056509017944,0.17289641499519348,0.1287340521812439,20.01093826228028,15.839752834533423,16.619983975053078,15.327553381696978,14.750375208740078,15.554008725365517,47.038751667596145,0.07371544471153846,1
-460.0141296386719,85.21727752685547,-27.173419952392578,36.97516632080078,-19.766355514526367,3.533372163772583,-26.63205909729004,2.3009936809539795,-10.461078643798828,-1.459419846534729,-9.445100784301758,-4.7779974937438965,-1.186572790145874,0.20712436735630035,0.2258181869983673,0.13528504967689514,0.1748117208480835,0.3587319552898407,0.3566688597202301,0.28033676743507385,0.21396180987358093,0.17759856581687927,0.14389313757419586,0.16780121624469757,0.24203181266784668,22.80066603731124,16.667088742265854,17.54083721133658,16.188466862224747,16.082962762598463,17.521327197250024,49.3861687919102,0.07201397235576923,1
-490.14849853515625,68.65119171142578,-18.39638900756836,46.41017150878906,-17.416521072387695,8.247424125671387,-27.186262130737305,7.4122700691223145,-12.81521987915039,-2.2461864948272705,-7.799837112426758,-8.2422456741333,-1.9542531967163086,0.18502956628799438,0.1553642749786377,0.16994290053844452,0.22527074813842773,0.26997971534729004,0.2751559615135193,0.2926274240016937,0.3740151524543762,0.40638038516044617,0.352716326713562,0.28331267833709717,0.21242929995059967,19.95648120480569,14.320869609520031,16.950099909419063,14.44982762663705,15.06778327182489,15.644667502108087,49.487150428305995,0.09158653846153846,1
-454.4767150878906,93.93208312988281,-29.795398712158203,24.947633743286133,-17.81468391418457,0.5323662757873535,-21.946218490600586,8.252970695495605,-13.081080436706543,-1.2657585144042969,-6.92704963684082,-6.019190311431885,-5.038951873779297,0.09510636329650879,0.11541184782981873,0.1453191339969635,0.1784895658493042,0.26608479022979736,0.44650399684906006,0.3654962480068207,0.23076847195625305,0.17398211359977722,0.15423788130283356,0.10774680972099304,0.08034408837556839,23.225279510818737,16.63225565538126,17.13072522226712,17.025406680942222,16.72202873095747,17.661335044049576,50.09000289183155,0.06602689302884615,1
-447.76092529296875,76.31348419189453,-15.004876136779785,30.94145965576172,-10.008110046386719,-1.9627916812896729,-30.79855728149414,1.4813733100891113,-10.810702323913574,-0.9324219822883606,-8.608611106872559,-6.74127197265625,-4.309224605560303,0.15484121441841125,0.10258609801530838,0.06202225387096405,0.10647672414779663,0.24535152316093445,0.35916346311569214,0.35406970977783203,0.28549933433532715,0.18936848640441895,0.10888191312551498,0.12731651961803436,0.16064228117465973,24.576878115601097,19.17319574008628,19.747862299095285,18.322820612214553,18.43133580226914,19.013977946394746,51.8359624359044,0.06687199519230769,1
-469.7674865722656,84.1748046875,-23.27337074279785,29.14101219177246,-20.435415267944336,8.324995994567871,-29.09144401550293,5.31085729598999,-16.44976806640625,-1.2417300939559937,-6.320150852203369,-6.343181133270264,-2.888958215713501,0.23667749762535095,0.15698333084583282,0.10220088809728622,0.15738996863365173,0.23802469670772552,0.19471475481987,0.16346141695976257,0.197692409157753,0.2577841579914093,0.2952158749103546,0.27805715799331665,0.29539331793785095,19.19295209304427,16.276293334536756,17.715869574003275,16.089443344459323,16.736494350607348,16.962491960005906,51.32997116233024,0.06990309495192308,1
-465.12298583984375,73.26912689208984,-17.165348052978516,26.54686737060547,-14.27852725982666,6.185057640075684,-31.966796875,1.9551849365234375,-16.133575439453125,1.2354145050048828,-7.217283725738525,-8.378463745117188,-4.46696138381958,0.13412880897521973,0.10976315289735794,0.11492277681827545,0.14693787693977356,0.14222431182861328,0.14524729549884796,0.21050168573856354,0.37934187054634094,0.4294857084751129,0.298211932182312,0.2922994792461395,0.2253427803516388,20.932065841044214,15.794855390863638,18.633077658716978,16.73388355937334,16.88231594175781,18.55201536818937,51.42084842577066,0.10818810096153846,1
-508.71148681640625,57.35386276245117,-15.8074312210083,16.688438415527344,-8.677017211914062,3.777141809463501,-23.140365600585938,2.398742198944092,-11.332374572753906,-1.119152307510376,-4.856293201446533,-3.9538767337799072,-1.4872337579727173,0.16639915108680725,0.13105152547359467,0.11370306462049484,0.1427132487297058,0.14906620979309082,0.1857265681028366,0.25630131363868713,0.2108738124370575,0.19081181287765503,0.1929982602596283,0.16105879843235016,0.1619749665260315,19.515270945757507,16.492722052732073,16.2756442542325,15.721932611653749,16.707026144169973,16.963996119495125,41.429120749506495,0.072802734375,1
-492.2296142578125,74.03765106201172,-1.9806932210922241,47.3764533996582,-17.615697860717773,9.132813453674316,-28.874588012695312,7.18082332611084,-12.20323657989502,-4.009232521057129,-6.278724193572998,-7.338963031768799,-1.6631866693496704,0.10398125648498535,0.1306784451007843,0.29762810468673706,0.4363480508327484,0.4174017906188965,0.3168635666370392,0.16530346870422363,0.11797959357500076,0.13389496505260468,0.18202146887779236,0.21862967312335968,0.16947519779205322,21.28769648746283,16.538786225605428,16.224509006890457,15.435281471215413,16.21231145139987,16.34822737979046,51.51522585711196,0.08214017427884615,1
-455.70758056640625,68.81253051757812,-16.9791202545166,39.76643753051758,-18.957576751708984,4.814730644226074,-33.1364631652832,4.662633419036865,-15.1981201171875,-3.3068246841430664,-6.962207317352295,-6.295803546905518,-3.241353750228882,0.16575364768505096,0.13758444786071777,0.16397830843925476,0.20722761750221252,0.21715602278709412,0.2247675061225891,0.24648091197013855,0.26330628991127014,0.33291882276535034,0.2907106280326843,0.21014511585235596,0.20713700354099274,19.541867391138595,16.612512214335172,18.18124424717492,16.717746189470773,16.703060593606914,17.34645770462029,52.215794497726755,0.0954852764423077,1
-432.8028869628906,83.06137084960938,-25.977725982666016,26.792011260986328,-20.26039695739746,3.4499316215515137,-21.023338317871094,6.062389373779297,-9.498149871826172,-3.5472073554992676,-6.889546871185303,-4.221820831298828,-8.52965259552002,0.10840871185064316,0.17787282168865204,0.30411383509635925,0.29181116819381714,0.2937774062156677,0.3395892083644867,0.3205409348011017,0.24366693198680878,0.21415796875953674,0.16768765449523926,0.17561429738998413,0.10052057355642319,22.281141291738983,17.356778848879983,17.528999702680654,16.86221510862227,17.762655025992252,19.447407994629653,51.573623212045504,0.07628831129807692,1
-484.23699951171875,70.08049011230469,-26.147844314575195,26.054481506347656,-24.64467430114746,3.421356678009033,-24.1796875,5.597023963928223,-16.757152557373047,-1.2005431652069092,-3.0994651317596436,-1.723101258277893,-0.1839638650417328,0.21429072320461273,0.18263468146324158,0.13033348321914673,0.18707410991191864,0.28134825825691223,0.279216468334198,0.21787330508232117,0.22214195132255554,0.22155322134494781,0.14293739199638367,0.14332613348960876,0.15370754897594452,19.31142980365286,15.60533422950742,16.11321543202507,16.060931607854023,15.619315965897055,16.728545239474883,44.584103824971635,0.07752779447115385,1
-425.6753234863281,80.88211059570312,-34.60573196411133,28.568445205688477,-13.959473609924316,0.3951180875301361,-26.911178588867188,6.406972408294678,-8.67021369934082,0.04611973464488983,-8.454460144042969,-8.742040634155273,-4.397828102111816,0.12411465495824814,0.09793787449598312,0.11407435685396194,0.1431754231452942,0.3171607255935669,0.5011833906173706,0.38702860474586487,0.24733443558216095,0.1850690394639969,0.1226244643330574,0.10835810005664825,0.10722274333238602,25.259198537034468,18.519760410709576,18.577484106525663,17.236243548964953,17.471669247315624,18.03726615238126,51.25292926475781,0.07025991586538462,1
-429.709228515625,89.50677490234375,-19.45325469970703,28.306589126586914,-20.64431381225586,6.102749347686768,-21.790178298950195,5.296925067901611,-15.278182983398438,-1.1136810779571533,-6.514522552490234,-7.122779369354248,-7.488060474395752,0.09387652575969696,0.1364772468805313,0.22539372742176056,0.3215464949607849,0.3755086660385132,0.3946508765220642,0.35725370049476624,0.21825751662254333,0.13464319705963135,0.10576800256967545,0.11167743057012558,0.09656981378793716,23.29374720623135,16.544696674216237,15.024187318747025,15.504910261961799,16.250436248884775,17.985027345520322,51.172375048707735,0.059329927884615385,1
-481.6716613769531,82.07833099365234,-19.229774475097656,26.022502899169922,-20.580408096313477,8.878096580505371,-33.233787536621094,11.714320182800293,-18.475067138671875,-1.1819432973861694,-5.4932169914245605,-4.2541327476501465,1.3820159435272217,0.1409788876771927,0.14360925555229187,0.20957569777965546,0.25174662470817566,0.3119487762451172,0.4105839431285858,0.3183165490627289,0.1796097308397293,0.16396869719028473,0.17330622673034668,0.17805540561676025,0.1485161930322647,21.341864348070573,16.265248877099,15.77891608630633,14.783495948503905,15.130897168782155,16.394304765710142,50.641058753603325,0.08808969350961539,1
-445.79718017578125,86.6543960571289,-30.815460205078125,27.13113021850586,-27.315744400024414,5.517571449279785,-22.568927764892578,2.6009464263916016,-13.627032279968262,-0.9537243247032166,-4.8549418449401855,-7.338670253753662,-10.194185256958008,0.08550199121236801,0.08100219070911407,0.11366278678178787,0.14203175902366638,0.19143854081630707,0.31387168169021606,0.37614279985427856,0.2709687650203705,0.23758277297019958,0.3105916976928711,0.194224551320076,0.11589577794075012,22.02032482543375,17.12008533243606,17.78225797252029,16.430406535798557,16.64589417416281,17.338875928695835,50.072031849018224,0.05897310697115385,1
-440.1540832519531,73.49549865722656,-18.033571243286133,40.610557556152344,-14.222764015197754,3.2841830253601074,-31.328968048095703,5.79878044128418,-17.681415557861328,-2.4765591621398926,-10.083057403564453,-6.298407554626465,-3.2831764221191406,0.12179146707057953,0.15862497687339783,0.1818789839744568,0.22971677780151367,0.25530776381492615,0.3042857348918915,0.36231839656829834,0.33269304037094116,0.2910938560962677,0.19123072922229767,0.13706618547439575,0.12065552175045013,22.81359276420107,15.786575019351234,17.423342354997327,15.153777670780048,16.018958859900017,18.063698234052143,51.083860182147916,0.08371018629807692,1
-483.323486328125,77.83074188232422,-15.066423416137695,27.419849395751953,-16.64334487915039,11.506231307983398,-29.57158660888672,6.0287628173828125,-7.352420806884766,-4.543459892272949,-5.855428218841553,-6.844372749328613,-3.966140031814575,0.11015255004167557,0.09005817770957947,0.09230435639619827,0.24289481341838837,0.4794333875179291,0.4780608117580414,0.25888919830322266,0.1233830526471138,0.09766197949647903,0.1046452671289444,0.1380501538515091,0.1586042195558548,22.41159980003532,17.425872516759142,17.21431082620305,16.368470785458143,16.988384304845148,16.435824858260165,50.26547654849767,0.07657752403846153,1
-453.2160949707031,82.03776550292969,-27.177242279052734,32.22077178955078,-21.685855865478516,0.9894441962242126,-26.243701934814453,1.65113365650177,-10.848925590515137,-2.7074062824249268,-6.19446325302124,-3.262305736541748,-4.274596214294434,0.12207730859518051,0.15707868337631226,0.16537043452262878,0.20038479566574097,0.2161853313446045,0.32405516505241394,0.383622407913208,0.3496255576610565,0.3161802291870117,0.23343995213508606,0.14506669342517853,0.10911185294389725,21.387425800430194,16.74931034343143,17.734935254213863,16.92108234543834,16.580626507522407,17.495268249236318,49.660550848053205,0.07767803485576923,1
-533.0150146484375,70.38459777832031,-13.327624320983887,32.423038482666016,-13.037325859069824,7.12860631942749,-22.271156311035156,5.084981441497803,-10.824546813964844,1.8505992889404297,-3.9300942420959473,-5.99033784866333,-1.2016202211380005,0.14384278655052185,0.23661163449287415,0.42632532119750977,0.35108453035354614,0.2799745202064514,0.17823351919651031,0.1861780285835266,0.1576572209596634,0.14143818616867065,0.19425863027572632,0.18632692098617554,0.15152163803577423,19.273666514230666,14.581657254908588,15.407662028916354,14.76550856240922,15.119748665340307,15.826290800634784,45.03997056693221,0.07238957331730769,1
-472.9755554199219,83.79974365234375,-14.100973129272461,28.80678367614746,-14.77573299407959,1.5256197452545166,-27.432275772094727,10.277694702148438,-12.876605987548828,-1.98817777633667,-7.172693729400635,-5.837386608123779,-3.013035774230957,0.06792937219142914,0.060758739709854126,0.09258536249399185,0.20807121694087982,0.30166804790496826,0.40860864520072937,0.35217949748039246,0.23251047730445862,0.19778083264827728,0.14389273524284363,0.10061400383710861,0.08784598857164383,22.368208039370646,17.553387568271447,17.343964109976998,16.874193299316584,16.80390988411024,17.26263205696873,51.67206605830015,0.06609450120192308,1
-427.5003662109375,74.81517791748047,-25.968637466430664,31.29156494140625,-15.87476921081543,4.912423133850098,-21.428691864013672,4.778695106506348,-15.874934196472168,-2.3754069805145264,-3.658973455429077,-7.320049285888672,-4.213608741760254,0.21090306341648102,0.15544655919075012,0.22211386263370514,0.3791685104370117,0.3341151773929596,0.23747718334197998,0.2230318933725357,0.20795884728431702,0.13963155448436737,0.15471456944942474,0.24850322306156158,0.3156372904777527,20.35134803987197,15.662732086413437,17.192987638970084,14.926123074188158,15.999317808908,16.705698535500556,50.80890355224373,0.07461688701923076,1
-431.5543212890625,79.16265106201172,-25.151628494262695,23.544490814208984,-28.240394592285156,5.115856170654297,-16.275949478149414,-2.2158684730529785,-12.570560455322266,-4.9616241455078125,-3.7286312580108643,-3.439223527908325,-6.660136699676514,0.35302433371543884,0.2838953733444214,0.2443619817495346,0.2242291420698166,0.23444336652755737,0.24957814812660217,0.26649215817451477,0.3398585617542267,0.4169544279575348,0.3686383366584778,0.30122411251068115,0.29617437720298767,16.653767032910388,14.784557464504871,16.643851596231727,16.022259245486836,16.195506293060287,17.710983832837663,48.24824002339434,0.08723707932692308,1
-575.9620361328125,69.67426300048828,-16.25741195678711,33.83216857910156,-17.321510314941406,10.225982666015625,-23.069812774658203,7.878451824188232,-11.468926429748535,-0.21060356497764587,-4.791752815246582,-6.820497989654541,-2.9720046520233154,0.18737226724624634,0.16515029966831207,0.20057499408721924,0.25346288084983826,0.2930818796157837,0.3103633224964142,0.25740569829940796,0.1830439567565918,0.1895570307970047,0.20756949484348297,0.21778567135334015,0.2089618444442749,18.863113634762144,14.27096639717132,15.111325725249761,14.85109371026045,14.781417220568978,14.989926273801657,45.01640458222354,0.07060546875,1
-521.2750244140625,94.1184310913086,-19.517662048339844,33.489078521728516,-23.004432678222656,8.83945083618164,-23.48691177368164,12.90869140625,-15.317243576049805,0.9839902520179749,-3.645815372467041,-4.8760480880737305,-1.4663277864456177,0.11275212466716766,0.13260416686534882,0.2691980004310608,0.49180135130882263,0.49613019824028015,0.33096036314964294,0.20634207129478455,0.15488259494304657,0.14654220640659332,0.1520349681377411,0.18766681849956512,0.17240212857723236,22.613671533013942,16.71637549231348,15.670989609315974,16.08015098069227,16.17310306574658,17.18168120907478,52.590288359536835,0.06740159254807693,1
-437.5380554199219,69.76294708251953,-26.17827606201172,38.28355407714844,-22.66324806213379,8.90455436706543,-27.55657958984375,5.405218124389648,-13.660438537597656,0.13292424380779266,-11.153094291687012,-8.869444847106934,-8.072025299072266,0.10317783057689667,0.06937708705663681,0.08263298869132996,0.11531542986631393,0.20882786810398102,0.33885809779167175,0.24154745042324066,0.23403607308864594,0.2975253164768219,0.3161669075489044,0.16486933827400208,0.15151214599609375,23.38149447529685,17.432434025666407,19.19030233872326,17.43769244076645,16.12991770179602,18.229389976229974,51.43289675816072,0.08171574519230769,1
-487.1968688964844,63.85329055786133,-13.810866355895996,30.977895736694336,-19.27046012878418,13.933725357055664,-34.5452766418457,11.94253921508789,-13.492060661315918,2.963179111480713,-4.639456272125244,-5.232077121734619,2.378878116607666,0.20244719088077545,0.16696640849113464,0.1871645450592041,0.27948489785194397,0.34505119919776917,0.3734292984008789,0.3393826484680176,0.2521060109138489,0.27320945262908936,0.3300842344760895,0.33674490451812744,0.3265719413757324,19.226277556993914,14.396560671412487,14.745483037806437,14.790235030760496,16.195647683790558,17.39466659084644,52.858968994290535,0.16024263822115384,1
-450.5433349609375,72.36454772949219,-17.34724998474121,44.946311950683594,-18.07843017578125,2.7073745727539062,-31.221158981323242,10.322599411010742,-18.099285125732422,-0.25139281153678894,-6.357752323150635,-9.42609691619873,-4.764656066894531,0.06578975170850754,0.12703099846839905,0.2371613085269928,0.34513625502586365,0.38649192452430725,0.31217318773269653,0.13977165520191193,0.10400180518627167,0.15070578455924988,0.12316785752773285,0.11235908418893814,0.07835163921117783,24.13773607271408,18.68381107219633,17.045334077742897,17.395014379464786,16.807386297205536,17.782670264372154,52.488250716881495,0.086669921875,1
-427.6351318359375,79.999267578125,-30.065114974975586,41.65142059326172,-18.752029418945312,-0.29371947050094604,-24.734352111816406,-1.0215421915054321,-15.961113929748535,-5.039053440093994,-7.299740314483643,-3.226547956466675,-5.505772590637207,0.1286201924085617,0.14194290339946747,0.15291506052017212,0.17085155844688416,0.16414259374141693,0.2567715644836426,0.3422476053237915,0.2972961962223053,0.35181504487991333,0.34722843766212463,0.1792323738336563,0.12848496437072754,20.90503835817941,16.771920208573558,18.518649989950283,16.585708057257353,16.412369598028256,18.118701288960086,50.262958352355994,0.06541090745192307,1
-603.3951416015625,52.40799331665039,-14.288028717041016,17.0700626373291,-12.053420066833496,3.78912615776062,-9.285490989685059,2.1432318687438965,-7.334070682525635,-0.2650068998336792,-3.0440070629119873,-3.161703109741211,-3.585853338241577,0.10400228947401047,0.10720860958099365,0.17445679008960724,0.21526654064655304,0.1898052841424942,0.21274195611476898,0.22995927929878235,0.2067725509405136,0.183657705783844,0.16786150634288788,0.11554720997810364,0.10231330245733261,17.21700194524396,15.052013066343573,14.677168482379113,14.571731928864114,14.826189759532333,15.575340112301628,34.75402433415861,0.03770658052884615,1
-475.5594482421875,83.93012237548828,-26.775705337524414,33.95707702636719,-20.421409606933594,5.974245071411133,-29.47109031677246,8.783807754516602,-14.9633207321167,1.351131558418274,-5.161556243896484,-5.236518383026123,-3.388038158416748,0.14916446805000305,0.10352956503629684,0.16715991497039795,0.3343104124069214,0.37294355034828186,0.25324273109436035,0.19192147254943848,0.19199050962924957,0.2217208594083786,0.20372527837753296,0.20843705534934998,0.1654680222272873,22.540791048721243,17.641304649894742,16.6505185980001,16.572056594430673,16.509692158549612,17.894675600804497,51.989975468152714,0.09792292668269231,1
-410.3500671386719,73.28473663330078,-23.66454315185547,35.85979461669922,-23.851551055908203,-6.778987407684326,-25.21981430053711,-2.088860511779785,-10.768043518066406,-4.114500045776367,-7.563377857208252,-3.296947956085205,-2.5564773082733154,0.16146138310432434,0.17810648679733276,0.11403295397758484,0.14616462588310242,0.24936725199222565,0.28970372676849365,0.26407530903816223,0.18150001764297485,0.16529017686843872,0.15233036875724792,0.20255933701992035,0.1874549835920334,21.86175785358229,19.02608784885126,19.54035370278778,17.594320789248375,18.070880086423752,20.58398812380615,52.08148945250569,0.07531174879807692,1
-429.36328125,73.54053497314453,-19.661714553833008,29.10801887512207,-18.654600143432617,6.999826908111572,-31.36846923828125,7.321117401123047,-17.37468910217285,0.2826627194881439,-8.833317756652832,-5.1050639152526855,-4.773816108703613,0.19469110667705536,0.16972970962524414,0.16768679022789001,0.2280884087085724,0.27905702590942383,0.26910120248794556,0.23126012086868286,0.1861678510904312,0.24545812606811523,0.2957307994365692,0.3759009540081024,0.29892435669898987,21.000688835128564,16.029403718620443,17.26597530390577,17.15843771027252,16.629697774470948,19.56611463616713,53.107448716965486,0.1260441706730769,1
-468.449951171875,81.60924530029297,-32.59790802001953,36.709781646728516,-27.693317413330078,14.9498929977417,-24.566692352294922,6.024662017822266,-15.61354923248291,-0.3889086842536926,-5.8768110275268555,-8.111748695373535,-4.4128594398498535,0.15110421180725098,0.19180484116077423,0.17962536215782166,0.20020049810409546,0.29610568284988403,0.4165428578853607,0.35550540685653687,0.31295183300971985,0.2524801790714264,0.25648224353790283,0.17204999923706055,0.12494050711393356,21.055627836866947,15.34853745299994,15.971092247146078,15.309179715673613,15.399218322869535,16.189229307428608,51.693160992521214,0.10111553485576923,1
-568.931640625,70.25838470458984,-19.147014617919922,22.882610321044922,-13.350231170654297,2.4603400230407715,-22.742830276489258,0.2662191092967987,-9.63652229309082,1.0580556392669678,-4.86018180847168,-1.900331974029541,0.5768264532089233,0.1208120808005333,0.17869140207767487,0.24461688101291656,0.23482553660869598,0.23779445886611938,0.23577016592025757,0.144090935587883,0.14950217306613922,0.1714591532945633,0.1660713255405426,0.1604386419057846,0.140676811337471,18.954002133119385,14.941511778030309,16.11563343895166,15.234574640333655,15.99755474689682,16.166878675566792,40.33557557241684,0.04019305889423077,1
-448.8421325683594,72.68177032470703,-26.35087776184082,34.11298751831055,-23.454010009765625,10.245235443115234,-25.65262222290039,6.604199409484863,-13.900945663452148,-1.5074446201324463,-10.970860481262207,-11.625720977783203,-7.453178882598877,0.06969305872917175,0.07062090188264847,0.06216150522232056,0.06675795465707779,0.14730064570903778,0.2833758294582367,0.2745204567909241,0.36225995421409607,0.40089720487594604,0.3441411554813385,0.22444766759872437,0.11906761676073074,21.51898096168696,16.106545676709644,18.050501433497267,15.97258432772683,15.94566832703566,18.43232000784824,50.800324788755894,0.10449594350961539,1
-477.276611328125,67.23770904541016,-12.78931999206543,44.17888641357422,-23.3304443359375,15.056537628173828,-38.65883255004883,11.374771118164062,-19.314085006713867,-1.289476990699768,-7.425410270690918,-11.08986759185791,-3.2904245853424072,0.10112104564905167,0.06100628152489662,0.06156575679779053,0.1073422059416771,0.15095151960849762,0.2065533697605133,0.2727413773536682,0.32861998677253723,0.422563761472702,0.3481765389442444,0.21623526513576508,0.16221679747104645,19.763327274283565,14.44005953765964,17.597701535728532,15.086016807981986,15.664832593611841,16.544781059705837,51.73959572387483,0.11915189302884616,1
-447.85247802734375,74.55614471435547,-18.82499122619629,34.22579574584961,-25.6785831451416,7.533792495727539,-27.79578971862793,4.03286600112915,-12.241541862487793,-1.0403269529342651,-9.397171974182129,-8.590723037719727,-1.1500377655029297,0.13632893562316895,0.07610558718442917,0.10510922968387604,0.14663855731487274,0.28427720069885254,0.28640204668045044,0.17542105913162231,0.29633307456970215,0.3608397841453552,0.3104817867279053,0.22355176508426666,0.18550153076648712,21.668819198712125,16.72906048309031,18.835323884299726,17.6852631108445,16.472979784885997,16.354155838142358,52.27420638310342,0.06366436298076923,1
-485.4482116699219,82.47993469238281,-3.166989803314209,34.15973663330078,-14.821585655212402,8.138481140136719,-38.401832580566406,9.994867324829102,-11.457191467285156,-8.183799743652344,-5.782628059387207,-5.908190727233887,-3.6870901584625244,0.16587437689304352,0.11442995816469193,0.15224796533584595,0.24374306201934814,0.3946484625339508,0.4466741681098938,0.23943141102790833,0.13682232797145844,0.10044658184051514,0.10215028375387192,0.11254579573869705,0.17599399387836456,23.864988027959143,17.627677238588436,17.359501380826952,17.454483045914593,17.142298543125314,18.09659783781772,52.34309466630825,0.06464092548076923,1
-506.3574523925781,56.6418342590332,-23.439422607421875,24.058229446411133,-15.655200004577637,7.127338886260986,-17.507436752319336,2.921210765838623,-7.7063188552856445,-0.1178717091679573,-6.782763481140137,-8.63972282409668,-5.246669292449951,0.23987893760204315,0.1837058961391449,0.12916675209999084,0.12140322476625443,0.18713191151618958,0.3903143107891083,0.34327682852745056,0.24427571892738342,0.2315937727689743,0.27848055958747864,0.1834993213415146,0.16323748230934143,22.58467817044828,18.229012740261027,18.93266807277283,17.119914240669736,17.985341779109223,18.99185191824212,46.121807591807816,0.07524038461538461,1
-520.4971313476562,59.48695373535156,-19.114126205444336,19.492982864379883,-6.0599164962768555,-6.2161946296691895,-13.934744834899902,-1.7364046573638916,-5.015059471130371,-1.1712074279785156,-10.306565284729004,-5.870870113372803,-4.643436431884766,0.09040955454111099,0.053417883813381195,0.04306934028863907,0.05343106761574745,0.14155474305152893,0.35269618034362793,0.34502407908439636,0.22048547863960266,0.1197047308087349,0.08469641208648682,0.10718405246734619,0.09871146082878113,20.951336227151714,17.8198763452702,17.86933072154036,16.740924080013016,17.15452773909487,18.187459147511372,39.177286351783884,0.034746844951923074,1
-481.09857177734375,56.284141540527344,-30.896217346191406,30.454261779785156,-18.917526245117188,15.36270523071289,-18.06584930419922,4.858634948730469,-6.682068347930908,0.733407735824585,-7.293395042419434,-11.323171615600586,-2.9410998821258545,0.1368422955274582,0.14892902970314026,0.21409419178962708,0.17177890241146088,0.173909530043602,0.2049669325351715,0.1771300733089447,0.17709074914455414,0.20367883145809174,0.32644063234329224,0.5750712156295776,0.24121347069740295,16.437807009580908,16.779487822831534,18.988392539059895,16.07635697348487,16.703333759512176,17.74252502068969,50.01533405997802,0.11643254206730769,1
-441.00421142578125,73.5115966796875,-18.437484741210938,40.2971305847168,-20.7760066986084,2.1481151580810547,-28.787357330322266,5.646009922027588,-17.047405242919922,-3.7194643020629883,-7.526585578918457,-7.212209224700928,-8.517902374267578,0.12880483269691467,0.095737025141716,0.10268950462341309,0.14119672775268555,0.17062190175056458,0.25183311104774475,0.2634679079055786,0.25332799553871155,0.2501291036605835,0.23561008274555206,0.2489439696073532,0.2007969170808792,22.729460458872136,17.368466194360902,18.14132869527262,16.70167568635154,16.80991012256317,18.899983527872056,51.88959740228427,0.08728966346153846,1
-476.2707824707031,73.85458374023438,-16.279558181762695,35.67396926879883,-15.228621482849121,3.933217763900757,-21.113788604736328,3.41143798828125,-13.400217056274414,-3.8502724170684814,-5.922828674316406,-5.751383304595947,-3.832078218460083,0.12550689280033112,0.1514885425567627,0.2549656927585602,0.31609201431274414,0.2890153229236603,0.23449449241161346,0.22333896160125732,0.28781023621559143,0.26135849952697754,0.20112812519073486,0.20290863513946533,0.15223272144794464,20.562067301201722,16.32436395161292,16.949645456799374,15.61265444272136,16.131986244461043,16.013320760918003,49.41090597473816,0.07759915865384616,1
-592.465576171875,41.74900817871094,-10.733903884887695,13.246476173400879,-12.11856460571289,9.439614295959473,-15.979135513305664,3.4444997310638428,-8.470605850219727,0.7622801065444946,-3.0387141704559326,-0.11776533722877502,1.907794713973999,0.17353855073451996,0.1684810072183609,0.20990699529647827,0.22379887104034424,0.21950861811637878,0.18398718535900116,0.15439322590827942,0.14590832591056824,0.15856730937957764,0.1673785299062729,0.1918976902961731,0.17387759685516357,18.117798242347884,15.34625183172005,15.49498718412703,15.081988181805432,15.598576718750834,16.40263848771525,36.61229349145211,0.06952373798076923,1
-454.6826477050781,84.60771942138672,-29.672027587890625,28.923425674438477,-25.7669620513916,13.332871437072754,-25.752592086791992,6.1942362785339355,-14.106999397277832,2.8990061283111572,-4.852318286895752,-7.114614009857178,-7.856578826904297,0.13328245282173157,0.1271163523197174,0.16142988204956055,0.20490925014019012,0.2437029331922531,0.33462899923324585,0.31312286853790283,0.29289087653160095,0.3381108343601227,0.3294484615325928,0.28105610609054565,0.18258251249790192,20.29503495760139,15.303506214135961,16.685514555376464,15.542360484549024,16.736635379424367,17.85968290793939,51.72692484397896,0.09013296274038461,1
-455.4013671875,76.6473159790039,-14.365452766418457,28.98553466796875,-16.011659622192383,13.771848678588867,-28.777587890625,8.38931941986084,-15.830081939697266,-1.2627196311950684,-5.938990592956543,-9.690069198608398,-6.31484842300415,0.08199853450059891,0.07273443043231964,0.0818207785487175,0.11658624559640884,0.2029913365840912,0.34529390931129456,0.33984825015068054,0.3063444495201111,0.2582082152366638,0.17444437742233276,0.12443318217992783,0.08777888119220734,23.210137467911434,18.01090778631935,18.515578264754026,16.087657700213352,17.043774326823655,18.308085020772673,52.86022878367256,0.0903583233173077,1
-649.0840454101562,39.59785842895508,-5.085589408874512,22.0455322265625,-6.8855061531066895,7.242616176605225,-10.623706817626953,4.686580657958984,-3.5637900829315186,-0.581867516040802,-2.4533119201660156,-4.000024318695068,0.44557473063468933,0.14668120443820953,0.1290329545736313,0.13408410549163818,0.16268353164196014,0.24256306886672974,0.31888285279273987,0.2233227640390396,0.15831372141838074,0.1496088057756424,0.18473772704601288,0.16370049118995667,0.171293705701828,17.660478400262036,14.796438113787987,14.684187813658847,14.598924426532651,14.935491605589533,14.712508316105462,35.74137557193012,0.05163762019230769,1
-427.9692077636719,80.73710632324219,-19.062620162963867,25.771778106689453,-21.15753936767578,11.578461647033691,-39.67597579956055,4.258468151092529,-14.048041343688965,-5.373295307159424,-6.01448392868042,-5.7529616355896,-1.6233360767364502,0.0919802337884903,0.14745743572711945,0.14840678870677948,0.16601711511611938,0.20279929041862488,0.3445735573768616,0.3808824121952057,0.30655550956726074,0.3240114748477936,0.2941504418849945,0.21444794535636902,0.10328521579504013,21.444606332183184,17.297456192269863,18.11360609909271,17.11267039169165,18.130051780265966,18.11823149069582,52.45693160277774,0.10361328125,1
-430.6829833984375,67.41456604003906,-10.612319946289062,29.48757553100586,-23.652002334594727,2.4521615505218506,-27.496517181396484,3.0428626537323,-15.98235034942627,-4.284850597381592,-7.445812225341797,-10.098968505859375,-6.943933010101318,0.15427905321121216,0.1457398682832718,0.16433584690093994,0.2297002673149109,0.2141718715429306,0.19733774662017822,0.15636761486530304,0.1666555255651474,0.2814171016216278,0.3700357675552368,0.2335093915462494,0.16754190623760223,19.837004493381148,18.90885292574892,19.65837219086212,19.253619228172557,17.21002241184318,18.659982320063417,52.76586978525345,0.09027193509615385,1
-407.1937255859375,81.58161163330078,-36.89403533935547,29.10975456237793,-32.359806060791016,7.2637763023376465,-23.86972999572754,1.245323896408081,-15.184643745422363,-0.5666258335113525,-4.803770542144775,-5.2721638679504395,-8.834988594055176,0.2142600119113922,0.1298932284116745,0.1107618510723114,0.14839155972003937,0.2574106454849243,0.32167163491249084,0.23267972469329834,0.20469914376735687,0.23728036880493164,0.27845898270606995,0.3212570548057556,0.30518731474876404,18.553386697481542,17.24254623115167,17.62921718294654,16.498640781576523,16.90816707446935,19.183003333717632,51.42011612391164,0.08870943509615385,1
-428.5713195800781,77.49344635009766,-31.198957443237305,41.25906753540039,-20.85184669494629,2.114408493041992,-25.422517776489258,-1.3822293281555176,-13.30685806274414,-0.577578604221344,-7.305894374847412,-4.96217679977417,-4.323404788970947,0.12736736238002777,0.09406112879514694,0.190094992518425,0.3188275098800659,0.3553040623664856,0.34187084436416626,0.3174058496952057,0.23707999289035797,0.15062960982322693,0.10602350533008575,0.1727212816476822,0.22832536697387695,22.321068520931824,17.254205430633967,17.669497589014647,16.4502366871172,16.473327955293655,17.9189084999877,50.93504891160429,0.06879131610576923,1
-439.203125,77.86795806884766,-27.58411407470703,32.595489501953125,-20.656051635742188,0.9263808131217957,-17.65151023864746,1.304352045059204,-14.317916870117188,-4.393733501434326,-6.685728073120117,-6.822149753570557,-6.139194011688232,0.11061803251504898,0.0986909419298172,0.13695278763771057,0.15474772453308105,0.1821516752243042,0.3170740604400635,0.33597153425216675,0.25141221284866333,0.2617674171924591,0.2244919091463089,0.21699096262454987,0.18864941596984863,22.039151919503595,18.430061520321036,18.626371275325656,17.011965655710007,17.157361765440406,18.691192502736705,51.2943553505565,0.07042893629807692,1
-421.4472351074219,70.05168151855469,-18.25386619567871,43.17281723022461,-22.77585220336914,-1.5531914234161377,-25.141345977783203,1.2462314367294312,-14.122302055358887,-2.90806245803833,-7.799454212188721,-5.358485698699951,-4.045032978057861,0.10408336669206619,0.10368382930755615,0.11066213250160217,0.19065126776695251,0.2560678720474243,0.38204795122146606,0.38640886545181274,0.2332182228565216,0.25304433703422546,0.27589163184165955,0.20653696358203888,0.13792912662029266,20.892914104018548,16.74588943414993,17.643378666274714,16.59081825409647,17.232099833437825,19.390529987975107,51.12250432875006,0.08031099759615384,1
-460.3679504394531,75.94872283935547,-22.082632064819336,31.7100887298584,-23.047130584716797,5.666231155395508,-17.603458404541016,0.11356096714735031,-11.91373348236084,-2.5342764854431152,-2.5101003646850586,-5.495547294616699,-5.012880802154541,0.22449417412281036,0.17096439003944397,0.21967017650604248,0.32888221740722656,0.23499661684036255,0.21282926201820374,0.23512029647827148,0.2539937496185303,0.38104069232940674,0.3880491256713867,0.316372275352478,0.27917078137397766,19.442386160262448,16.304566294312675,17.694420888198966,16.992945534960704,16.20168387869668,17.22839876476207,50.62372987688986,0.07845928485576924,1
-440.9599914550781,82.12711334228516,-10.368423461914062,18.375471115112305,-16.23722267150879,4.810400485992432,-32.63821792602539,2.7427682876586914,-17.555334091186523,-4.248267650604248,-5.789201736450195,-9.167967796325684,-6.539240837097168,0.21389073133468628,0.16494359076023102,0.09510258585214615,0.12922409176826477,0.221980482339859,0.23934432864189148,0.15709824860095978,0.19539868831634521,0.2639191448688507,0.2399630844593048,0.22203589975833893,0.19845765829086304,20.31374173339037,18.969081542141858,19.376759559903242,18.63018778624451,17.585370033751595,19.084079874170268,51.777847096870374,0.06449068509615384,1
-470.860107421875,75.13188934326172,-10.295559883117676,29.77126121520996,-4.77149772644043,4.924622535705566,-25.468013763427734,8.463238716125488,-12.149479866027832,-0.9761553406715393,-4.251739025115967,-8.722968101501465,-3.2625463008880615,0.07460244745016098,0.08940818905830383,0.14728057384490967,0.2946145236492157,0.4610304832458496,0.43089941143989563,0.2804323434829712,0.12012811005115509,0.10122470557689667,0.09262774139642715,0.12296964228153229,0.09698032587766647,23.45715891882896,18.938811696405732,17.659235622628007,17.179504028876156,16.903316086606726,17.917924424076325,53.388860837787355,0.06265399639423076,1
-480.9125061035156,91.06642150878906,-12.773910522460938,31.318313598632812,-18.610122680664062,8.888904571533203,-29.409725189208984,11.059983253479004,-15.559917449951172,-1.9417774677276611,-5.1840972900390625,-7.285562038421631,-1.7012310028076172,0.10698755085468292,0.1044146865606308,0.17841987311840057,0.3633989989757538,0.4247716963291168,0.4082624614238739,0.18204832077026367,0.08939024060964584,0.08610111474990845,0.10407007485628128,0.1646728813648224,0.15191905200481415,23.45188603149287,17.366547899873535,17.522649430318282,17.092973051060802,16.970273582446687,16.936114789657406,52.56563058473864,0.06370943509615384,1
-584.321044921875,67.65907287597656,-19.42971420288086,29.386545181274414,-14.800302505493164,7.494430065155029,-22.871288299560547,8.173511505126953,-8.523040771484375,2.5706777572631836,-5.644134998321533,-7.320230960845947,-1.5696427822113037,0.13514435291290283,0.10449548065662384,0.16387391090393066,0.2029944211244583,0.24197536706924438,0.3500572144985199,0.27778834104537964,0.11707886308431625,0.12767721712589264,0.14278964698314667,0.13315916061401367,0.17572501301765442,19.61054984685445,15.743534708735877,15.701502893891679,15.216563932102101,15.183952602802915,15.187080349828134,42.87605986642302,0.06134314903846154,1
-500.875244140625,95.25432586669922,-15.543733596801758,33.175689697265625,-15.863519668579102,3.7231125831604004,-24.61481475830078,10.573450088500977,-17.44732666015625,-1.0545107126235962,-2.863964796066284,-6.082446098327637,-3.2494924068450928,0.1649765968322754,0.23213519155979156,0.3173229992389679,0.33383291959762573,0.34224051237106323,0.4127977788448334,0.3253258764743805,0.15859180688858032,0.11852307617664337,0.110907644033432,0.13687415421009064,0.14318808913230896,21.97117012019268,15.699558523084823,15.436956310778172,15.096770898171087,16.131376440329117,16.00594092126943,51.066261152903664,0.056400240384615385,1
-415.3802490234375,86.51032257080078,-26.078157424926758,30.829267501831055,-19.40156364440918,4.117498397827148,-37.90709686279297,2.7506728172302246,-15.031255722045898,-3.5713346004486084,-7.272251129150391,-10.6656494140625,-5.265085220336914,0.0959015041589737,0.1445460319519043,0.12240882962942123,0.12244628369808197,0.12778154015541077,0.20391756296157837,0.3224334120750427,0.34747856855392456,0.2949883043766022,0.19566796720027924,0.1257629096508026,0.07559521496295929,21.783263563448394,17.13894771042316,17.69546090232933,16.791408145097925,17.098247190355238,16.136227924284025,51.617131271250074,0.05931114783653846,1
-534.5121459960938,71.8945083618164,-10.207510948181152,36.12702560424805,-7.840643405914307,4.875493049621582,-20.265777587890625,4.228909969329834,-9.344594955444336,-3.7222604751586914,-5.956831455230713,-6.6380534172058105,0.5266091227531433,0.2892153561115265,0.2702496647834778,0.274338036775589,0.35398027300834656,0.3313947916030884,0.3081786036491394,0.2552436292171478,0.1936035007238388,0.14959830045700073,0.14101842045783997,0.17796534299850464,0.23741278052330017,20.159597597356395,15.509760344773571,15.735646389952766,14.983794322941387,16.215424212212767,16.891967335572897,47.79484839199246,0.06691706730769231,1
-449.1574401855469,94.00343322753906,-24.31525230407715,24.95331382751465,-20.16329002380371,1.6691045761108398,-26.16155433654785,0.0828590989112854,-8.941925048828125,-5.646851062774658,-5.107050895690918,-3.8366267681121826,-3.2183756828308105,0.184166818857193,0.22835883498191833,0.2681798040866852,0.25602906942367554,0.2984115481376648,0.42248111963272095,0.3769223690032959,0.28744351863861084,0.220361590385437,0.19791018962860107,0.12851761281490326,0.13487106561660767,23.891612088235433,15.604097941104703,16.552529008347747,16.831909717192726,17.191487113568947,16.677475920567662,49.90328816686833,0.04613506610576923,1
-398.9277038574219,65.87568664550781,-35.712432861328125,36.906639099121094,-30.132787704467773,1.3168613910675049,-32.808658599853516,-0.2266157865524292,-18.295713424682617,1.4771896600723267,-9.535888671875,-2.2337536811828613,-4.782998561859131,0.17550615966320038,0.2152896225452423,0.16685372591018677,0.08187507092952728,0.07957615703344345,0.1171783059835434,0.12750159204006195,0.21516665816307068,0.29093605279922485,0.28885698318481445,0.27212393283843994,0.2353936731815338,17.61853055082798,19.407632029952435,20.427309718423025,18.566070491504732,18.03478804472704,21.51526073975939,53.06067219687396,0.10068734975961538,1
-536.13330078125,80.43115234375,-18.05133628845215,26.10872459411621,-8.539917945861816,6.819700241088867,-22.862226486206055,4.65674352645874,-8.355636596679688,2.2006657123565674,-3.943709135055542,-8.218048095703125,0.4536060094833374,0.27717483043670654,0.20658375322818756,0.2508399486541748,0.33702921867370605,0.47840985655784607,0.4311048090457916,0.37780115008354187,0.2542141079902649,0.1931745857000351,0.23146790266036987,0.2275916188955307,0.31059530377388,21.279148469131925,13.982669484332833,15.758266025612647,14.625181546025246,16.562738212678887,15.673479040437266,49.880541167787705,0.07608548677884615,1
-399.8271484375,82.03071594238281,-51.7634162902832,19.01466941833496,-23.10987091064453,2.1857736110687256,-13.07127571105957,-3.748281717300415,-4.4266157150268555,-3.2293145656585693,-9.40788459777832,-14.402735710144043,-9.131444931030273,0.25586646795272827,0.17624616622924805,0.12628909945487976,0.18691883981227875,0.274886816740036,0.2726875841617584,0.25258365273475647,0.20315603911876678,0.2531631290912628,0.35218346118927,0.3843325674533844,0.3457967936992645,16.14176221801874,18.39714210722414,18.559019378486497,17.354116968727354,18.202378889954407,20.321757257833163,49.438726125503784,0.07638596754807692,1
-433.6693420410156,89.03323364257812,-31.517059326171875,29.06593894958496,-22.869775772094727,3.917085647583008,-27.814041137695312,-0.39631912112236023,-15.06582260131836,1.3069725036621094,-4.96693229675293,-3.9853708744049072,-2.167846441268921,0.2694387137889862,0.28189870715141296,0.29778626561164856,0.17800579965114594,0.2294500768184662,0.3473091721534729,0.36376655101776123,0.2588135600090027,0.1794138103723526,0.15409444272518158,0.1452236771583557,0.1842963844537735,20.382377244837766,14.464528637949142,16.218430741797096,15.229110711967962,15.882423362978262,16.770110712851324,50.72205353186942,0.071533203125,1
-432.7201232910156,76.63906860351562,-26.963809967041016,28.962139129638672,-16.930347442626953,8.183390617370605,-22.66861915588379,3.964238166809082,-6.952730655670166,-1.9350823163986206,-5.942988395690918,-7.120441913604736,-6.431668758392334,0.1613761931657791,0.09283582866191864,0.0870228260755539,0.13852569460868835,0.23624300956726074,0.30425533652305603,0.2586268484592438,0.20524759590625763,0.23132090270519257,0.2673378586769104,0.3081720173358917,0.2906047999858856,21.206498594391615,18.09149730129142,18.000131451701172,17.270112055126106,16.619842490799147,18.49796318731622,50.49700923990257,0.088916015625,1
-497.9842529296875,83.33142852783203,-11.4032621383667,16.791732788085938,-12.6439847946167,2.118387460708618,-19.706268310546875,6.43593692779541,-13.070687294006348,-3.469735860824585,-5.187530994415283,-8.904300689697266,-5.017839431762695,0.10039087384939194,0.1412227302789688,0.19845722615718842,0.21489876508712769,0.27194568514823914,0.31541451811790466,0.30390217900276184,0.2241944521665573,0.21344511210918427,0.2225937694311142,0.13865555822849274,0.11878978461027145,21.830648409110857,16.39203448359883,16.800968130595663,17.594652541597657,16.45773168003472,16.768087108470052,48.17856211152462,0.04883563701923077,1
-505.6783752441406,79.7371826171875,-8.248566627502441,39.68918991088867,-16.928537368774414,7.969045639038086,-33.71076583862305,9.95921516418457,-13.51312255859375,1.0701775550842285,-4.870454788208008,-7.441011428833008,-1.6875019073486328,0.08536779880523682,0.1137554720044136,0.22981977462768555,0.42523226141929626,0.4284484088420868,0.2664088308811188,0.16309061646461487,0.1241595521569252,0.11774999648332596,0.15212677419185638,0.1550876945257187,0.12544997036457062,22.803083412264318,18.611020059012283,16.86462709097584,16.607690462815004,16.803052953064412,18.290223212950316,53.178342563837134,0.093212890625,1
-448.0286560058594,86.52619934082031,-22.010908126831055,24.952423095703125,-8.500452995300293,-0.7927750945091248,-32.3555908203125,2.843745708465576,-10.89046573638916,-1.4763360023498535,-7.827509880065918,-4.9926910400390625,-4.6614251136779785,0.08525044471025467,0.0895593911409378,0.10765371471643448,0.18256919085979462,0.34862685203552246,0.4667762219905853,0.3404325842857361,0.2069624811410904,0.09761437773704529,0.08492517471313477,0.10127764195203781,0.08214696496725082,24.333973288503216,18.88589788212243,17.37596919145645,17.31982675167626,18.001121682770716,17.905843959113366,51.49932972531631,0.05620492788461538,1
-470.6329345703125,83.35639190673828,-17.874860763549805,27.547780990600586,-14.039402961730957,6.989635467529297,-30.438232421875,10.39076042175293,-12.687273025512695,0.03461820259690285,-6.382907390594482,-7.8794941902160645,-2.7257323265075684,0.09392374753952026,0.06742542237043381,0.08409228920936584,0.16545578837394714,0.36516132950782776,0.4674120545387268,0.3189169466495514,0.18158063292503357,0.18086913228034973,0.1394718587398529,0.0965944230556488,0.13229818642139435,23.80252750090337,18.11037570239971,17.68933593420104,17.688685059655906,16.92710329673501,17.41659044922904,52.88380907851231,0.08321814903846154,1
-434.3043212890625,79.29436492919922,-22.28544807434082,33.25865173339844,-17.510360717773438,2.5086917877197266,-27.463682174682617,5.098886489868164,-16.28460693359375,-3.3951354026794434,-8.34284496307373,-7.977095127105713,-6.6600565910339355,0.12192961573600769,0.11414502561092377,0.13861040771007538,0.20047415792942047,0.2958999574184418,0.36537304520606995,0.3030436038970947,0.30875569581985474,0.26417896151542664,0.21130876243114471,0.2393893003463745,0.1851457953453064,22.781895613893646,16.212638296876285,17.677994080865563,16.27261128851469,17.150589340786674,18.67071713608493,51.42014675075198,0.07875600961538462,1
-427.08160400390625,75.35093688964844,-36.46387481689453,32.5267333984375,-32.37691116333008,15.256032943725586,-32.4556770324707,4.8091139793396,-13.562429428100586,-1.033838152885437,-5.652477741241455,-6.08314323425293,-3.901503324508667,0.13056045770645142,0.11130426824092865,0.12000937014818192,0.10588806867599487,0.11799761652946472,0.14159682393074036,0.22131553292274475,0.300821989774704,0.36134350299835205,0.28802505135536194,0.25928863883018494,0.23716941475868225,18.91057607812233,17.35114975664739,17.951238762362845,15.562521871516568,16.34513971812241,16.85455267455823,52.181146590824014,0.0979266826923077,1
-645.0653686523438,50.71726989746094,-13.888500213623047,16.5499210357666,-5.434082984924316,0.9437103867530823,-11.524460792541504,2.637708902359009,-7.008063316345215,-0.440588116645813,-3.8566832542419434,-4.316609859466553,-1.7459444999694824,0.049425866454839706,0.057784710079431534,0.10240412503480911,0.2006273865699768,0.2724861204624176,0.16066747903823853,0.08899462968111038,0.07772789895534515,0.053634170442819595,0.03533182293176651,0.0504375621676445,0.07940036803483963,19.819988109043205,17.47847703223744,16.81789147618839,16.879661017642963,16.46579581818731,16.567377807934186,33.87216964426032,0.022887214781746032,1
-441.59613037109375,85.74884033203125,-23.56046485900879,21.681520462036133,-22.809412002563477,13.356805801391602,-28.716886520385742,6.638397693634033,-10.534988403320312,-2.143650531768799,-3.4320545196533203,-7.233002185821533,-7.889554500579834,0.13290487229824066,0.13560912013053894,0.20690317451953888,0.3319419324398041,0.41361892223358154,0.3796564042568207,0.3131389319896698,0.2954779267311096,0.29155096411705017,0.21601594984531403,0.17342740297317505,0.1762659251689911,23.07842092078454,15.884340385633354,16.694515061227637,16.37100503846671,17.414576312107855,17.467235602681775,51.03572113658773,0.08255333533653846,1
-473.37530517578125,74.06494903564453,-9.582592964172363,25.9859561920166,-10.03996753692627,3.111557960510254,-20.802474975585938,-0.5128673911094666,-7.4134416580200195,-4.248256683349609,-3.236572742462158,-4.770318508148193,-5.325038909912109,0.10737323760986328,0.1135169193148613,0.13780733942985535,0.19891507923603058,0.36696094274520874,0.4847942888736725,0.37313511967658997,0.23292236030101776,0.22966927289962769,0.23801204562187195,0.16348175704479218,0.13284756243228912,21.980380947136396,17.24937058899514,16.62219316060582,16.498868429568503,16.77024565717996,16.58711368402668,49.84556753001939,0.06171875,1
-507.48016357421875,47.5302734375,-10.857269287109375,25.681182861328125,-14.736760139465332,6.499030113220215,-22.331012725830078,3.664154291152954,-11.377777099609375,-1.9030449390411377,-4.063962936401367,-5.703725337982178,-2.973721504211426,0.11496380716562271,0.0662592351436615,0.06299058347940445,0.10450810194015503,0.20848147571086884,0.1772482693195343,0.1807618886232376,0.24993620812892914,0.26406216621398926,0.24936021864414215,0.16973713040351868,0.19422674179077148,19.725994889675388,16.51990593867708,18.57243388685973,16.9656002202765,16.878827360306293,17.511076355715296,43.926428456425924,0.08890850360576923,1
-450.6231384277344,91.99559783935547,-21.184226989746094,25.00788116455078,-24.31618881225586,10.829404830932617,-34.72243881225586,6.706233501434326,-12.257246971130371,-4.108931064605713,-8.172924041748047,-8.101004600524902,-5.21853494644165,0.1559714674949646,0.15666326880455017,0.16881915926933289,0.23600606620311737,0.34855759143829346,0.36061397194862366,0.23868830502033234,0.1823478490114212,0.21234652400016785,0.1856168508529663,0.13351188600063324,0.12513858079910278,23.445040831912774,16.93940912496316,16.46777026152698,17.1241684869563,17.114664219649775,17.733725728058406,51.41389812731677,0.07631084735576923,1
-458.98486328125,75.27928161621094,-22.766569137573242,35.20718002319336,-16.086105346679688,8.79100227355957,-22.057559967041016,6.3541460037231445,-8.067787170410156,-2.6058237552642822,-6.575719356536865,-7.248453617095947,-6.378387928009033,0.14665044844150543,0.16365821659564972,0.26231998205184937,0.29722458124160767,0.29640844464302063,0.4104597270488739,0.3751746118068695,0.24688442051410675,0.2084355503320694,0.15639536082744598,0.1597503423690796,0.15129627287387848,22.054024293887153,16.913389806101062,16.081276985297897,15.539461798963364,16.913941703222946,17.773180677411638,52.16435583112269,0.09876051682692308,1
-483.947265625,57.542171478271484,-4.356592655181885,14.3965482711792,-24.357328414916992,13.128301620483398,-28.185604095458984,3.4302585124969482,-9.191435813903809,0.39704811573028564,-3.2456443309783936,-4.5278639793396,-6.091407299041748,0.20093488693237305,0.13109444081783295,0.16806623339653015,0.2503602206707001,0.22883696854114532,0.20870178937911987,0.21891579031944275,0.22466495633125305,0.1789902001619339,0.20055824518203735,0.2599317133426666,0.26861873269081116,17.73642106115455,15.019142827242577,16.36115122425709,16.071416793084733,16.759507885881707,17.516157474930246,45.36179295346063,0.09609375,1
-454.8038330078125,91.17041778564453,-23.695878982543945,24.329814910888672,-19.428855895996094,-1.1016206741333008,-21.434492111206055,1.648094654083252,-12.264642715454102,-4.208680629730225,-8.107952117919922,-5.521580219268799,-4.990854263305664,0.19087578356266022,0.23922847211360931,0.2756672203540802,0.27643683552742004,0.2649579644203186,0.2721126079559326,0.2844066619873047,0.21374787390232086,0.19899830222129822,0.2670425474643707,0.20718102157115936,0.20395049452781677,22.162173131144534,17.335570489976114,18.08320341925043,16.73951445572288,17.736886874460644,17.143587536829507,50.07512832661145,0.05825946514423077,1
-424.94915771484375,77.96150970458984,-22.441146850585938,31.907459259033203,-28.222370147705078,6.515632629394531,-30.337600708007812,3.824141263961792,-19.187211990356445,-3.285277843475342,-4.714699745178223,-5.691796779632568,-3.6638970375061035,0.1614493578672409,0.09524229913949966,0.0962139219045639,0.16937212646007538,0.24831469357013702,0.3094485104084015,0.3161720335483551,0.28020015358924866,0.24133260548114777,0.26072466373443604,0.31858327984809875,0.2661557197570801,21.089305248919434,15.648322729058492,17.175246222898583,15.178179068744665,15.913446259701105,18.28952788157883,51.77611140220238,0.10403771033653846,1
-545.18115234375,42.6763916015625,-18.448129653930664,20.8828067779541,-21.149215698242188,5.549610614776611,-12.689970970153809,4.962008953094482,-9.249154090881348,-1.466503620147705,-2.0577309131622314,-3.455153703689575,-4.715695858001709,0.08542569726705551,0.10345380008220673,0.15655919909477234,0.26241448521614075,0.20135852694511414,0.1462801843881607,0.15982672572135925,0.17075671255588531,0.25850945711135864,0.1982833296060562,0.15640360116958618,0.10285276174545288,18.28734439267509,15.52444889334097,16.49581395628879,15.864136537001748,16.184696479337436,16.274736094010628,37.90376747907454,0.06687575120192307,1
-459.038818359375,79.79124450683594,-12.423480987548828,28.993518829345703,-12.846413612365723,3.182036876678467,-20.884601593017578,3.8310837745666504,-14.842504501342773,-1.287489652633667,-3.7635881900787354,-6.49669075012207,-7.38441801071167,0.053553853183984756,0.05812513455748558,0.13326478004455566,0.2659122049808502,0.463020384311676,0.47276702523231506,0.23479057848453522,0.10839549452066422,0.10392040014266968,0.11783633381128311,0.0863180086016655,0.055383700877428055,23.560988018389256,18.484217105696896,17.676759136833283,17.18431628539364,16.70268121497309,17.628600297354634,51.360406694894316,0.06538837139423077,1
-432.69873046875,74.41112518310547,-17.646326065063477,26.966590881347656,-22.705717086791992,4.4046630859375,-30.5706787109375,3.7620794773101807,-15.085532188415527,-1.5768705606460571,-11.543864250183105,-7.208667278289795,-3.3632121086120605,0.20801644027233124,0.14297811686992645,0.14980025589466095,0.15896821022033691,0.1397644579410553,0.18051080405712128,0.2439151108264923,0.24032218754291534,0.2971184551715851,0.4006791114807129,0.29588139057159424,0.2766999900341034,20.677476906870275,16.540380243727252,18.58124621419313,17.071444203204283,17.24736949294386,17.918894741812668,52.548608090494746,0.09214242788461538,1
-466.843505859375,91.74234771728516,-26.357131958007812,29.209270477294922,-20.28238296508789,7.7913665771484375,-28.612375259399414,0.974976122379303,-12.207316398620605,-4.328949451446533,-5.2962188720703125,-5.679688453674316,-6.022216796875,0.1408124417066574,0.09344788640737534,0.09136207401752472,0.15245401859283447,0.2695404887199402,0.35880765318870544,0.25823429226875305,0.20411483943462372,0.22639772295951843,0.26047050952911377,0.24082395434379578,0.2350449413061142,21.3274685859378,17.540461817746724,17.931844045009203,16.297763621500682,17.65360938984193,16.17436741319955,50.66101264453551,0.05879657451923077,1
-430.1591796875,74.34742736816406,-14.700139045715332,22.203506469726562,-23.076732635498047,-0.3608982264995575,-28.775026321411133,1.181784749031067,-12.18787956237793,-7.621942520141602,-5.054381370544434,-8.774919509887695,-5.385276794433594,0.23181438446044922,0.15636682510375977,0.1296677142381668,0.1253645420074463,0.18234217166900635,0.2228236347436905,0.14832721650600433,0.09700790792703629,0.13051676750183105,0.1697884500026703,0.18276679515838623,0.2749096751213074,17.13244896661008,19.55292564312082,19.264328476842742,18.505640786654862,17.90409145664655,17.5432474462789,50.84390362430159,0.06809269831730769,1
-561.1929321289062,67.37713623046875,-7.681102275848389,31.152000427246094,-19.71476173400879,15.019033432006836,-22.336843490600586,11.80874252319336,-10.980656623840332,-0.2861975431442261,-4.670193195343018,-8.36722183227539,0.4829365313053131,0.25702527165412903,0.21289986371994019,0.2658987045288086,0.2831050157546997,0.2961379587650299,0.3772334158420563,0.4017781913280487,0.3126596510410309,0.2540869116783142,0.25682333111763,0.27542442083358765,0.31796836853027344,19.989958330700016,14.565661484185473,16.17499837595459,16.082461351276795,15.365630185035998,16.31674068564656,49.67480531838078,0.09559795673076923,1
-436.7977294921875,76.17863464355469,-23.614797592163086,40.19248580932617,-15.523292541503906,-4.7796149253845215,-28.06475067138672,-0.2522895336151123,-14.381637573242188,-2.5640573501586914,-7.975818634033203,-6.359956741333008,-3.8865554332733154,0.13854502141475677,0.18722911179065704,0.1045595332980156,0.08978427201509476,0.11501576751470566,0.26539236307144165,0.43836238980293274,0.27661368250846863,0.17601680755615234,0.13949821889400482,0.145724818110466,0.16714565455913544,22.708548139033862,18.382056658616428,18.63009921972051,17.074350778263394,18.029186004458207,18.655419804973366,51.62394059696551,0.062496243990384615,1
-463.42425537109375,77.85125732421875,-23.324926376342773,32.551658630371094,-24.24950408935547,5.871440410614014,-26.535667419433594,5.090948581695557,-13.21090316772461,0.03568326681852341,-5.614504337310791,-5.503056526184082,-6.099478721618652,0.0926876813173294,0.09501387923955917,0.09328649938106537,0.10872181504964828,0.1442091166973114,0.2115066647529602,0.23219509422779083,0.21589136123657227,0.2841106951236725,0.3696553409099579,0.3914059102535248,0.2199883610010147,20.00278671961964,16.76874748266305,18.28058852070717,16.633976443803334,16.624246481968093,18.671925668147463,52.16068683094372,0.09175180288461539,1
-443.224609375,79.38936614990234,-11.059446334838867,33.07853698730469,-17.047149658203125,6.637113571166992,-34.621795654296875,7.6078643798828125,-16.061800003051758,1.1680474281311035,-3.67026686668396,-10.981040000915527,-4.7642107009887695,0.0672186091542244,0.06789866834878922,0.09752588719129562,0.20582309365272522,0.42787685990333557,0.432106614112854,0.31257164478302,0.14161047339439392,0.10800305008888245,0.10510909557342529,0.09728803485631943,0.09626220166683197,23.97273689048468,17.816487073674725,16.283790370108097,16.064736239812976,15.981407032965816,17.292358724338794,51.49374054807388,0.07943960336538461,1
-552.92822265625,74.71477508544922,-6.660248279571533,36.95740509033203,-17.774789810180664,15.072132110595703,-24.768009185791016,13.632322311401367,-11.731679916381836,-1.0536712408065796,-3.2062900066375732,-8.358057022094727,-2.9623446464538574,0.10816527903079987,0.0846274122595787,0.1533445417881012,0.3805766701698303,0.6415930986404419,0.37437424063682556,0.16408181190490723,0.12484098225831985,0.11619880050420761,0.10672947764396667,0.10644076019525528,0.13929179310798645,21.740357996204533,17.115160175485617,15.585606184909468,16.180248451050424,15.82854370845303,16.475171208780655,52.49964869408601,0.07527418870192308,1
-583.1958618164062,64.30110168457031,-18.124046325683594,26.197813034057617,-13.237438201904297,11.294151306152344,-22.03969383239746,8.85879135131836,-8.829782485961914,2.527235746383667,-3.229036808013916,-5.819302558898926,-0.09209711849689484,0.2639315724372864,0.2414132058620453,0.2920278012752533,0.3031458854675293,0.2827584147453308,0.24921686947345734,0.22386504709720612,0.19020667672157288,0.20788045227527618,0.2823656499385834,0.3032911717891693,0.34959840774536133,19.744830373817322,13.5771899478497,14.824081752170532,15.058649347863586,16.449541994208463,16.41764440789737,47.44299759973838,0.09887319711538461,1
-625.2630004882812,44.84098815917969,-13.432746887207031,27.565561294555664,-11.05083179473877,12.635732650756836,-17.573392868041992,9.430134773254395,-8.339195251464844,-0.2306278496980667,-4.4607954025268555,-4.76478385925293,-1.004116415977478,0.1221327930688858,0.12718521058559418,0.17484192550182343,0.2801957428455353,0.29359346628189087,0.19361430406570435,0.1195954829454422,0.11761724203824997,0.1377810835838318,0.14839813113212585,0.1655091792345047,0.1515425443649292,18.249663022581007,14.516415155268731,14.702658383363955,14.027449394244528,14.744632520583206,15.028018651690731,38.79261968802593,0.059754356971153846,1
-455.4979553222656,84.78187561035156,-21.948671340942383,27.652774810791016,-23.486427307128906,13.77345085144043,-33.95920181274414,5.380519390106201,-15.998946189880371,-1.7414053678512573,-3.766526937484741,-6.1440935134887695,-4.25148868560791,0.18310560286045074,0.14262022078037262,0.18830065429210663,0.2890632748603821,0.43735048174858093,0.39254826307296753,0.29670006036758423,0.21770305931568146,0.21731185913085938,0.16858872771263123,0.21866555511951447,0.25996071100234985,22.92938519354244,16.596847929626325,16.873074569862798,16.673616626237603,16.79431054674513,17.644011121863628,52.181633301238676,0.08816856971153846,1
-469.8692321777344,66.03258514404297,-14.351851463317871,34.95899963378906,-23.166173934936523,17.66612434387207,-36.62474060058594,14.177420616149902,-17.100210189819336,-0.963718831539154,-6.367754936218262,-8.146876335144043,-2.6051151752471924,0.12404372543096542,0.09726482629776001,0.09321536868810654,0.12752705812454224,0.15632794797420502,0.24471376836299896,0.3134019672870636,0.34586748480796814,0.40428271889686584,0.3413861095905304,0.3085917830467224,0.20212994515895844,18.58729073640885,15.32969812919969,16.927007869774194,16.02759907129003,15.37971701668436,16.93132845636301,52.561396702805496,0.14080528846153847,1
-419.33673095703125,77.26760864257812,-30.075157165527344,33.61836624145508,-24.559473037719727,5.783886909484863,-32.107322692871094,2.922445774078369,-12.775811195373535,1.6806718111038208,-6.40907621383667,-5.293902397155762,-4.415764331817627,0.10730557143688202,0.12802015244960785,0.18999020755290985,0.2816123068332672,0.3190746307373047,0.33232587575912476,0.3089478313922882,0.2884509861469269,0.2108139544725418,0.17340439558029175,0.16455313563346863,0.1351175457239151,23.99157769676628,18.100648822066063,17.96958671315328,17.26115678473875,16.72463560978556,18.70337183713999,51.861444489737565,0.09986853966346154,1
-492.0596008300781,81.76506805419922,-24.07225799560547,29.043203353881836,-13.593819618225098,7.305291652679443,-17.764488220214844,6.175885200500488,-11.88113021850586,-2.1673402786254883,-6.359649181365967,-7.275451183319092,-6.382471084594727,0.10376366227865219,0.1397276222705841,0.24757294356822968,0.4118547737598419,0.4059599041938782,0.39085593819618225,0.27626994252204895,0.18621042370796204,0.12259689718484879,0.12545689940452576,0.14034682512283325,0.11846435070037842,21.43861012812154,16.046643907407365,16.28971969287252,15.250585326183323,15.40548264177756,15.639302892645874,48.18484738141723,0.062259615384615385,1
-529.0088500976562,69.91035461425781,-18.4831600189209,23.49774169921875,-13.585515975952148,8.314407348632812,-22.61369514465332,3.0704424381256104,-7.9327073097229,1.291113257408142,-6.550081729888916,-5.029257297515869,-4.397796630859375,0.12587635219097137,0.16997824609279633,0.24656882882118225,0.2953975200653076,0.3061600625514984,0.2760653495788574,0.20725183188915253,0.16897977888584137,0.16622935235500336,0.16745121777057648,0.16170457005500793,0.1279025822877884,19.875111916258614,15.053970690778847,14.230154614075389,14.505812108796508,15.898972982549775,15.53051345054036,42.05334834904694,0.06772836538461538,1
-479.2622985839844,85.7144775390625,-14.462575912475586,33.45441436767578,-13.102953910827637,-0.4445933997631073,-23.42032814025879,1.6232932806015015,-10.4306640625,-0.5054950714111328,-6.765954971313477,-6.058119297027588,-2.70238995552063,0.1261017769575119,0.11594725400209427,0.19920334219932556,0.3130445182323456,0.3938870131969452,0.40765708684921265,0.24364569783210754,0.09145863354206085,0.07105248421430588,0.09752953052520752,0.13890209794044495,0.17301447689533234,23.289026249138093,17.50946086902435,17.012185424965605,17.126634931927583,16.820998003004526,16.668214652854342,50.06154468828841,0.052809495192307696,1
-449.0951232910156,78.47640991210938,-28.505878448486328,33.05855178833008,-16.18178367614746,9.838732719421387,-25.817052841186523,5.879053115844727,-12.46336555480957,-3.087920904159546,-10.926576614379883,-9.911150932312012,-6.052249908447266,0.14051666855812073,0.12871772050857544,0.12327910214662552,0.14275632798671722,0.36040443181991577,0.4652428925037384,0.3016240894794464,0.23437149822711945,0.18066373467445374,0.12876109778881073,0.11208676546812057,0.11648058891296387,22.676747892293434,18.724294007037887,18.269979689331116,17.383955403880716,17.716942416070918,19.07430530223655,51.89293410254369,0.07829777644230769,1
-439.87799072265625,77.60767364501953,-1.8449375629425049,34.88108444213867,-22.911272048950195,7.291986465454102,-34.82965850830078,-3.13847279548645,-14.304278373718262,-5.545471668243408,-7.5167083740234375,-3.431016683578491,-7.99897575378418,0.1885867565870285,0.1701236069202423,0.16942928731441498,0.1651088297367096,0.14292098581790924,0.17297175526618958,0.24433952569961548,0.27881452441215515,0.3171001672744751,0.26525866985321045,0.2319328486919403,0.24983476102352142,21.566953495993964,16.887928232695756,18.628997187574168,17.13912369958964,17.870159231253567,18.614039568037967,52.69751573241681,0.0794921875,1
-444.021728515625,76.04073333740234,-18.61562156677246,31.108617782592773,-25.914104461669922,12.74500846862793,-40.54551315307617,10.299962043762207,-17.06795310974121,3.5893611907958984,-4.79205846786499,-8.50692367553711,-3.145418643951416,0.11691955476999283,0.14571493864059448,0.20548459887504578,0.2598187029361725,0.23561592400074005,0.28092271089553833,0.24425336718559265,0.2988690435886383,0.31574544310569763,0.25135383009910583,0.2215876579284668,0.13399983942508698,20.67513406017844,15.408683087590045,16.68981860483957,16.363565628404096,15.517998240549726,17.6596443010018,52.538531632768986,0.12694561298076923,1
-579.849609375,54.46550369262695,-6.659184455871582,19.203271865844727,-13.584864616394043,7.3804450035095215,-25.950481414794922,3.7333908081054688,-10.945762634277344,0.6865140199661255,-1.8931305408477783,-5.994369029998779,0.7932044267654419,0.082423634827137,0.10277498513460159,0.23331953585147858,0.330843985080719,0.2125827521085739,0.15636157989501953,0.11937113851308823,0.12256038188934326,0.1300312876701355,0.12543857097625732,0.12669922411441803,0.10946536064147949,18.809992323534864,17.053181211058984,17.744067857922264,17.074795776572707,16.928052978247432,17.306881033878668,42.54252958060101,0.06337890625,1
-461.28875732421875,80.40520477294922,-21.33846092224121,30.164247512817383,-9.633072853088379,-4.212547779083252,-17.82260513305664,3.773224115371704,-11.099483489990234,-5.336164474487305,-7.074023246765137,-5.231490612030029,-9.792879104614258,0.0720096156001091,0.0691070705652237,0.0873996764421463,0.14737725257873535,0.18306179344654083,0.15330754220485687,0.2055579423904419,0.3474145531654358,0.3573983609676361,0.25104039907455444,0.2108599990606308,0.13115641474723816,22.366835363227306,19.347410002307804,21.72422400343374,18.08917644405271,18.8469880869272,19.238573946012394,50.96798169327474,0.042810997596153845,1
-447.4075012207031,90.78338623046875,-13.030783653259277,23.260591506958008,-19.711788177490234,-0.2004476636648178,-26.601919174194336,2.4890663623809814,-9.806861877441406,-10.602079391479492,-6.445199489593506,-7.684693813323975,-9.033218383789062,0.18346402049064636,0.17339126765727997,0.15635789930820465,0.12475575506687164,0.17448192834854126,0.3368602991104126,0.32052841782569885,0.1939677596092224,0.17088264226913452,0.16382800042629242,0.19769251346588135,0.19835694134235382,22.382626049519555,17.60227901932568,17.81280578273725,18.262125556626177,17.340899461107416,16.827888827574576,50.47518351355327,0.04506084735576923,1
-555.250732421875,52.534664154052734,-16.824684143066406,13.524150848388672,-13.58695125579834,5.24107027053833,-15.956459999084473,2.07759428024292,-9.397809982299805,1.9331133365631104,-2.1973249912261963,-1.8347053527832031,-1.6031168699264526,0.120724618434906,0.08937889337539673,0.10787021368741989,0.15276484191417694,0.19154787063598633,0.2487199902534485,0.22084510326385498,0.14107076823711395,0.10931502282619476,0.1154254898428917,0.1250343769788742,0.18356981873512268,19.64051035895304,15.737590512474036,16.395317524578903,15.678910076413388,16.09109805778636,16.62092867742806,37.71829866971325,0.05417292668269231,1
-488.7972412109375,64.19715881347656,-30.981779098510742,26.08558464050293,-16.24619483947754,11.377771377563477,-16.881681442260742,5.665804386138916,-3.3277499675750732,2.811680316925049,-6.762041091918945,-9.816499710083008,-5.365386486053467,0.110517218708992,0.0973510593175888,0.14075036346912384,0.14699162542819977,0.1355656087398529,0.19027936458587646,0.275728315114975,0.5191667079925537,0.34136655926704407,0.2644568085670471,0.24691151082515717,0.18831434845924377,20.26958801114611,16.563336870068543,18.85512159930947,16.676431366034233,16.853236190353662,17.15113418147647,49.798029079093965,0.09384765625,1
-524.2924194335938,69.41592407226562,-4.432647228240967,30.93376350402832,-8.483001708984375,3.3450636863708496,-18.76336669921875,3.997276782989502,-11.431807518005371,-2.3693058490753174,-4.925235271453857,-6.4172539710998535,-7.330519676208496,0.0661456361413002,0.08204001933336258,0.1828794926404953,0.27108877897262573,0.3020080029964447,0.43234068155288696,0.2866137623786926,0.08400801569223404,0.0701335072517395,0.11448226124048233,0.12749260663986206,0.09331455081701279,22.97770029699818,17.74426830210285,17.504073286228692,16.70408883620855,16.575174421284373,16.397727675152133,48.0289681077615,0.046063701923076926,1
-483.4623107910156,67.89698791503906,-20.953277587890625,18.096370697021484,-15.431565284729004,12.843389511108398,-23.354541778564453,5.215343475341797,-12.075953483581543,1.9736943244934082,-7.604858875274658,-8.509323120117188,-5.932106971740723,0.13969627022743225,0.10064688324928284,0.10882140696048737,0.12850052118301392,0.10986655950546265,0.13885369896888733,0.24970121681690216,0.3706117868423462,0.40947386622428894,0.35817185044288635,0.2559991478919983,0.2308300882577896,19.140273485288006,17.434157877731288,19.067295275243016,16.924226360419173,17.079367526326003,18.92126009697804,51.2473190613921,0.11798001802884615,1
-565.8739624023438,59.22084045410156,-6.2463836669921875,34.508121490478516,-12.555845260620117,10.698875427246094,-30.955825805664062,8.680546760559082,-10.228676795959473,-2.4676711559295654,-5.938471794128418,-4.915290832519531,0.7946321964263916,0.155988872051239,0.10829918086528778,0.21259459853172302,0.37301382422447205,0.3970935642719269,0.2932971715927124,0.15085254609584808,0.08682773262262344,0.09054785221815109,0.12531642615795135,0.1698334813117981,0.22827863693237305,19.79687746527002,14.804530633872725,15.047389320420582,13.925153175706905,14.792279327087511,15.603052051599766,43.824703676039476,0.07152569110576923,1
-440.6190490722656,71.65457916259766,-21.074201583862305,25.87787628173828,-12.616937637329102,2.914781332015991,-24.944509506225586,0.7855052351951599,-9.648604393005371,-5.0407867431640625,-13.170089721679688,-10.403005599975586,-8.87451171875,0.08883412182331085,0.0835181400179863,0.08899420499801636,0.09152796864509583,0.14878730475902557,0.30889150500297546,0.36324188113212585,0.3543977737426758,0.2865343987941742,0.2565009593963623,0.21281181275844574,0.12311028689146042,22.331590807187787,17.849419135749706,19.32860295863762,16.100970293494637,17.15202079439637,18.607908186295774,49.466911488463744,0.06683443509615385,1
-509.8335266113281,93.75955200195312,-21.19013214111328,33.007930755615234,-30.776409149169922,16.450973510742188,-29.582794189453125,10.7346773147583,-18.291500091552734,3.20961856842041,-4.374485969543457,-4.197539329528809,-0.9698958396911621,0.13563905656337738,0.13525952398777008,0.2674274146556854,0.4733442962169647,0.48552387952804565,0.2512508034706116,0.17209266126155853,0.18397082388401031,0.1617635190486908,0.17798033356666565,0.2779032289981842,0.2537957727909088,22.42039313629194,15.723491599717976,16.44153988496069,15.427519086809225,15.901010932244354,16.415373624592693,52.802228421720315,0.08253455528846154,1
-571.1316528320312,50.864219665527344,-9.60902214050293,5.822890281677246,-12.234551429748535,3.584872245788574,-10.737502098083496,-0.9387104511260986,-3.952816963195801,-3.830245018005371,-1.2116302251815796,-0.011803612112998962,-0.7906219363212585,0.10547474026679993,0.13036702573299408,0.1839112490415573,0.17511041462421417,0.1876978576183319,0.21446256339550018,0.2492033690214157,0.16933561861515045,0.10598404705524445,0.08959932625293732,0.10521259158849716,0.11199250817298889,16.859235737428335,12.956091394073365,13.985347877719144,14.024108434556426,14.341264320270989,14.152001532108624,31.01420867953768,0.03659104567307692,1
-458.686767578125,81.561767578125,-17.120197296142578,36.2088508605957,-10.054883003234863,-3.2367732524871826,-25.122081756591797,1.2751826047897339,-13.826940536499023,-4.346726417541504,-8.125611305236816,-5.7987236976623535,-4.53651237487793,0.1441369354724884,0.12609107792377472,0.1626918464899063,0.17804975807666779,0.1918172836303711,0.2999075949192047,0.4234587252140045,0.35323360562324524,0.22694922983646393,0.14344263076782227,0.11719059944152832,0.1765204668045044,24.207718945406594,17.653114203788014,18.680021703970166,16.61474406245545,17.37675202922924,17.78340007297446,50.8405918926611,0.049538010817307694,1
-469.35040283203125,78.32292938232422,-13.023675918579102,31.090831756591797,-21.76302719116211,12.380162239074707,-35.42128372192383,11.314619064331055,-19.702241897583008,0.591968297958374,-6.876307010650635,-9.975068092346191,-2.8252015113830566,0.13177350163459778,0.14502830803394318,0.13347740471363068,0.1142977848649025,0.13464684784412384,0.2798408567905426,0.3553822934627533,0.31139639019966125,0.2809138000011444,0.2881530225276947,0.2259911745786667,0.12129061669111252,20.640511272730123,15.00012639831267,16.635410327921747,15.732966458677566,16.088674906234328,17.05439810448586,53.231939706084006,0.109619140625,1
-477.4400939941406,80.01383972167969,-15.44251823425293,38.06165313720703,-14.892561912536621,3.740373373031616,-36.93604278564453,3.2188689708709717,-12.223814964294434,-6.34141206741333,-5.053908348083496,-5.907512187957764,-2.8306691646575928,0.2469264417886734,0.3215530514717102,0.27634096145629883,0.19504503905773163,0.1867043823003769,0.24823418259620667,0.2792850136756897,0.31863272190093994,0.25867363810539246,0.1705576479434967,0.15799210965633392,0.18902327120304108,19.563479216579367,14.504691750025314,17.404722201728404,15.942471565284338,16.684798062441118,15.943130690561254,50.54651235306084,0.07073692908653846,1
-523.2172241210938,68.11736297607422,-12.84494400024414,26.342905044555664,-13.878101348876953,15.088691711425781,-19.902738571166992,8.684303283691406,-15.069174766540527,-0.34198620915412903,-5.548560619354248,-9.10877513885498,-2.7398202419281006,0.1431332677602768,0.10467979311943054,0.11828340590000153,0.16397292912006378,0.32808178663253784,0.5380373597145081,0.32794660329818726,0.14624807238578796,0.1682037115097046,0.17690125107765198,0.16507621109485626,0.18257634341716766,21.4086724748513,16.03689717002108,16.09847688461784,15.789746092146334,16.217758129776357,16.810772587981067,49.571828719258754,0.08928786057692308,1
-457.49603271484375,93.6351089477539,-25.2647647857666,19.200931549072266,-23.271682739257812,8.988114356994629,-25.851669311523438,3.3155274391174316,-15.373671531677246,-6.312220096588135,-2.55313777923584,-5.599015235900879,-6.805407524108887,0.16491813957691193,0.11593098938465118,0.1232147067785263,0.2673410177230835,0.35403698682785034,0.3504049479961395,0.278635174036026,0.1991909146308899,0.18235430121421814,0.18104778230190277,0.15312837064266205,0.1996346414089203,20.93328411860071,15.64358682465072,16.25794827032414,15.55574936646066,15.615263687203171,16.75084277241356,49.002813317239365,0.06475360576923077,1
-415.2962646484375,78.30028533935547,-32.48341751098633,40.506378173828125,-21.886301040649414,-4.385158061981201,-25.49962043762207,3.6476569175720215,-13.265555381774902,-0.5207687616348267,-8.927412986755371,-4.42824125289917,-1.428869605064392,0.15212148427963257,0.14256200194358826,0.19145748019218445,0.24653343856334686,0.1800520271062851,0.23836931586265564,0.24931734800338745,0.3331432044506073,0.32464882731437683,0.23989707231521606,0.15293170511722565,0.13259051740169525,21.71618401473698,17.19790301496833,18.196724877917685,16.563363463433372,16.291923742452518,19.07931022944486,51.46396612103266,0.07244215745192308,1
-451.6272888183594,73.17741394042969,-5.872927665710449,29.91769027709961,-13.79415225982666,17.048839569091797,-28.774160385131836,4.996587753295898,-9.57051944732666,-1.8482165336608887,-1.5923080444335938,-8.877326011657715,-3.3042757511138916,0.13173972070217133,0.1405196189880371,0.15143363177776337,0.24343067407608032,0.45398077368736267,0.5313031077384949,0.381212055683136,0.2033044695854187,0.16868111491203308,0.14419476687908173,0.1340702474117279,0.14219041168689728,21.948957232695722,16.76608619034943,16.543885483378048,16.226122605829985,16.797412782571218,17.000874107501126,52.621329264526636,0.07986778846153846,1
-440.2962646484375,65.4015121459961,-10.954874992370605,42.44614791870117,-21.491497039794922,4.991771221160889,-29.674623489379883,4.502933025360107,-18.630617141723633,-3.5261683464050293,-8.749471664428711,-6.272787094116211,-1.5387895107269287,0.09430292248725891,0.10104159265756607,0.2014787495136261,0.18729913234710693,0.16393649578094482,0.23937609791755676,0.28966158628463745,0.4027802646160126,0.4454561769962311,0.2761981189250946,0.21031548082828522,0.18761323392391205,22.675797859985142,17.127172908605758,19.880495596229892,17.704360808843532,17.300363734017747,18.685312420987316,53.94750759350501,0.09778019831730769,1
-477.2387390136719,85.77289581298828,-21.8387393951416,38.247684478759766,-18.891891479492188,8.861189842224121,-30.366220474243164,5.962530136108398,-11.84196662902832,1.877397894859314,-5.367598533630371,-7.6320343017578125,-4.597466945648193,0.06455240398645401,0.10130506008863449,0.2309955507516861,0.36613282561302185,0.4027084708213806,0.3866308033466339,0.21397414803504944,0.16653114557266235,0.1916290819644928,0.13616080582141876,0.11295051872730255,0.09576661139726639,21.606414777403973,16.815020308752782,16.48707273505363,16.886939683992065,16.235875612068064,17.07718810986485,51.71713865945706,0.07681790865384615,1
-489.39886474609375,86.2659912109375,-19.559295654296875,26.981176376342773,-24.925209045410156,14.242847442626953,-27.668895721435547,12.23478889465332,-14.596663475036621,-2.937013864517212,-5.118649005889893,-9.065098762512207,-4.167721271514893,0.07475361227989197,0.061580218374729156,0.0785091444849968,0.14000672101974487,0.28025147318840027,0.3710797131061554,0.292209655046463,0.22343726456165314,0.21507030725479126,0.23425017297267914,0.19423913955688477,0.13280607759952545,22.909524568423638,17.802328405871197,17.761890018606994,16.977369244212046,16.215219869190438,17.19391985419269,52.223926050914216,0.07266000600961539,1
-413.0363464355469,63.365474700927734,-17.786582946777344,35.21017074584961,-18.0922794342041,-1.483062982559204,-30.458837509155273,-0.3179831802845001,-15.28128433227539,-6.763306617736816,-9.839339256286621,-4.3926849365234375,-5.909300804138184,0.20010565221309662,0.1977430135011673,0.23018120229244232,0.17209655046463013,0.1348322182893753,0.1366700530052185,0.18833643198013306,0.2940673530101776,0.30013853311538696,0.2483653426170349,0.2538001537322998,0.25978899002075195,18.762902172421242,16.68024810614446,19.536467979779314,17.580003341861357,18.013219556449435,19.60161277619929,51.42377737638692,0.10365459735576923,1
-500.70404052734375,58.03459930419922,-8.958806037902832,17.90848159790039,-15.004274368286133,10.17641544342041,-22.192373275756836,12.382354736328125,-13.30626392364502,-1.7641855478286743,-7.497159481048584,-7.269277572631836,-2.265439748764038,0.08485180139541626,0.07588765770196915,0.12832875549793243,0.11175248771905899,0.1997849941253662,0.3832751214504242,0.3434862494468689,0.25220614671707153,0.21343909204006195,0.17273159325122833,0.14983730018138885,0.0899992361664772,21.411497032145913,17.06882618036728,16.5844114308493,15.961087306277665,15.884965633657927,18.201445663583236,46.358619816574745,0.09926006610576923,1
-476.96893310546875,74.13494110107422,-17.702404022216797,30.284221649169922,-14.733222007751465,7.420821666717529,-29.263614654541016,2.0193583965301514,-9.563165664672852,-6.168117523193359,-3.7526774406433105,-7.139756679534912,-4.541007041931152,0.18219108879566193,0.18668128550052643,0.2552309036254883,0.2867731750011444,0.27262336015701294,0.236734077334404,0.288679838180542,0.44110551476478577,0.37040311098098755,0.2111710160970688,0.1861792504787445,0.21052053570747375,19.294878118867235,14.951880142266797,17.43245173469812,15.942565216938242,17.010225044252437,16.190032184768928,50.59610430119241,0.07592397836538461,1
-456.5201110839844,81.19923400878906,-14.955401420593262,25.569107055664062,-19.35572052001953,7.7281341552734375,-23.85357666015625,-0.2512788772583008,-14.847192764282227,-6.756316661834717,-5.863218784332275,-6.539863586425781,-6.107212543487549,0.12071866542100906,0.15719367563724518,0.1826406717300415,0.1268516182899475,0.14616163074970245,0.25107115507125854,0.4389117360115051,0.4657976031303406,0.24929912388324738,0.14518019556999207,0.08402600884437561,0.10237866640090942,24.0362233769005,17.458619570835666,19.34512922541208,17.727448709335427,17.74978447368698,17.279969389298323,51.16085940778707,0.06254131610576923,1
-463.3973083496094,79.35454559326172,-26.270479202270508,23.412837982177734,-15.462201118469238,0.07319805771112442,-28.74065589904785,-0.27503955364227295,-8.62048625946045,-3.108856439590454,-3.056720018386841,-5.883801460266113,-4.7586164474487305,0.10434462130069733,0.14191699028015137,0.20206741988658905,0.30659154057502747,0.2405194789171219,0.16933676600456238,0.1993338018655777,0.22897975146770477,0.3354349434375763,0.33976706862449646,0.1888323277235031,0.12218258529901505,18.788019088738928,17.790526505696597,19.087118873351862,18.32591495520004,17.40832137521548,18.236546555861004,50.69460440273339,0.07635967548076923,1
-485.130859375,81.4059829711914,-19.170372009277344,32.235862731933594,-15.682633399963379,3.3093183040618896,-23.012571334838867,7.351194858551025,-12.887755393981934,-5.084708213806152,-7.22828483581543,-6.60482120513916,-4.648059844970703,0.12833631038665771,0.13608120381832123,0.23464997112751007,0.29258111119270325,0.3029690384864807,0.3737594187259674,0.3981142044067383,0.2689777910709381,0.2052958756685257,0.22817526757717133,0.21399112045764923,0.18779538571834564,20.87542982681862,16.717742391063357,16.592582774027274,15.778452811851976,16.151324797376855,17.009695758471647,50.589213011484446,0.07685922475961539,1
-495.8182678222656,79.3724594116211,-11.174251556396484,32.94070816040039,-17.463825225830078,6.071289539337158,-25.6077823638916,8.000081062316895,-15.918844223022461,-4.207094669342041,-7.954321384429932,-10.721912384033203,-3.495649576187134,0.1902591437101364,0.1341542899608612,0.0970759242773056,0.10863500833511353,0.21079714596271515,0.31941983103752136,0.2814302146434784,0.23671896755695343,0.28243449330329895,0.33820027112960815,0.2586210072040558,0.2438889592885971,20.10276211278313,16.666703744752528,17.952331268255644,16.443884931000202,15.870907105865568,15.767538157178947,51.020090845437196,0.07349008413461539,1
-443.36322021484375,84.3716049194336,-28.90468406677246,25.872400283813477,-22.999237060546875,9.846379280090332,-24.62510871887207,6.175163745880127,-14.565418243408203,-1.0307960510253906,-7.977963447570801,-9.690232276916504,-10.217994689941406,0.1236167922616005,0.11113572120666504,0.12612871825695038,0.16507141292095184,0.20923471450805664,0.2822163999080658,0.37906044721603394,0.396475225687027,0.3569391369819641,0.2419700026512146,0.15614762902259827,0.12130865454673767,22.530692622355946,16.765982837597413,17.864430253234893,16.774532106467962,16.78361915806958,17.730780637374203,51.54803684880384,0.08290264423076923,1
-499.6332092285156,89.13333129882812,-23.024274826049805,29.449609756469727,-17.533178329467773,16.424774169921875,-22.078126907348633,8.857324600219727,-14.303594589233398,0.8247857689857483,-4.642385005950928,-9.584602355957031,-3.224703788757324,0.11030777543783188,0.1042136549949646,0.15900935232639313,0.2623922526836395,0.3809782564640045,0.45653051137924194,0.29487344622612,0.20007960498332977,0.19010649621486664,0.14987675845623016,0.11040709912776947,0.11556185036897659,22.32505113256879,16.576006336595412,16.71545783723211,15.944393608445905,16.844403265261747,16.547394561999543,52.073142028084916,0.06598182091346154,1
-436.5730895996094,75.36215209960938,-13.31304931640625,22.8258113861084,-18.869260787963867,6.446317195892334,-26.937644958496094,11.311346054077148,-14.091986656188965,-3.435088634490967,-6.730003833770752,-4.821353912353516,-1.7703559398651123,0.12069471925497055,0.16339991986751556,0.2061748206615448,0.28058645129203796,0.2950277030467987,0.36846140027046204,0.3390834927558899,0.30973169207572937,0.26263535022735596,0.20192654430866241,0.18324828147888184,0.15896128118038177,23.658087790872603,17.037137711095248,16.915024402879652,16.782561085295207,16.83974517064435,18.57650842491663,53.266724842527466,0.10417668269230769,1
-456.7395935058594,74.23981475830078,-20.557741165161133,36.36479568481445,-20.416046142578125,9.77888011932373,-28.96697998046875,8.435192108154297,-15.917098999023438,3.75400447845459,-8.691190719604492,-8.2566499710083,-4.167425155639648,0.1504693329334259,0.1285315752029419,0.1413555145263672,0.23964552581310272,0.38894256949424744,0.3970075845718384,0.2806612253189087,0.18015021085739136,0.2117089331150055,0.20736350119113922,0.2139124572277069,0.1437416672706604,23.54455200177815,16.972209841963075,17.059381941899108,16.891325348028715,16.16944750018496,18.8975235036697,52.626029745071705,0.11254507211538461,1
-458.602294921875,80.4443359375,-27.31537437438965,28.89760971069336,-21.117403030395508,9.984113693237305,-25.652854919433594,5.86048698425293,-16.238420486450195,-1.4734010696411133,-7.329222679138184,-7.485607624053955,-3.8826241493225098,0.18716226518154144,0.19828231632709503,0.20120997726917267,0.18823958933353424,0.17714542150497437,0.22732728719711304,0.3302558362483978,0.45015814900398254,0.3953915238380432,0.27744829654693604,0.29914066195487976,0.2405773401260376,20.458846452807652,14.977073681253868,16.212496393659688,15.111817746461595,15.544730449876711,16.599664205244757,50.500124811188265,0.09427208533653846,1
-529.2559204101562,68.84173583984375,-16.548580169677734,25.191495895385742,-11.005521774291992,-1.1098555326461792,-15.218929290771484,4.884609222412109,-11.65516471862793,-3.9534263610839844,-5.988827705383301,-3.7849950790405273,-1.398571491241455,0.10342523455619812,0.0829683169722557,0.10141494870185852,0.19409485161304474,0.34272149205207825,0.3680141568183899,0.22148285806179047,0.13386383652687073,0.12214137613773346,0.07720168679952621,0.0659903883934021,0.08230701833963394,19.13738109948797,16.37717561385882,15.64120851240595,15.21450689664008,15.304202408953927,15.596982743452335,40.99610926177212,0.04232647235576923,1
-472.6463928222656,79.51246643066406,-18.09938621520996,33.62759017944336,-16.792360305786133,5.66875696182251,-30.74317169189453,7.169562339782715,-15.713144302368164,-0.6966286897659302,-6.8774800300598145,-8.714094161987305,-1.8180878162384033,0.20421473681926727,0.17560145258903503,0.10555262118577957,0.12115718424320221,0.1923360824584961,0.3554348349571228,0.3631422519683838,0.185161754488945,0.1947106420993805,0.2159864455461502,0.19950833916664124,0.20578277111053467,22.05637948324514,16.79461153379303,17.92216539696277,17.121746700705444,17.172265028319956,17.530736649214063,53.29335175657981,0.07941706730769231,1
-576.8076782226562,61.829803466796875,-19.587480545043945,21.06301498413086,-15.770180702209473,9.039941787719727,-18.79604148864746,7.9473114013671875,-8.392526626586914,0.02726440504193306,-1.7394071817398071,-4.12710428237915,0.12750162184238434,0.25270140171051025,0.17779241502285004,0.19174346327781677,0.24119482934474945,0.2412370890378952,0.3453957140445709,0.3312128484249115,0.23454295098781586,0.15964919328689575,0.16120411455631256,0.1724381148815155,0.26847127079963684,20.00705780190228,15.550606240168378,16.135988056617038,15.501025315666832,16.818462781347527,16.20843955490991,45.28418937068463,0.08559945913461539,1
-464.09515380859375,85.68526458740234,-17.981353759765625,35.13982009887695,-19.495752334594727,7.969780921936035,-28.152301788330078,7.5369791984558105,-14.518930435180664,-5.35560417175293,-4.113266944885254,-6.891993045806885,-6.7052388191223145,0.11959259957075119,0.11015652865171432,0.09595481306314468,0.15782968699932098,0.34272921085357666,0.5138862729072571,0.3723929226398468,0.13821300864219666,0.12786394357681274,0.13911518454551697,0.07774901390075684,0.08838792890310287,23.137626882971862,17.355472536303772,16.414922235770348,16.889785322421908,15.93965398600471,16.098711151720174,51.26425298932423,0.062646484375,1
-489.679931640625,85.8721923828125,-21.621625900268555,35.69135284423828,-14.823822021484375,7.84812068939209,-30.872434616088867,7.65748405456543,-10.94314193725586,1.319474697113037,-4.292675018310547,-9.334421157836914,-5.335442543029785,0.10510331392288208,0.0758504644036293,0.12098971754312515,0.29116103053092957,0.5058096051216125,0.4820564091205597,0.2452467381954193,0.18067620694637299,0.16401292383670807,0.10022219270467758,0.13252797722816467,0.20071105659008026,23.304735201057866,16.90748272621496,17.769581519120024,16.926684150210157,16.755871520653567,16.224439281004702,51.734790567368535,0.06600435697115385,1
-453.24969482421875,88.29541778564453,-24.29218101501465,30.875133514404297,-18.691791534423828,4.139740467071533,-17.568681716918945,4.134364604949951,-15.757345199584961,-5.06699275970459,-6.54045295715332,-6.691970348358154,-7.352409362792969,0.09974213689565659,0.09474585205316544,0.10573733597993851,0.1274941861629486,0.22842998802661896,0.4049229025840759,0.39179161190986633,0.3256267011165619,0.2139917016029358,0.10738480091094971,0.08325280994176865,0.09357825666666031,22.01637823220857,16.61151033646239,17.55829522432981,15.645446813585757,16.275706445872455,16.533888142360425,49.63254910223043,0.05494666466346154,1
-477.60211181640625,76.53639221191406,-10.540750503540039,40.35709762573242,-14.753458023071289,-0.1762300580739975,-28.844167709350586,8.254013061523438,-16.99160385131836,-2.0698838233947754,-10.174663543701172,-4.54817008972168,-1.8689242601394653,0.15926548838615417,0.1356768012046814,0.11026142537593842,0.1673937886953354,0.24595670402050018,0.39282384514808655,0.38414496183395386,0.20441372692584991,0.14298856258392334,0.15847794711589813,0.16551947593688965,0.15972620248794556,22.97887588290887,17.545170414842385,17.58542388004559,16.723372201070386,16.85825476426108,18.796272010299177,52.80832918909351,0.09473783052884616,1
-511.1425476074219,78.3677749633789,-20.757583618164062,25.771881103515625,-14.813124656677246,5.514273166656494,-19.858142852783203,6.871788501739502,-14.956727027893066,0.23838618397712708,-3.7699501514434814,-8.083863258361816,-4.990705966949463,0.07598044723272324,0.08484842628240585,0.18611381947994232,0.326600044965744,0.3770235776901245,0.3387908637523651,0.24875356256961823,0.15844517946243286,0.13765622675418854,0.10299257934093475,0.0711052194237709,0.09297710657119751,20.746504734583933,16.97608487049838,15.17114727133154,15.655624751493367,15.211951126026287,15.85580529932116,45.39113470877093,0.04783653846153846,1
-474.44512939453125,85.41880798339844,-19.963010787963867,29.66539764404297,-24.969249725341797,3.178147077560425,-18.797393798828125,6.129107475280762,-15.10126781463623,-2.2355446815490723,-3.5670909881591797,-4.677837371826172,-5.755725860595703,0.15776631236076355,0.20727770030498505,0.31948697566986084,0.30350688099861145,0.3294634222984314,0.3910813629627228,0.35385414958000183,0.2726750075817108,0.18932899832725525,0.1671467423439026,0.18356797099113464,0.15637260675430298,20.21308532424463,14.63737296477426,15.096692443735744,16.003736861098155,15.628301566013963,16.606595124703755,49.725938786687195,0.08526893028846154,1
-437.4004211425781,70.46414947509766,-16.031118392944336,40.65177917480469,-19.270801544189453,4.811868190765381,-30.443599700927734,4.516310214996338,-14.740038871765137,-4.942028045654297,-7.3379621505737305,-7.2725653648376465,-3.7399098873138428,0.14399383962154388,0.11388447135686874,0.13786883652210236,0.1536990851163864,0.1705135852098465,0.3200588524341583,0.3683961033821106,0.24762441217899323,0.18967290222644806,0.21908096969127655,0.2558082938194275,0.20026381313800812,20.588302687092057,16.669732497021393,18.332684209893,15.870261664415697,16.83567594807886,17.375168112240104,51.04216001093005,0.08399188701923077,1
-568.0986328125,49.86301803588867,-12.321065902709961,34.367218017578125,-10.554386138916016,8.651911735534668,-15.183972358703613,3.239696502685547,-6.070859432220459,-1.6173442602157593,-4.550703525543213,-5.492030620574951,-0.5569145083427429,0.17747750878334045,0.1683061122894287,0.18115614354610443,0.20922815799713135,0.2165280133485794,0.4000304937362671,0.3645666241645813,0.2824368178844452,0.25244036316871643,0.2100113183259964,0.1693875938653946,0.1682083159685135,15.893244950139916,13.513267509169582,15.163882505863173,13.318129701391808,14.370601867720424,14.230235672736066,41.81677728490076,0.07392578125,1
-562.7493286132812,58.79996871948242,-12.287100791931152,27.031938552856445,-12.904586791992188,10.79577350616455,-24.3111629486084,9.41523265838623,-7.544590473175049,1.8737261295318604,-3.7286298274993896,-6.128389835357666,-2.154604911804199,0.08738747984170914,0.08865451067686081,0.15082970261573792,0.24474823474884033,0.31804159283638,0.32403048872947693,0.23167380690574646,0.13082760572433472,0.10054993629455566,0.10188858211040497,0.11223968863487244,0.09050140529870987,19.742861740151767,15.516881064363467,15.500346410219015,15.17011088533285,15.561078498491533,15.716694751790989,43.342460509823745,0.07472956730769231,1
-465.5349426269531,89.51573944091797,-24.86170768737793,27.847986221313477,-12.929628372192383,-1.6226911544799805,-28.128299713134766,1.7925041913986206,-9.286468505859375,-0.11801018565893173,-5.970016956329346,-8.875608444213867,-6.062556743621826,0.1736583113670349,0.162004292011261,0.24571986496448517,0.3168886601924896,0.2835363447666168,0.2914281487464905,0.22455622255802155,0.14350903034210205,0.1471484899520874,0.2211819440126419,0.21752600371837616,0.191677525639534,21.771748044300516,16.664527277322666,16.4121027198706,16.50425551878706,16.50477169575781,16.49604602345187,50.051163157416674,0.05279071514423077,1
-487.65997314453125,91.30374145507812,-17.085824966430664,30.362396240234375,-24.085399627685547,9.07371997833252,-27.780309677124023,8.086996078491211,-12.983041763305664,-0.32925868034362793,-3.629993200302124,-5.052732944488525,-2.3045337200164795,0.1902952492237091,0.16571581363677979,0.13919325172901154,0.17967595160007477,0.31496110558509827,0.46130120754241943,0.34466248750686646,0.23919379711151123,0.1856011003255844,0.15333913266658783,0.1473313421010971,0.16788968443870544,20.826939790840342,15.46381505086163,15.343671982764533,15.620408379913318,15.623943615521068,16.002952744240876,50.056713463833134,0.081494140625,1
-483.338623046875,85.02397918701172,-18.18768310546875,30.2021427154541,-18.927661895751953,11.446223258972168,-32.88211441040039,3.4796648025512695,-8.43610668182373,-3.3740198612213135,-5.184227466583252,-6.7281084060668945,-2.236069440841675,0.2273876667022705,0.1542777270078659,0.14845596253871918,0.25263893604278564,0.46007445454597473,0.4479796886444092,0.25109899044036865,0.16273921728134155,0.148294597864151,0.07249186187982559,0.09408749639987946,0.19961336255073547,22.13362662077179,16.07981376399241,16.860693802364658,16.358168604184584,16.724799410106424,15.903377358808408,50.028350566064795,0.062022986778846156,1
-465.9983825683594,73.91175079345703,-3.400961399078369,36.24504089355469,-12.630847930908203,8.874746322631836,-34.58674621582031,11.193092346191406,-14.459425926208496,-4.0121989250183105,-7.445850372314453,-10.860194206237793,-3.8027968406677246,0.0764775276184082,0.06991608440876007,0.11226262897253036,0.22411663830280304,0.42797383666038513,0.5357626676559448,0.3351632058620453,0.15441098809242249,0.16401390731334686,0.1340888887643814,0.1268654316663742,0.10209185630083084,24.390825686899433,17.693530651796728,17.313340902539508,17.10063314939235,16.871393948098834,17.674259886441757,53.24379492047706,0.08453275240384615,1
-590.828125,40.75397872924805,-11.575095176696777,28.81978416442871,-7.635146141052246,6.9815287590026855,-19.527751922607422,5.946872711181641,-7.750044345855713,-0.4194052219390869,-5.470723628997803,-4.737175941467285,-0.4231277406215668,0.1597708910703659,0.11224520206451416,0.10611004382371902,0.16711437702178955,0.3024364709854126,0.3481568396091461,0.227311372756958,0.1335303634405136,0.1294303834438324,0.1173754632472992,0.12279405444860458,0.18549823760986328,17.926438915351536,15.382622719600327,16.025180486829175,14.944674045516479,15.68054720828677,16.292334847812537,38.32257610916674,0.07851938100961539,1
-438.3955383300781,72.40889739990234,-25.41078758239746,38.444339752197266,-23.169445037841797,4.577051162719727,-24.62905502319336,6.639652252197266,-13.432243347167969,-0.1797945499420166,-6.04511833190918,-7.558565616607666,-5.999438285827637,0.07595386356115341,0.1305622160434723,0.14425739645957947,0.21120058000087738,0.3018175959587097,0.38667961955070496,0.3618847727775574,0.26350077986717224,0.2124089002609253,0.1429217904806137,0.13422414660453796,0.09230024367570877,21.910743555223494,16.741586927920455,16.70616470484837,16.78370899489636,16.026039526727004,17.32690123815354,50.62991059313054,0.09150766225961539,1
-483.96246337890625,84.84747314453125,-17.446861267089844,34.0023193359375,-13.568863868713379,11.829553604125977,-26.22987174987793,8.874329566955566,-16.520174026489258,0.4378381669521332,-3.6309385299682617,-7.8413519859313965,-5.949487686157227,0.05395347252488136,0.05953184515237808,0.09378236532211304,0.28837668895721436,0.4702513515949249,0.3906593322753906,0.28331318497657776,0.13080421090126038,0.09211758524179459,0.07950487732887268,0.13752122223377228,0.0830799862742424,23.320870658455473,17.56319279734476,16.44257460256446,16.553074068680136,16.18995770925383,17.106999611025266,50.9363540000414,0.07291917067307692,1
-497.4957275390625,69.30272674560547,-20.990413665771484,41.86248016357422,-19.25999641418457,4.900321960449219,-20.706287384033203,1.5387414693832397,-11.251684188842773,0.332654744386673,-5.354694366455078,-8.922706604003906,-4.754939079284668,0.1884431391954422,0.14487510919570923,0.19341184198856354,0.2729406952857971,0.35390669107437134,0.39559170603752136,0.23675401508808136,0.16710619628429413,0.1659613847732544,0.23490221798419952,0.20567992329597473,0.20116868615150452,19.136144103124348,17.37835671281696,16.49830139697431,16.674326176376656,16.543260995803408,16.722893866828656,50.771596728360095,0.07849684495192308,1
-506.0144958496094,72.55448913574219,-8.796103477478027,23.183504104614258,-13.133514404296875,6.154694080352783,-24.935001373291016,6.878218650817871,-15.855868339538574,-3.2225444316864014,-5.599405765533447,-6.2480788230896,-2.82853627204895,0.21081073582172394,0.17349611222743988,0.243406280875206,0.29273736476898193,0.3233363628387451,0.28540635108947754,0.19301046431064606,0.14079508185386658,0.12349967658519745,0.15938787162303925,0.24883393943309784,0.27361780405044556,19.681783744553922,15.449629260859616,16.26645534878849,15.314592350606665,15.850225207090986,17.305003807206823,47.28035538391337,0.08233173076923077,1
-439.0517883300781,64.54373168945312,-18.650190353393555,26.282472610473633,-21.501617431640625,10.09277629852295,-26.041603088378906,1.2442857027053833,-15.520119667053223,-0.2762680947780609,-7.116519927978516,-10.308646202087402,-5.176054000854492,0.3176821172237396,0.2973274290561676,0.23011469841003418,0.16586898267269135,0.1352151483297348,0.15895581245422363,0.15346498787403107,0.22681686282157898,0.32528993487358093,0.2637643814086914,0.23285433650016785,0.24327127635478973,18.31269169211623,19.210455163742775,19.77321012834409,17.2302735434234,18.10167301047057,18.42755302916054,53.01163872037661,0.10098031850961539,1
-471.6419982910156,76.37693786621094,-22.360200881958008,33.25938034057617,-11.034429550170898,4.1172404289245605,-23.27675437927246,5.291812419891357,-16.62983512878418,0.7138571739196777,-9.544727325439453,-9.314167976379395,-6.563714981079102,0.11057893931865692,0.09963095933198929,0.13309139013290405,0.1684689223766327,0.2933843731880188,0.4120900630950928,0.33784592151641846,0.24669620394706726,0.19846034049987793,0.1792459785938263,0.14658276736736298,0.12940853834152222,25.2908547111029,18.778122552325108,18.118939558419214,16.744264737248944,17.269711303755894,19.872177263597862,51.52973877400786,0.07333233173076924,1
-473.687744140625,82.94708251953125,-28.63568115234375,33.74821853637695,-24.64988899230957,11.160371780395508,-31.107898712158203,7.70082950592041,-12.930747985839844,0.9840654134750366,-6.41206169128418,-7.084500789642334,-5.5361104011535645,0.11097997426986694,0.09480015188455582,0.11550115048885345,0.15583106875419617,0.19034717977046967,0.21507933735847473,0.2678568363189697,0.38433682918548584,0.45498988032341003,0.2905099391937256,0.14653149247169495,0.13025447726249695,20.839597704874002,16.538632862225217,17.773468216652496,16.200912794518242,15.97777354242143,16.9821097905813,51.73192683705775,0.09126727764423077,1
-508.9205627441406,89.04997253417969,-27.084228515625,26.34762954711914,-19.3337345123291,10.447568893432617,-18.208911895751953,10.779958724975586,-10.789888381958008,3.286348819732666,-5.33791971206665,-7.936050891876221,-6.129568099975586,0.11793514341115952,0.13034126162528992,0.15826454758644104,0.3215499222278595,0.5873023271560669,0.3630857467651367,0.20876476168632507,0.1899644136428833,0.2157234102487564,0.11699294298887253,0.14755046367645264,0.21617823839187622,21.884830007505727,16.710468788342705,16.038047073286208,16.509779522264903,16.35460171598101,16.76408322153727,51.03152684859315,0.07057166466346154,1
-640.3275756835938,46.15987777709961,-9.512883186340332,17.54895782470703,-9.60908031463623,10.9686861038208,-14.476654052734375,6.314488410949707,-7.387813568115234,-2.8755900859832764,-3.1921961307525635,-5.908857822418213,-2.2245733737945557,0.10164901614189148,0.1350284367799759,0.11536676436662674,0.1307837814092636,0.22376157343387604,0.27088451385498047,0.25131964683532715,0.1608043611049652,0.12044310569763184,0.09601517021656036,0.08441668003797531,0.07399929314851761,18.17094299832954,14.162111333214135,14.296386448849594,14.40300032492447,14.989682989653588,14.74928775877968,34.67144236469229,0.049094801682692306,1
-484.44952392578125,73.93476104736328,-35.9427490234375,21.174869537353516,-24.732563018798828,3.939709424972534,-20.09716796875,1.547217607498169,-8.359774589538574,-2.6702358722686768,-4.993328094482422,-4.5221099853515625,0.7709226012229919,0.3034880757331848,0.30696043372154236,0.254804790019989,0.23080778121948242,0.2706247866153717,0.3186347186565399,0.24751712381839752,0.2754719853401184,0.3145780563354492,0.27351653575897217,0.3566504120826721,0.4257676899433136,16.33908555113737,16.32991811069481,16.980854436879778,16.655576989184205,17.342163943229178,18.096591673969076,52.0144189695625,0.09664588341346154,1
-316.8837890625,107.05135345458984,-23.640932083129883,19.60614013671875,-10.874375343322754,11.542266845703125,-13.519319534301758,-0.32231831550598145,-2.251599073410034,-1.2357438802719116,-0.8022468090057373,-2.4459900856018066,-2.187176465988159,0.38337141275405884,0.36784669756889343,0.37295183539390564,0.3322976529598236,0.2906617820262909,0.22082367539405823,0.20280328392982483,0.22981666028499603,0.22502391040325165,0.21505732834339142,0.2432575672864914,0.31611424684524536,16.728677525809193,15.373133598070517,17.878671745722052,16.47264351615366,17.676034597281014,17.574221745957345,47.96798196937634,0.04024564302884615,1
-356.4808044433594,91.2759017944336,-16.66713523864746,24.79172134399414,-8.649202346801758,13.722465515136719,-7.785305023193359,3.907639741897583,-0.6817660331726074,-2.3998196125030518,-2.853611946105957,-0.09759515523910522,-1.8356539011001587,0.2187415212392807,0.2880498766899109,0.3061324954032898,0.29268255829811096,0.2737719714641571,0.2381380796432495,0.20274287462234497,0.2257886528968811,0.23839154839515686,0.22010894119739532,0.21337531507015228,0.21965324878692627,16.80786051913273,13.230904298588348,15.089729549461527,13.967533844091237,15.558262590070063,16.011689961184835,40.619017643886856,0.03125751201923077,1
-405.0401306152344,74.85050201416016,-29.85666275024414,21.530834197998047,-9.555917739868164,-1.110477328300476,-14.304787635803223,-5.300946235656738,-3.745919704437256,-7.6148905754089355,-8.897854804992676,-5.232476234436035,-4.070488452911377,0.1571282148361206,0.14934037625789642,0.12429502606391907,0.12423497438430786,0.1700291484594345,0.18431727588176727,0.1926790475845337,0.3998446762561798,0.492878258228302,0.3116862177848816,0.2087772786617279,0.16878779232501984,19.761064690280307,20.01593798317296,23.501705218846237,19.58946779516161,20.854060578647875,21.590874676156126,52.57874127002542,0.06961763822115384,1
-461.00439453125,83.42237854003906,-24.926273345947266,10.984387397766113,-13.325531005859375,5.088205337524414,-19.770206451416016,-5.936526298522949,-8.058454513549805,-1.7619524002075195,-5.12769889831543,-8.454426765441895,-2.6207196712493896,0.1744341254234314,0.21704773604869843,0.24918901920318604,0.19441305100917816,0.1992337554693222,0.25379663705825806,0.3508095443248749,0.2818603217601776,0.2981095016002655,0.29489535093307495,0.2605299949645996,0.211814284324646,19.566277223144084,18.105089979754492,19.1359999462259,18.001292902480948,18.897349909656175,18.24951118007746,51.71223754312502,0.06777719350961539,1
-317.7874450683594,108.78844451904297,-31.817584991455078,26.318262100219727,-15.445375442504883,10.101842880249023,-13.191352844238281,-2.538928270339966,-2.438014507293701,-2.959491014480591,-1.9435501098632812,-0.9071860909461975,-2.8114328384399414,0.2275753915309906,0.17499978840351105,0.18587711453437805,0.19537656009197235,0.20692136883735657,0.21317066252231598,0.17327341437339783,0.23890112340450287,0.32860904932022095,0.3534502685070038,0.32981011271476746,0.2807725667953491,15.953987782981438,15.691972683110379,17.658511791955508,16.392708864234493,17.151383858827973,17.33380284568663,46.63006575424286,0.04634164663461538,1
-418.6107482910156,69.19890594482422,-19.08901023864746,17.650278091430664,-10.907625198364258,10.766877174377441,-4.84693717956543,-0.727082371711731,-3.0995936393737793,1.8806251287460327,-1.6056610345840454,-0.8948889970779419,2.297334909439087,0.17000746726989746,0.17409628629684448,0.1816815733909607,0.17721520364284515,0.17512820661067963,0.1996055245399475,0.16054095327854156,0.20764940977096558,0.25855812430381775,0.24729083478450775,0.3728322982788086,0.25865086913108826,16.76140481504804,16.87199600663988,18.15321761997389,16.466166350064647,17.676887743554953,17.96007098845127,40.079804504558766,0.04497821514423077,1
-446.2647399902344,78.17112731933594,-33.330360412597656,17.379587173461914,-15.612051963806152,11.553033828735352,-16.833293914794922,1.9225209951400757,-5.56135368347168,-2.119580030441284,-5.263661861419678,-5.368008136749268,0.47890377044677734,0.20180822908878326,0.18369914591312408,0.20631305873394012,0.18212273716926575,0.20863839983940125,0.2343061864376068,0.20551636815071106,0.22908826172351837,0.3657664358615875,0.4351847767829895,0.3484765291213989,0.22801771759986877,14.414858731809062,15.348953386117175,17.185406248240543,16.03203462341527,17.466131571842485,17.04974133034876,48.903406000491074,0.09546274038461539,1
-311.55792236328125,99.25582885742188,-32.77635955810547,20.719770431518555,-11.666605949401855,7.79620885848999,-5.461132049560547,1.64362370967865,-0.21940922737121582,3.786259651184082,1.55581533908844,0.12161900103092194,0.4113207161426544,0.33220139145851135,0.31468191742897034,0.29330289363861084,0.2810640335083008,0.19893652200698853,0.17573800683021545,0.21875835955142975,0.2280723750591278,0.22396115958690643,0.2798612415790558,0.3260132074356079,0.30400338768959045,16.41945256523459,17.011687688954673,18.404141312380187,16.50501740806127,18.0632118220223,18.890836692177295,47.58629625073441,0.04747220552884615,1
-305.820068359375,114.93955993652344,-11.123566627502441,27.820711135864258,-10.15800952911377,20.742990493774414,-8.61125373840332,9.20140266418457,-1.5005172491073608,0.06166628375649452,-1.0377531051635742,-0.417542964220047,0.9263901710510254,0.23163850605487823,0.2338232547044754,0.24031835794448853,0.17313207685947418,0.1594754308462143,0.17052507400512695,0.24824312329292297,0.2979739010334015,0.3302270472049713,0.348506361246109,0.3461679518222809,0.30031996965408325,19.160659029934944,14.489757703295636,15.50149633582117,14.41414653900763,16.319044485329634,16.8288532741307,48.32358396315361,0.03243689903846154,1
-453.5599670410156,67.33866882324219,-26.682811737060547,23.546794891357422,-11.314854621887207,0.4029593765735626,-16.67374038696289,-1.8888980150222778,-0.8120419383049011,-0.5223044157028198,-6.136348247528076,-3.9288406372070312,-2.4163002967834473,0.3266702890396118,0.2764644920825958,0.23307937383651733,0.17370201647281647,0.17013582587242126,0.21294811367988586,0.32739055156707764,0.35723015666007996,0.33696189522743225,0.4273819625377655,0.372555673122406,0.3584139943122864,18.347416396298787,18.23481277183078,19.41032435057336,18.958172571238944,20.099715273633873,20.82421879076037,53.94633142748673,0.09778771033653846,1
-328.44366455078125,107.95500183105469,-24.524930953979492,22.243852615356445,-11.222762107849121,10.274415016174316,-11.768691062927246,0.2674214839935303,-0.8012166619300842,0.4710210859775543,-0.9103989601135254,-0.917535662651062,1.3443554639816284,0.2507322132587433,0.20331722497940063,0.1813003122806549,0.13661865890026093,0.16378262639045715,0.15659300982952118,0.22981053590774536,0.22673696279525757,0.23204831779003143,0.38387957215309143,0.2997903823852539,0.27434420585632324,16.65984000502025,17.098073966383094,18.860525778385664,16.430998286977704,17.256217319031272,16.86900410278154,46.42698600297422,0.041327373798076925,1
-325.5364074707031,99.0831527709961,-25.993446350097656,17.58652687072754,-18.151445388793945,20.47882652282715,-4.875785827636719,2.8857717514038086,-1.3702346086502075,3.342350959777832,-0.10004384070634842,-0.40713560581207275,2.4797933101654053,0.355659544467926,0.3532218933105469,0.3883609473705292,0.38929280638694763,0.31874799728393555,0.2620852291584015,0.3016667068004608,0.33446231484413147,0.34978196024894714,0.33467555046081543,0.35629889369010925,0.3587188720703125,16.56818685480901,14.824793448417408,16.204980725690557,15.667370653196128,16.730141019482613,16.943590814272998,48.961501889948,0.06405123197115385,1
-326.1001281738281,106.77987670898438,-20.052265167236328,21.066890716552734,-8.42920207977295,10.679250717163086,-3.629709005355835,2.708381175994873,-1.46709406375885,1.5398484468460083,2.2196547985076904,0.46214061975479126,0.37920093536376953,0.36548981070518494,0.35595130920410156,0.24420687556266785,0.22290730476379395,0.21070779860019684,0.17902174592018127,0.18312416970729828,0.20052066445350647,0.20699353516101837,0.17958888411521912,0.18677812814712524,0.2657669484615326,19.47116475061921,18.018495058162706,19.81162517829499,16.823910196163162,17.657961174502073,17.538878382105633,47.16915325617347,0.03716571514423077,1
-292.495849609375,119.29914093017578,-21.027502059936523,26.685571670532227,-10.670333862304688,11.844091415405273,-6.550042152404785,-0.3428795337677002,-2.5165882110595703,-2.020493745803833,-1.6965082883834839,-2.3830606937408447,-2.534514904022217,0.299833208322525,0.26973405480384827,0.27074703574180603,0.24448047578334808,0.22118036448955536,0.25212037563323975,0.2958793342113495,0.2953077554702759,0.2513715326786041,0.23051005601882935,0.2566315829753876,0.33813902735710144,17.769775100184052,13.732645115799615,16.98250129830448,15.793428431250977,16.54663764673063,17.686643393264127,46.60154603402436,0.039284104567307694,1
-505.1191711425781,72.1539306640625,-30.682220458984375,13.160295486450195,-17.581647872924805,13.209376335144043,-18.123294830322266,3.1764981746673584,-4.09254264831543,1.2205702066421509,-5.598742485046387,-6.388786315917969,3.095928430557251,0.3825838267803192,0.27107757329940796,0.25194552540779114,0.20205487310886383,0.23212961852550507,0.27118632197380066,0.31195637583732605,0.2830166518688202,0.3181248605251312,0.4220263361930847,0.4017171263694763,0.43292897939682007,16.746104164076648,15.224920228043247,15.932685633632019,16.474307152948754,18.149936690579796,16.72242844219809,53.53975829796851,0.10850360576923077,1
-444.7594299316406,90.96018981933594,-36.06325149536133,17.78778076171875,-26.61827850341797,-5.301555156707764,-23.34488868713379,-5.399866580963135,-2.9421956539154053,-4.314740180969238,-11.252748489379883,-7.5418829917907715,-2.8759357929229736,0.2224426567554474,0.28486108779907227,0.12422239035367966,0.08739893138408661,0.17278341948986053,0.35734108090400696,0.3951643407344818,0.321755975484848,0.25083306431770325,0.2114235758781433,0.18126066029071808,0.21490265429019928,20.07753470899199,18.95920453508158,19.013742523447245,19.38353129285957,19.082041663179712,19.892371463482903,50.52845415075603,0.061279296875,1
-312.5592346191406,114.699951171875,-26.24585723876953,19.412019729614258,-14.182266235351562,5.969580173492432,-4.878345489501953,6.277651786804199,-0.1638723462820053,1.0052741765975952,1.956560492515564,-1.4226728677749634,0.22124223411083221,0.3373614549636841,0.3466724455356598,0.3612692952156067,0.27952027320861816,0.2485531121492386,0.27024561166763306,0.2949464023113251,0.258870929479599,0.24889400601387024,0.24576689302921295,0.24119256436824799,0.2945280075073242,17.914636611196343,16.882389995324132,18.463587475282903,17.46703648396541,18.75518683300678,19.006834046496742,48.65214087339902,0.039073768028846156,1
-367.8252258300781,69.76484680175781,-26.817296981811523,20.845996856689453,-8.845759391784668,7.327493190765381,-6.159599304199219,-0.642460823059082,-1.710709571838379,0.16266386210918427,-1.6019611358642578,-0.26381993293762207,-0.05117660015821457,0.35181695222854614,0.25634461641311646,0.22354373335838318,0.18638314306735992,0.19537091255187988,0.17992013692855835,0.19544026255607605,0.19935600459575653,0.2186824083328247,0.2620649039745331,0.2662339508533478,0.3527890145778656,17.494085157596448,17.54589051900003,18.571554194967128,17.107278506986315,19.336586278542743,19.393058086134364,44.81968422807534,0.06648888221153847,1
-290.9083557128906,108.31671142578125,-14.448067665100098,28.694000244140625,-9.661455154418945,19.14980125427246,-6.648718357086182,5.617841720581055,-0.1526101976633072,-1.1974406242370605,1.0998213291168213,0.377900630235672,0.443003386259079,0.17136168479919434,0.23865145444869995,0.19551265239715576,0.0966712161898613,0.07271017879247665,0.07381342351436615,0.11170531064271927,0.1650339514017105,0.2844754755496979,0.4119444787502289,0.33840683102607727,0.22858195006847382,21.572176251870523,16.866701981117572,18.118132351148297,15.919815461662647,18.277927396642728,18.133158343782572,48.40984112723203,0.03656850961538462,1
-313.3675537109375,119.06987762451172,-27.446428298950195,17.845447540283203,-18.636850357055664,21.44146728515625,-3.795548915863037,8.281438827514648,-1.3203967809677124,5.321768760681152,-0.7961438894271851,0.158823624253273,3.4845848083496094,0.3239063620567322,0.3538295030593872,0.32284554839134216,0.26288309693336487,0.2805633246898651,0.3091318905353546,0.37205252051353455,0.36759284138679504,0.3370407819747925,0.3757949769496918,0.41491010785102844,0.3933015763759613,17.888704324591398,13.702338284989999,14.857715949642419,14.80457089127961,16.29398418150343,16.039992255857907,48.38075868673423,0.044745342548076925,1
-323.7315368652344,102.31380462646484,-30.84952163696289,19.13190269470215,-11.278252601623535,11.704833984375,-16.26416778564453,1.2035799026489258,-3.1807498931884766,-0.7039802670478821,-1.6081242561340332,-0.5890209674835205,-1.3468010425567627,0.2559448182582855,0.2270585298538208,0.16210362315177917,0.12987464666366577,0.14007066190242767,0.1295752078294754,0.16566839814186096,0.19550098478794098,0.22268050909042358,0.30427250266075134,0.29411160945892334,0.3337647020816803,16.105842630424878,17.38277029088919,19.958701677452204,16.875671850627988,17.69730324859372,17.275629550487345,48.19032215182117,0.05498046875,1
-320.09710693359375,104.07360076904297,-24.710412979125977,16.286170959472656,-13.429667472839355,14.988834381103516,-5.335393905639648,3.1019248962402344,-0.8178348541259766,1.0021246671676636,-1.6129454374313354,-1.1150505542755127,1.1360137462615967,0.38198256492614746,0.3284379541873932,0.29041779041290283,0.2949967682361603,0.297692209482193,0.2745199501514435,0.28465694189071655,0.3337887227535248,0.35537484288215637,0.3489232361316681,0.3897686302661896,0.35031652450561523,18.155448787143843,15.325867811099865,16.893804668706874,16.034603780800367,17.734725670572587,17.710957876941556,49.38488271210685,0.052324969951923074,1
-320.8868408203125,98.490234375,-26.960315704345703,14.845169067382812,-13.048105239868164,10.8933744430542,-12.596089363098145,-0.9050078392028809,-3.20359468460083,-0.4807751178741455,-0.09461018443107605,-2.7197954654693604,-3.0249619483947754,0.4295196235179901,0.3160649538040161,0.23611077666282654,0.20668330788612366,0.1821959763765335,0.15356388688087463,0.16660289466381073,0.22173254191875458,0.2804378569126129,0.23418161273002625,0.21765244007110596,0.3152463436126709,15.873732403508445,16.71909826127878,18.97806262327524,17.910428316938486,18.822317367541004,18.67181949602732,48.4821868532626,0.06414888822115385,1
-438.7183837890625,85.20825958251953,-27.88888931274414,19.847646713256836,-9.293902397155762,4.851490020751953,-12.356998443603516,-1.6372346878051758,-5.6113128662109375,-2.9866538047790527,-6.939038276672363,-1.947871208190918,2.8069310188293457,0.21719445288181305,0.1921161264181137,0.2007032036781311,0.19236718118190765,0.17477433383464813,0.2550197243690491,0.32260560989379883,0.25951728224754333,0.3628697395324707,0.37797099351882935,0.35669565200805664,0.2785790264606476,18.242148641898577,17.052308713749692,19.381318223099964,17.316063028486155,18.82650484826922,18.83603208508606,50.81667847137729,0.05913837139423077,1
-470.44866943359375,72.855224609375,-27.39213752746582,17.097217559814453,-22.461402893066406,3.59104323387146,-21.192638397216797,-2.62750506401062,-11.569121360778809,-4.354332447052002,-6.534906387329102,-6.594258785247803,-0.21167582273483276,0.29995399713516235,0.20324213802814484,0.23785975575447083,0.21513386070728302,0.13408410549163818,0.20883645117282867,0.2686731517314911,0.2447943389415741,0.33516907691955566,0.3411393165588379,0.2676909565925598,0.35801559686660767,16.14789389793974,15.822054740403928,18.90095921388205,16.97086831535364,16.918236920229237,17.496173616956852,50.342539181294384,0.09326547475961539,1
-307.0068054199219,116.69004821777344,-19.60342025756836,25.66556739807129,-8.808009147644043,12.621277809143066,-11.358067512512207,0.9893419742584229,0.3255535066127777,-1.297462821006775,-2.0046346187591553,-0.6124013662338257,-2.0753180980682373,0.29263466596603394,0.30552834272384644,0.15739664435386658,0.1182524561882019,0.1522260457277298,0.17376570403575897,0.1418117880821228,0.21863038837909698,0.2578597366809845,0.2612302601337433,0.24947363138198853,0.22964191436767578,18.892646748387392,15.833364739290273,19.151702774190337,17.5362010790601,18.309899866399757,18.430907985759706,47.723420582476486,0.04018179086538461,1
-322.0014953613281,106.35574340820312,-24.529327392578125,22.7142333984375,-14.280150413513184,16.31584358215332,-6.707104682922363,2.452690601348877,-2.29581618309021,-0.15184704959392548,-0.3051109313964844,0.44076019525527954,1.9853626489639282,0.37609201669692993,0.32480132579803467,0.333436518907547,0.3185303807258606,0.3025139570236206,0.29338523745536804,0.2624491751194,0.30962276458740234,0.36900997161865234,0.33015307784080505,0.3449559807777405,0.39135706424713135,15.84377382892151,14.379583156387598,16.104386723311826,14.870971971395303,16.350835781486936,17.042785929709098,47.26643434216854,0.049222506009615384,1
-440.48907470703125,74.95323181152344,-30.17877197265625,23.348722457885742,-16.073165893554688,2.173107862472534,-21.207632064819336,-3.866694688796997,-11.536025047302246,-2.2365920543670654,-6.0064849853515625,-6.53929328918457,-4.02943229675293,0.14124032855033875,0.10840869694948196,0.10481728613376617,0.099785216152668,0.18620657920837402,0.2929624617099762,0.15578725934028625,0.12647747993469238,0.30600595474243164,0.4292052984237671,0.34708645939826965,0.20424166321754456,18.18365652635803,19.279626407046866,21.538221511880906,18.206160256175295,19.714644368876055,20.50330971858446,51.79393065885766,0.072802734375,1
-449.65185546875,63.99300003051758,-29.385753631591797,19.979528427124023,-13.127484321594238,7.4120635986328125,-20.742216110229492,-0.253328412771225,-6.033871173858643,-2.3954672813415527,-8.115670204162598,-8.59087085723877,-2.814943313598633,0.22396007180213928,0.187520369887352,0.2016344666481018,0.15840090811252594,0.1447593867778778,0.20009340345859528,0.26081860065460205,0.34192177653312683,0.5064049363136292,0.3975740671157837,0.2720893621444702,0.24034030735492706,18.234736256535722,17.343196420501247,20.331710529828587,18.406626447140816,19.386607085958975,19.914813068978923,53.33137314859356,0.10780874399038462,1
-310.9078674316406,103.2327651977539,-25.045808792114258,23.88040542602539,-15.330175399780273,14.15596866607666,-8.875696182250977,-3.8068020343780518,-3.2514610290527344,0.31388720870018005,-0.6858700513839722,-1.4355963468551636,-0.8148341774940491,0.2046605348587036,0.18708881735801697,0.20513758063316345,0.22188903391361237,0.18752658367156982,0.15064343810081482,0.19855959713459015,0.30143678188323975,0.35798853635787964,0.28145578503608704,0.21407410502433777,0.2768513262271881,17.73145072049465,17.17993021558394,19.787200959441005,16.054352950412625,17.565041562575857,18.159977714575074,48.23132030692485,0.048895733173076925,1
-335.6338195800781,110.009521484375,-19.70949935913086,20.449501037597656,-7.286149501800537,9.357728004455566,-7.57436990737915,0.6457661390304565,-0.32307860255241394,-0.6017503142356873,1.3125702142715454,-0.3756466209888458,-1.9023406505584717,0.22676636278629303,0.2695922255516052,0.2858884334564209,0.2548072636127472,0.2685205936431885,0.22607454657554626,0.18260931968688965,0.17237864434719086,0.2040029764175415,0.21711187064647675,0.2735441029071808,0.28002482652664185,17.70140776087294,16.749856668185874,18.31075976562885,16.188069351448966,17.445579682335058,17.453966144749106,46.29317368187231,0.03806715745192308,1
-406.0210876464844,65.90282440185547,-28.235794067382812,21.378480911254883,-14.241632461547852,1.837153434753418,-19.152833938598633,-6.650959014892578,-5.904579162597656,-7.605027198791504,-11.001965522766113,-7.270849704742432,-2.7674942016601562,0.12964889407157898,0.09604652971029282,0.16551940143108368,0.13920986652374268,0.06789819151163101,0.1069013774394989,0.1789582222700119,0.24539116024971008,0.46739667654037476,0.3245406150817871,0.17150461673736572,0.1852370649576187,21.59047869693347,21.320635232785342,24.06532220239783,20.149313313440647,21.78392544991748,21.442904397988325,53.17668142712456,0.08577223557692308,1
-318.218994140625,93.08454132080078,-25.995145797729492,27.73126220703125,-14.415666580200195,12.612053871154785,-11.883160591125488,0.858746349811554,-5.781773090362549,-1.9584217071533203,-2.809274435043335,-1.2730144262313843,-1.3831731081008911,0.35760948061943054,0.3256920874118805,0.24336668848991394,0.17989134788513184,0.1552911400794983,0.1893419623374939,0.24878071248531342,0.22928142547607422,0.2547145485877991,0.2792373597621918,0.3194650113582611,0.38846355676651,14.452122172543715,14.199227494592693,17.083757604964642,14.78451473274949,16.51156372441212,16.980914780142722,46.815955753587716,0.06846454326923077,1
-444.0315246582031,77.75658416748047,-34.575889587402344,18.967939376831055,-13.354143142700195,7.855556964874268,-18.213743209838867,1.933949589729309,-5.316760540008545,-2.417872428894043,-6.236517429351807,-3.1534082889556885,0.26700475811958313,0.3545045554637909,0.23241105675697327,0.2126774787902832,0.19209733605384827,0.17097258567810059,0.1929195672273636,0.1999942511320114,0.22009417414665222,0.3225453495979309,0.45715904235839844,0.4669782817363739,0.40145033597946167,17.125124182448186,16.71132195010953,19.152491728772706,17.105588243072095,18.351770165545496,18.427327768556747,53.261402117015436,0.08361628605769231,1
-302.8336486816406,108.31795501708984,-20.316417694091797,25.1296329498291,-9.258739471435547,18.30536651611328,-3.2268896102905273,6.489373207092285,1.169980764389038,6.991429805755615,-0.46728643774986267,-0.4093957841396332,0.08327718824148178,0.534698486328125,0.4431358575820923,0.26439368724823,0.10068752616643906,0.0785488411784172,0.0751943439245224,0.090292789041996,0.11061116307973862,0.09091507643461227,0.09763261675834656,0.15308639407157898,0.28461727499961853,20.93306629125161,14.727252349543248,15.74541344935293,14.397650358693863,16.74966377707124,17.416174582377526,46.98685414327627,0.03144155649038462,1
-427.06365966796875,107.5211410522461,-26.973474502563477,27.86136817932129,-6.855194568634033,6.174004554748535,-20.58562469482422,-3.8189845085144043,-14.091842651367188,-3.142577648162842,-7.293222904205322,-8.570967674255371,3.16715931892395,0.18397001922130585,0.15834954380989075,0.26050466299057007,0.1502857655286789,0.15112635493278503,0.10938309133052826,0.13651925325393677,0.18416231870651245,0.2245059311389923,0.33235669136047363,0.24823464453220367,0.37940675020217896,19.91483355645745,14.775271422861257,19.27487140023699,17.19032835470358,17.81790206182821,17.722026940620967,48.35931570552828,0.050180288461538464,1
-435.6015930175781,100.4890365600586,-26.584259033203125,28.178558349609375,-6.40922737121582,7.767047882080078,-18.2952938079834,-3.6120967864990234,-17.02198028564453,-3.5775625705718994,-4.137359619140625,-7.6093974113464355,0.031243721023201942,0.23095965385437012,0.19175663590431213,0.2706756293773651,0.25578153133392334,0.28589963912963867,0.2491089403629303,0.217709019780159,0.3049847483634949,0.3111279606819153,0.34222012758255005,0.40154558420181274,0.41062861680984497,20.298108605455184,14.254562917967116,17.69373734229855,15.68588024170265,16.5740361165746,18.34629315485823,48.30688276376062,0.0651104266826923,1
-437.47601318359375,109.6509780883789,-16.59744644165039,8.821512222290039,-9.470951080322266,6.264729022979736,-17.297119140625,-7.3227410316467285,-15.361288070678711,-4.424396991729736,-4.1149187088012695,-6.976041793823242,1.741086483001709,0.2185623198747635,0.2192016839981079,0.2194286435842514,0.3073589503765106,0.2647348940372467,0.18897780776023865,0.1756003499031067,0.22598117589950562,0.32911941409111023,0.3895920217037201,0.3718172609806061,0.27421098947525024,20.49262466507083,14.950829218479385,18.077525859198662,15.530987120849158,17.237473669457607,17.157685448853563,47.09402941694725,0.0652118389423077,1
-429.9346008300781,107.13131713867188,-26.667720794677734,20.056514739990234,-3.077214241027832,8.728198051452637,-27.989789962768555,-5.286841869354248,-20.59384536743164,-4.448077201843262,-3.144035577774048,-12.19590950012207,2.5398178100585938,0.38062140345573425,0.202743262052536,0.13659054040908813,0.16454553604125977,0.18986479938030243,0.14194107055664062,0.19308646023273468,0.270947128534317,0.20089082419872284,0.16051383316516876,0.21003387868404388,0.3654114603996277,20.74812607914017,16.42833910145484,19.256661289125084,17.19168117217585,17.457654478330515,17.865461352413043,47.915934553798714,0.06478740985576924,1
-472.1142272949219,77.79235076904297,-12.976926803588867,22.737735748291016,-9.3836088180542,7.788930892944336,-14.733779907226562,-5.349973201751709,-12.882973670959473,-5.330058574676514,-3.8905832767486572,-3.2344930171966553,-1.0294475555419922,0.1915626972913742,0.18667373061180115,0.17853422462940216,0.22336043417453766,0.22836577892303467,0.20348386466503143,0.20881813764572144,0.20389823615550995,0.26448968052864075,0.33899161219596863,0.29473626613616943,0.21031621098518372,20.51384995045379,16.314622168624876,18.424314300452004,16.81537120230623,17.30284688635627,18.093759189515637,45.92866938117461,0.0637469951923077,1
-444.5393371582031,100.55776977539062,-19.870763778686523,20.516725540161133,-5.182827472686768,8.688679695129395,-16.832502365112305,-7.235812187194824,-12.9386568069458,-5.783600807189941,-5.9198899269104,-5.830805778503418,-0.5005416870117188,0.21125458180904388,0.23847568035125732,0.2492297887802124,0.2144508808851242,0.3813481628894806,0.2622047960758209,0.24849718809127808,0.21504579484462738,0.24472576379776,0.3486327528953552,0.35839924216270447,0.3476511538028717,19.71177766396479,13.065053667421893,16.871218508294028,15.442330385295387,16.828877922117503,17.20375254244022,46.74492383881469,0.05884540264423077,1
-417.1155090332031,122.98755645751953,-26.555034637451172,17.520313262939453,-5.166378021240234,2.279310464859009,-19.22877311706543,-3.5978822708129883,-10.983222961425781,-3.289862871170044,-6.695014953613281,-1.5494585037231445,-3.542459487915039,0.33425506949424744,0.4094456434249878,0.3253055512905121,0.19136933982372284,0.1757127195596695,0.19069220125675201,0.28966882824897766,0.22511433064937592,0.1512143909931183,0.175277978181839,0.27291810512542725,0.3568725287914276,20.70119557857405,14.40595934240737,17.29748846570454,15.634612497935766,17.017884749453028,17.02460627567043,47.09860968412395,0.04767878605769231,1
-442.2693786621094,109.21956634521484,-24.76117706298828,15.443607330322266,-6.179345607757568,-3.3096072673797607,-16.398300170898438,-0.6959507465362549,-11.272727012634277,-2.848970651626587,-8.156021118164062,-5.79608154296875,-1.4674626588821411,0.2984691262245178,0.20940443873405457,0.23171210289001465,0.19441938400268555,0.2216600775718689,0.19768473505973816,0.2761825919151306,0.35182884335517883,0.2885983884334564,0.1906895637512207,0.16037596762180328,0.3287647068500519,17.960347118348867,13.732692848127513,16.229522833728158,14.861897209453574,15.120539897942319,16.44190672581726,42.73200847063887,0.042349008413461536,1
-417.108642578125,109.38359069824219,-21.467939376831055,24.871461868286133,-9.564668655395508,-0.10193591564893723,-16.70404624938965,-3.5175960063934326,-13.816152572631836,-2.091888904571533,-8.787674903869629,-4.1754469871521,-1.560986042022705,0.22430270910263062,0.19435745477676392,0.21580147743225098,0.1931438446044922,0.20176224410533905,0.1939142793416977,0.28031280636787415,0.24010410904884338,0.223228320479393,0.22464925050735474,0.2963816821575165,0.34098443388938904,19.294333123685476,14.757511699353808,16.0114325236291,14.658581564983336,15.262156485588813,17.222543226644554,46.56745541827467,0.048351111778846156,1
-432.15869140625,127.32804870605469,-29.2318115234375,22.717979431152344,-5.9707207679748535,-1.2781448364257812,-16.10973358154297,-1.710807204246521,-10.733489036560059,-1.8780709505081177,-8.628922462463379,-3.152838706970215,-3.450695037841797,0.3177283704280853,0.27365827560424805,0.23186108469963074,0.1812763810157776,0.22531700134277344,0.27763018012046814,0.29528486728668213,0.22936482727527618,0.2053818553686142,0.24124112725257874,0.22872766852378845,0.28240081667900085,20.847605325453056,14.786499514373993,16.595988018822574,14.91500155372358,16.03918412214192,17.61363280711492,46.88272892833107,0.03544170673076923,1
-427.6904602050781,116.7723388671875,-26.230220794677734,22.037540435791016,-8.20656967163086,0.1654370129108429,-14.489462852478027,-5.050207138061523,-12.91036605834961,-4.782855033874512,-8.174349784851074,-4.600645065307617,-2.539560317993164,0.2666786313056946,0.24561050534248352,0.3472885489463806,0.24957795441150665,0.19432197511196136,0.20010913908481598,0.23049452900886536,0.264865905046463,0.20230050384998322,0.26918044686317444,0.24685551226139069,0.30920645594596863,18.803321963917117,13.213432319897121,15.781193646588275,14.474668620596054,15.422980579744102,16.586401943517405,44.78430745142834,0.04699519230769231,1
-423.0062561035156,111.13066101074219,-24.54774284362793,29.941469192504883,-7.119924545288086,-0.2411155104637146,-15.261810302734375,2.634359836578369,-14.6261568069458,-2.7873408794403076,-10.6903657913208,-5.2056732177734375,-3.70894455909729,0.2841460108757019,0.3574197292327881,0.36211535334587097,0.27770382165908813,0.22059616446495056,0.24564144015312195,0.2618742883205414,0.23893730342388153,0.23681260645389557,0.2548772096633911,0.22264035046100616,0.2424962967634201,19.197387361395347,13.942143842547408,15.529673190941654,14.810903975249687,15.196974090513466,17.365813163864292,47.82042265823998,0.050281700721153844,1
-438.3614196777344,120.4336929321289,-22.476003646850586,20.951297760009766,-6.391740322113037,5.278775215148926,-15.677827835083008,-4.6583709716796875,-15.072554588317871,0.5345390439033508,-5.322842121124268,-1.424157977104187,-1.9032098054885864,0.2954046130180359,0.2537320554256439,0.2845315933227539,0.24977587163448334,0.3214111328125,0.33430585265159607,0.3416731357574463,0.30433768033981323,0.19609685242176056,0.1728845238685608,0.21094967424869537,0.29011690616607666,19.354435120766915,12.289564768667242,15.16399973437321,13.571117448428378,15.3506286745715,15.91598963831374,45.83905229493705,0.040711388221153846,1
-434.0400695800781,117.869140625,-17.530532836914062,22.82379150390625,-6.036682605743408,1.7498670816421509,-13.392617225646973,-5.965949058532715,-11.093475341796875,-3.159045934677124,-6.803288459777832,-3.370318651199341,-2.643488645553589,0.2992721199989319,0.31737998127937317,0.2683567404747009,0.2334660142660141,0.22734712064266205,0.2389267235994339,0.2519710063934326,0.2704743444919586,0.23278287053108215,0.18464753031730652,0.20005786418914795,0.2585467994213104,20.61100992054158,14.778847146494497,16.430987303739574,14.870312936486245,15.77522692543913,17.36865909614684,46.0256553001909,0.043043870192307696,1
-411.2825012207031,97.36324310302734,-25.975011825561523,33.146263122558594,-8.171632766723633,6.264899730682373,-18.33819007873535,-0.0951354131102562,-13.356231689453125,-0.9582972526550293,-7.884196758270264,-4.6928911209106445,-2.895080089569092,0.27293556928634644,0.30896443128585815,0.3350118398666382,0.29391950368881226,0.2684364318847656,0.27703455090522766,0.3038886487483978,0.30523979663848877,0.2817363440990448,0.33154478669166565,0.3710748255252838,0.29593324661254883,17.9637103196748,11.716883668179406,14.191852293469939,13.144354674538485,14.537564483453162,15.63444390278527,45.51052025403674,0.06887019230769231,1
-541.0453491210938,91.51976776123047,-23.03836441040039,20.16494369506836,-15.794073104858398,7.862144470214844,-7.444095134735107,-0.16002491116523743,-11.114053726196289,0.8480483889579773,-3.3076789379119873,-0.7470754384994507,0.7675727605819702,0.310909628868103,0.32762786746025085,0.3341658413410187,0.2167220562696457,0.24396361410617828,0.20816469192504883,0.1783319115638733,0.19714972376823425,0.12961824238300323,0.12236201018095016,0.19871099293231964,0.33045312762260437,17.988006752974325,12.991925437935624,14.960357180043093,14.354233611623519,14.867859688102042,16.35603267261508,40.16748849216037,0.045331280048076926,1
-421.53497314453125,112.44686126708984,-31.36140251159668,16.411338806152344,-12.436068534851074,6.6034932136535645,-22.86736488342285,-5.527698040008545,-15.623041152954102,-3.6931679248809814,-4.994215965270996,-4.95578670501709,1.6872813701629639,0.28044700622558594,0.21608589589595795,0.2588347792625427,0.254634827375412,0.22228947281837463,0.2326297014951706,0.23205609619617462,0.229708731174469,0.2731115221977234,0.3892503082752228,0.35253551602363586,0.3259166181087494,18.772298072833586,12.70250663694731,15.597537801942156,14.263322058935254,15.842463654934464,15.935683868912747,45.365732215308164,0.06634239783653846,1
-488.1495361328125,105.6478042602539,-24.038482666015625,20.13887596130371,-13.24232006072998,7.658001899719238,-12.337282180786133,-1.3274502754211426,-10.127752304077148,0.4017065465450287,-4.579342842102051,-1.026300311088562,-0.19480805099010468,0.29744625091552734,0.3144645094871521,0.4134560227394104,0.28915825486183167,0.2968378961086273,0.23856520652770996,0.24668414890766144,0.23315267264842987,0.23230934143066406,0.21154098212718964,0.2438303530216217,0.27735134959220886,18.940192081446263,12.266627925979298,14.529993981127577,13.626012618834563,15.043554250548004,15.569054191716962,42.69345099798473,0.04456129807692308,1
-528.2943725585938,67.10124206542969,-15.272430419921875,14.544146537780762,-4.976142883300781,2.692841053009033,-6.918635845184326,-4.454663276672363,-7.55081033706665,-2.321430206298828,-4.083986282348633,-2.292292833328247,-2.572474718093872,0.19612623751163483,0.18466031551361084,0.1838616579771042,0.1585615575313568,0.13973881304264069,0.1306632161140442,0.1355740875005722,0.1538158357143402,0.1619856059551239,0.1546517014503479,0.11793333292007446,0.13669739663600922,17.510221891596142,14.946348427873115,16.017438639997952,14.898200010312863,15.77144380856068,16.77887383547196,34.59738305466879,0.02732872596153846,1
-469.2242431640625,86.37757110595703,-20.694639205932617,16.786691665649414,-12.265381813049316,0.07677870243787766,-13.93126106262207,-1.9121818542480469,-11.694549560546875,-2.1809988021850586,-3.1190474033355713,-2.360490322113037,-1.683066964149475,0.29065877199172974,0.2680722177028656,0.26369181275367737,0.2270740270614624,0.1807500272989273,0.16554230451583862,0.15660721063613892,0.17807218432426453,0.16624844074249268,0.24926769733428955,0.2189050316810608,0.23731999099254608,17.93014365842919,13.115773714779436,15.571052101362682,14.295882617898798,15.247494774579469,16.334626420238592,42.30076556615833,0.053489332932692306,1
-425.12158203125,111.29840087890625,-27.68069076538086,26.221935272216797,-12.459624290466309,9.415606498718262,-18.163829803466797,-4.26694917678833,-8.849019050598145,-1.8205211162567139,-5.1103997230529785,-2.9395930767059326,-4.023835182189941,0.2888016700744629,0.4012558162212372,0.2955018877983093,0.22108879685401917,0.19841820001602173,0.2612800896167755,0.37441736459732056,0.258634477853775,0.16264143586158752,0.1750614047050476,0.21609549224376678,0.24491150677204132,19.709542736593882,13.49444271797951,15.389537538728183,14.463373654263576,15.971947187287881,16.918810741500323,46.62439037676176,0.05427058293269231,1
-436.1686706542969,110.13571166992188,-30.261920928955078,13.161495208740234,-13.85737133026123,1.174159049987793,-21.553466796875,-6.356240749359131,-15.024809837341309,-3.176602840423584,-5.096600532531738,-1.0883805751800537,1.054141640663147,0.25322723388671875,0.23900467157363892,0.2604338526725769,0.21755348145961761,0.20362211763858795,0.17034290730953217,0.2349184900522232,0.23841533064842224,0.23627685010433197,0.199351966381073,0.21979600191116333,0.3250086307525635,18.859656525876108,14.199804830479641,16.597649390930005,14.477288282175985,16.259038826382103,17.055031456349944,46.33120023983738,0.05901066706730769,1
-504.5142517089844,94.41022491455078,-17.803077697753906,17.013519287109375,-8.61434268951416,5.051431655883789,-7.9378767013549805,-1.8698972463607788,-11.188837051391602,-2.0901901721954346,-6.9119977951049805,-2.661273956298828,-1.2146273851394653,0.21764586865901947,0.18857568502426147,0.1500193178653717,0.11389578878879547,0.1390998810529709,0.15411971509456635,0.1279839426279068,0.10450644046068192,0.14789117872714996,0.35533827543258667,0.21494583785533905,0.21367499232292175,18.317018203087482,14.01910288046957,16.084149656981463,15.123057962495352,15.651053986797796,16.112353729771755,39.49315048294971,0.03236929086538461,1
-430.9400939941406,116.85890197753906,-25.597978591918945,17.47942543029785,-9.337894439697266,-0.8572696447372437,-15.809037208557129,-5.756670951843262,-12.473029136657715,-1.5108174085617065,-9.983184814453125,-4.135195255279541,1.7618114948272705,0.3560340404510498,0.30043500661849976,0.2316564917564392,0.16823731362819672,0.1606086939573288,0.18434302508831024,0.23310479521751404,0.24559882283210754,0.2255137860774994,0.22465741634368896,0.30066487193107605,0.4068923890590668,19.798165500778303,13.867506778536006,17.02326435224111,15.453122158418969,16.958092742978597,18.067743330102076,46.97090804977087,0.05443584735576923,1
-427.50579833984375,124.392578125,-22.733816146850586,23.561113357543945,-3.4736363887786865,5.315520763397217,-13.596505165100098,-3.9877371788024902,-12.635961532592773,-2.696089029312134,-6.31735372543335,-2.4109275341033936,-2.1248252391815186,0.3940154016017914,0.30262789130210876,0.2680719494819641,0.1774754524230957,0.19687102735042572,0.27617964148521423,0.25358518958091736,0.17359039187431335,0.1459212452173233,0.2520778775215149,0.24369648098945618,0.33535847067832947,21.38796737307264,14.29596953375151,16.859255050639266,14.565869490932704,16.636998337030466,17.182776282000493,46.23725016367443,0.03700796274038461,1
-411.0157775878906,113.74932098388672,-20.381887435913086,21.56391143798828,-3.685309886932373,-3.4444503784179688,-19.225900650024414,-7.339442729949951,-9.781119346618652,-3.3215818405151367,-8.40669059753418,-3.946784496307373,-1.5664832592010498,0.19491054117679596,0.13587512075901031,0.12866319715976715,0.12459008395671844,0.18751293420791626,0.10878830403089523,0.13522975146770477,0.28853341937065125,0.3299737572669983,0.3248687982559204,0.2717769145965576,0.3580487072467804,18.81713763212255,13.825661719280662,17.84684246581384,15.49005319648186,17.004776044183554,17.318578276698872,46.90845731232394,0.04260441706730769,1
-412.7273864746094,111.92224884033203,-33.41054153442383,19.102384567260742,-13.6553316116333,7.1623125076293945,-16.054893493652344,-1.3656574487686157,-8.514683723449707,-0.22536733746528625,-7.154793739318848,-1.3500112295150757,-4.635097980499268,0.3077830970287323,0.22970589995384216,0.23917530477046967,0.227382630109787,0.28076785802841187,0.26483508944511414,0.2664281725883484,0.37667369842529297,0.31745314598083496,0.19735495746135712,0.1893983781337738,0.27354925870895386,19.012653178644765,14.083865301759207,16.575015197223145,15.513918353909146,17.073989007617765,17.597297073792188,48.40986794067015,0.05479642427884615,1
-438.9252014160156,109.665771484375,-19.98024559020996,20.005464553833008,-4.659655570983887,-1.3398141860961914,-16.71025848388672,-6.645992279052734,-13.254536628723145,-3.6359472274780273,-5.739929676055908,-4.201927185058594,-1.6369962692260742,0.2680358588695526,0.16189654171466827,0.22835081815719604,0.1471189260482788,0.10094918310642242,0.11040721833705902,0.21899430453777313,0.16422295570373535,0.17778295278549194,0.1332099437713623,0.21162140369415283,0.3856760859489441,19.673294540725156,15.17056408148994,19.101957931373413,16.379141054599202,17.239953346541473,17.273094744779023,46.701508951011746,0.056396484375,1
-469.7867431640625,87.8815689086914,-14.963335990905762,15.431659698486328,-4.376669883728027,2.5535049438476562,-7.929306983947754,-6.364565849304199,-8.029637336730957,0.7996836304664612,-3.6573843955993652,-3.2222213745117188,-1.0361045598983765,0.2229742407798767,0.21703559160232544,0.3094318211078644,0.25910860300064087,0.2071855515241623,0.17342236638069153,0.17625071108341217,0.23041951656341553,0.2559778690338135,0.37659284472465515,0.24567732214927673,0.22654491662979126,16.8729124950971,12.969603039380498,15.587920945022537,13.882458386028144,15.431526088972227,15.868926012849782,39.4508455938349,0.043870192307692304,1
-436.3412170410156,119.77838897705078,-20.942689895629883,18.10366439819336,-8.492758750915527,2.4522578716278076,-9.616060256958008,-4.113149166107178,-8.504319190979004,-4.1900129318237305,-7.1565842628479,-3.7096402645111084,-1.2374008893966675,0.34556955099105835,0.33464720845222473,0.33919528126716614,0.34652402997016907,0.26355835795402527,0.26804473996162415,0.2858927547931671,0.2648528814315796,0.23145778477191925,0.3091624975204468,0.33055925369262695,0.306330144405365,19.621459030164292,13.483780353185315,15.416764690631258,15.520626624564795,16.410598417118223,17.35417561053432,46.83951453048498,0.04127854567307692,1
-460.65423583984375,111.394775390625,-20.792692184448242,16.4417724609375,-8.629019737243652,-2.3522489070892334,-12.814793586730957,-4.871836185455322,-11.212779998779297,-3.7098581790924072,-5.758331298828125,-3.723071813583374,-1.164502739906311,0.18828710913658142,0.24610410630702972,0.20407700538635254,0.19130770862102509,0.21755020320415497,0.1912986934185028,0.23226605355739594,0.23535777628421783,0.1832030862569809,0.2043914943933487,0.2675088942050934,0.3268505334854126,19.44221423490647,14.593611591524901,17.11209046695044,16.11381749427913,16.840985324784786,17.910300870626823,45.336120126501584,0.048606520432692306,1
-412.6173095703125,107.37298583984375,-20.31618881225586,24.246721267700195,-4.373397350311279,1.3254791498184204,-12.933610916137695,-2.7658700942993164,-8.872530937194824,1.7644093036651611,-8.71397590637207,-2.294773578643799,-0.7311152219772339,0.3651360869407654,0.3142854571342468,0.26717454195022583,0.2433018535375595,0.1638457030057907,0.15081563591957092,0.187654048204422,0.3158115744590759,0.2721883952617645,0.24806715548038483,0.24902476370334625,0.2765507698059082,19.51367563159666,15.559187209909826,17.707199914538325,15.869585567573218,17.250808750788774,18.595482760815088,48.95813173346619,0.042574368990384616,1
-411.27685546875,113.20315551757812,-23.35302734375,23.647279739379883,-12.000415802001953,6.693068027496338,-14.67961597442627,-4.554169178009033,-17.338085174560547,-2.2505581378936768,-6.25753927230835,-6.1361985206604,-2.0371694564819336,0.23158617317676544,0.2557274103164673,0.26225191354751587,0.24388611316680908,0.20811022818088531,0.2107589691877365,0.226048082113266,0.22654886543750763,0.2542901933193207,0.42829200625419617,0.3516095280647278,0.26970037817955017,17.726603322408334,12.547741439352576,15.285544530562245,13.489295062956783,14.699034027209784,15.928697096582656,45.110183896181745,0.052268629807692306,1
-530.9405517578125,79.15228271484375,-21.838289260864258,15.547962188720703,-4.955313205718994,1.3857591152191162,-14.82142448425293,-1.389776587486267,-7.621419906616211,-0.9199793338775635,-5.5304646492004395,-3.9228901863098145,-1.0741605758666992,0.21994520723819733,0.1789907068014145,0.23640570044517517,0.17441760003566742,0.20684126019477844,0.20425398647785187,0.2425203025341034,0.21443895995616913,0.18223491311073303,0.18351930379867554,0.18334519863128662,0.29383862018585205,18.5574806780222,13.282250141322722,15.631585043342655,14.363668546510313,15.692705158121722,16.4120566795003,38.942795815304386,0.044178185096153844,1
-435.32000732421875,103.97874450683594,-23.59738540649414,26.575063705444336,-16.936847686767578,11.458385467529297,-16.421865463256836,2.330176830291748,-11.909021377563477,-1.4852508306503296,-5.377937316894531,-2.9239048957824707,-2.7469046115875244,0.3515046536922455,0.3337158262729645,0.303544819355011,0.30429160594940186,0.36509376764297485,0.31693950295448303,0.3574881851673126,0.33939409255981445,0.2856074571609497,0.24393554031848907,0.2822483479976654,0.3665468394756317,19.12000881517914,11.856348721890097,14.581452131271169,13.828058170491923,14.982169348563762,15.514447670690943,47.248245296564356,0.07705829326923076,1
-454.4836120605469,117.93669128417969,-28.816326141357422,26.512435913085938,-6.908112525939941,4.670015335083008,-11.437738418579102,-3.5140295028686523,-11.463598251342773,-1.8439009189605713,-4.914093017578125,-4.610004901885986,0.9299166798591614,0.3096684515476227,0.4299488067626953,0.40101832151412964,0.33130285143852234,0.24830421805381775,0.2032054364681244,0.2306252419948578,0.18242232501506805,0.18218685686588287,0.2553447484970093,0.2660785913467407,0.2675020098686218,20.4302575850197,14.350402117506002,16.562697618134155,15.076084815744872,16.097822090740394,18.00645034631385,46.89879694125053,0.039794921875,1
-440.8013916015625,97.99784088134766,-26.869678497314453,22.572214126586914,-3.515260696411133,9.648274421691895,-20.837444305419922,-4.022843837738037,-12.634072303771973,-0.4011182188987732,-2.6622474193573,-7.6406049728393555,-0.3970719575881958,0.23823469877243042,0.20678219199180603,0.25234875082969666,0.28153350949287415,0.2507074773311615,0.2455478459596634,0.2933955192565918,0.346624493598938,0.41382908821105957,0.4444704055786133,0.33328959345817566,0.26573798060417175,18.859440890255758,13.594090176477305,15.010661468833657,14.051149719632381,15.869491959013622,16.17832902828097,46.341267323249454,0.07468449519230769,1
-427.08538818359375,127.13426971435547,-21.884449005126953,11.540129661560059,-7.216117858886719,3.5841383934020996,-15.4148588180542,-4.325697898864746,-13.783596992492676,-3.583838701248169,-6.91853666305542,-2.283106565475464,-0.7062971591949463,0.4112622141838074,0.3272596001625061,0.24386221170425415,0.2240544855594635,0.22688992321491241,0.2351866066455841,0.21907326579093933,0.1841852366924286,0.1988857239484787,0.26552531123161316,0.28733202815055847,0.3839612603187561,19.60817622681993,13.505357334088385,15.72504425162434,14.070314373541018,15.753421929335502,15.569618610704559,44.97010723848532,0.03798452524038461,1
-450.5096740722656,108.43387603759766,-21.108745574951172,25.717161178588867,-6.3006205558776855,0.6010345816612244,-14.417471885681152,-5.345795154571533,-12.970108985900879,-2.541900873184204,-6.628254413604736,-3.349613666534424,-1.838335633277893,0.20270054042339325,0.2991688847541809,0.2386675775051117,0.19880583882331848,0.24794593453407288,0.2566145360469818,0.2800688147544861,0.22215840220451355,0.21114182472229004,0.24945616722106934,0.2443154752254486,0.20366039872169495,19.13983309474666,13.814141282626926,15.92112805670366,13.485607354185595,14.905245880977619,17.02033258384289,44.29199516609268,0.04942533052884615,1
-444.5262756347656,108.25147247314453,-17.96038055419922,11.859335899353027,-10.984432220458984,2.1456544399261475,-13.23475456237793,-5.454211711883545,-9.462379455566406,-2.2573680877685547,-5.342114448547363,-2.8292484283447266,-1.8677462339401245,0.2220008820295334,0.19583851099014282,0.17638161778450012,0.18210187554359436,0.2111070603132248,0.16081169247627258,0.29107052087783813,0.2449195235967636,0.15944567322731018,0.13723810017108917,0.21676282584667206,0.40429097414016724,19.817093268781985,14.119302029387477,17.80252064312965,16.071801701911426,17.594836694003245,17.456478504827576,47.543187286339354,0.05353816105769231,1
-420.8568420410156,119.71398162841797,-25.223278045654297,23.88444709777832,-16.659236907958984,8.79362964630127,-14.215581893920898,-1.9171043634414673,-15.906759262084961,-2.7003672122955322,-6.329616069793701,-1.251458764076233,-1.2203149795532227,0.3129722774028778,0.26241636276245117,0.21834681928157806,0.21435654163360596,0.29094070196151733,0.32461100816726685,0.3040614128112793,0.22212353348731995,0.2252907156944275,0.29026758670806885,0.29598867893218994,0.31209880113601685,19.496505283334788,13.352699325594603,15.061289035217715,14.244038361827911,15.324146843486059,16.47912172170175,46.383908521379105,0.06180513822115385,1
-433.9090881347656,105.72371673583984,-25.17146110534668,22.951391220092773,1.1561589241027832,2.74985671043396,-21.29515838623047,-7.497973442077637,-16.30894660949707,-1.048895239830017,-4.647470951080322,-9.26171875,-0.6149958372116089,0.240359365940094,0.18075868487358093,0.14703260362148285,0.17901946604251862,0.2219630628824234,0.18160076439380646,0.18453797698020935,0.16620506346225739,0.21040689945220947,0.30993038415908813,0.3687208592891693,0.3714471459388733,21.204518927151824,16.114974110259233,19.107499557602946,16.602881882143713,17.68513455886853,18.030292929403807,47.944094309506376,0.04622521033653846,1
-459.285400390625,93.91285705566406,-23.81127166748047,21.260889053344727,-12.597012519836426,2.6152896881103516,-14.455881118774414,-3.7742130756378174,-12.85081672668457,-0.12714388966560364,-5.598799228668213,-1.9042495489120483,-0.2575487494468689,0.1944117695093155,0.21407060325145721,0.22654277086257935,0.20540295541286469,0.19290679693222046,0.19464601576328278,0.2017294466495514,0.21059530973434448,0.21088673174381256,0.3019767701625824,0.39616331458091736,0.308617502450943,17.593886133875696,13.148439504549453,15.071673441691908,13.802028423622868,14.470785585425674,16.19188096633438,42.570710876118646,0.053155048076923075,1
-437.0677185058594,114.50599670410156,-31.975772857666016,7.475274085998535,-7.9318952560424805,1.7642889022827148,-16.771595001220703,-8.314980506896973,-13.539937019348145,-1.2226969003677368,-6.480163097381592,-5.859757900238037,2.7202882766723633,0.2266695499420166,0.30888646841049194,0.31345850229263306,0.19414758682250977,0.20016536116600037,0.27387145161628723,0.29044008255004883,0.2499515563249588,0.26732099056243896,0.28772932291030884,0.2710983157157898,0.2575393617153168,20.214732088083405,16.128536978325812,18.383046734971245,16.18921581778943,18.37528929651022,18.27464131474528,45.83317302202524,0.04658578725961538,1
-425.02655029296875,86.7295150756836,-15.042886734008789,36.731204986572266,-22.46586036682129,17.394441604614258,-17.91072654724121,-3.4794933795928955,-13.082571983337402,-2.161897659301758,-10.813472747802734,-6.28739070892334,-3.0298218727111816,0.18461933732032776,0.2155340164899826,0.1993255615234375,0.15709635615348816,0.24023453891277313,0.28279128670692444,0.2598385810852051,0.31422603130340576,0.34900134801864624,0.4530094563961029,0.3972637951374054,0.21843233704566956,19.41711472153813,14.397836386681966,16.888983963535736,14.728333850461203,16.03309203801327,16.479496118091816,50.21368247268575,0.09376878004807693,1
-458.929931640625,92.41643524169922,-18.09055519104004,26.308406829833984,-12.159439086914062,15.709195137023926,-17.335363388061523,-6.462977886199951,-7.902496814727783,-1.63345205783844,-2.9877359867095947,-4.098328113555908,-2.447826862335205,0.38038957118988037,0.31484219431877136,0.24428628385066986,0.24863800406455994,0.2747582197189331,0.2899358868598938,0.3568897545337677,0.4359491765499115,0.5315786004066467,0.4389681816101074,0.3636709451675415,0.35241615772247314,18.907147797740485,12.862221209661358,15.225824292951923,14.346906750917018,16.304734975875483,16.35063392321049,47.62070862771771,0.07117262620192308,1
-452.9817810058594,91.8222427368164,-16.77602195739746,34.99750518798828,-24.229297637939453,17.12369728088379,-15.871289253234863,-0.635908842086792,-10.465913772583008,1.1396218538284302,-6.851222515106201,-3.101564645767212,0.7349389791488647,0.24785147607326508,0.2740611135959625,0.3314032256603241,0.3028426170349121,0.2875036597251892,0.33582377433776855,0.3638186752796173,0.3831927478313446,0.3547472357749939,0.3358922600746155,0.3312973976135254,0.303049772977829,17.264609654829936,11.523005302040055,13.608437146743784,13.700406135558556,13.79624034541444,15.210226096350825,46.96721437750293,0.092138671875,1
-434.06610107421875,100.087158203125,-22.17746353149414,31.059795379638672,-19.927888870239258,12.618688583374023,-16.401325225830078,-6.500550270080566,-13.005739212036133,-1.888041377067566,-9.002037048339844,-2.46144700050354,-4.925695896148682,0.17663195729255676,0.21167109906673431,0.34869855642318726,0.25567761063575745,0.17062894999980927,0.1883346438407898,0.27235954999923706,0.3006114661693573,0.2664039433002472,0.4321110248565674,0.38004279136657715,0.21950940787792206,19.285989179333182,14.103588603383471,17.019480034638587,15.204486208400278,15.740866370335366,17.97193057809723,49.025520625401946,0.0773174579326923,1
-439.85968017578125,84.09488677978516,-20.337310791015625,26.014436721801758,-13.919425010681152,14.252293586730957,-12.507157325744629,-1.6175508499145508,-4.779773235321045,-0.4026202857494354,-4.328345775604248,-4.0406060218811035,-1.9611667394638062,0.29452332854270935,0.33454805612564087,0.36980488896369934,0.32530632615089417,0.33600565791130066,0.32721349596977234,0.32193228602409363,0.3264327347278595,0.35092636942863464,0.40743643045425415,0.3912363052368164,0.35799098014831543,19.994364201592585,14.278379055903557,16.030181414568066,15.021132434580563,16.490857666156785,17.731381164456852,50.57792906508003,0.09171424278846153,1
-434.0143127441406,100.01325988769531,-17.07398223876953,24.697908401489258,-10.202461242675781,6.936219215393066,-14.481411933898926,-7.98081636428833,-13.245460510253906,-2.1652867794036865,-8.515491485595703,-6.250089168548584,-1.3512753248214722,0.1843644380569458,0.1746707707643509,0.21469534933567047,0.18565502762794495,0.16754212975502014,0.10578479617834091,0.14358274638652802,0.19569382071495056,0.30187270045280457,0.4792018532752991,0.20319309830665588,0.16479064524173737,18.31178405707117,13.655045319673043,17.743445754826997,15.990911792161429,16.08280853876551,16.257171669057943,45.562808253313776,0.04810321514423077,1
-442.8954772949219,88.94080352783203,-16.226343154907227,26.916175842285156,-14.454123497009277,15.149633407592773,-13.753607749938965,-4.728267669677734,-8.831775665283203,1.5165292024612427,-3.8531880378723145,-3.377870559692383,-4.18748140335083,0.20586852729320526,0.2260686308145523,0.24783839285373688,0.1625376045703888,0.15090513229370117,0.16725249588489532,0.2799626588821411,0.5159181356430054,0.34111616015434265,0.2668800354003906,0.24646735191345215,0.19877074658870697,19.066818920019497,14.383080454151937,17.039128119390956,15.196800796341355,15.527936453120283,16.569687713142216,48.03441712988692,0.08128004807692307,1
-414.4954528808594,88.06739044189453,-28.10845184326172,29.280500411987305,-22.649578094482422,11.183802604675293,-21.56364631652832,-8.014867782592773,-15.324145317077637,1.769707202911377,-7.840243816375732,-5.111045837402344,-2.005735158920288,0.18284474313259125,0.16748212277889252,0.2284461110830307,0.21594549715518951,0.20975075662136078,0.27284958958625793,0.3207230865955353,0.29894208908081055,0.2657974064350128,0.29349908232688904,0.37016561627388,0.30213215947151184,19.889456816874954,15.093656155865718,17.49039257133221,15.762675064928478,16.662035166816715,18.209085045177577,49.669180729624955,0.10531099759615385,1
-427.6065368652344,94.35376739501953,-11.85962963104248,36.606101989746094,-16.26931381225586,10.933833122253418,-20.814895629882812,-8.590113639831543,-12.535133361816406,1.9088388681411743,-11.854398727416992,-5.4762444496154785,1.0960845947265625,0.295003741979599,0.15800219774246216,0.17591474950313568,0.19917404651641846,0.21068623661994934,0.1751919835805893,0.26029276847839355,0.3112219572067261,0.30512046813964844,0.29466140270233154,0.26209381222724915,0.3637222349643707,18.52189505293971,13.300914895532811,17.555909093592806,14.242931553406676,15.489230522840247,17.07573493508321,47.38960290571705,0.07686298076923077,1
-453.7090148925781,105.38526153564453,-16.228330612182617,30.48740577697754,-17.459421157836914,11.67011833190918,-16.212841033935547,-7.830318927764893,-11.969849586486816,1.5781930685043335,-8.953926086425781,-2.9416515827178955,1.100675106048584,0.158225879073143,0.18036624789237976,0.33067020773887634,0.13546721637248993,0.10426211357116699,0.14912332594394684,0.28578677773475647,0.2730247974395752,0.22845883667469025,0.20822586119174957,0.2200973927974701,0.25478774309158325,18.983714129279008,13.586329984461262,17.32326783188821,14.597230602707503,15.56089521541253,16.69845359739229,46.91861430630988,0.051337139423076925,1
-457.0446472167969,107.20752716064453,-26.096786499023438,36.28078842163086,-12.642411231994629,7.273555755615234,-17.215534210205078,-2.655060291290283,-12.816011428833008,-2.8282721042633057,-6.9361066818237305,-4.645864486694336,-3.539370536804199,0.17525827884674072,0.12983481585979462,0.13193978369235992,0.17977915704250336,0.3734610974788666,0.18528538942337036,0.24740509688854218,0.2972679138183594,0.2937032878398895,0.3235689401626587,0.24617382884025574,0.3362986743450165,17.44085043627005,12.204826415290444,15.432000422930027,13.793038048881987,14.634526423003965,15.373152964226467,43.98528514694238,0.04427208533653846,1
-452.265625,83.24691009521484,-15.58223819732666,29.392927169799805,-25.225589752197266,19.397357940673828,-19.058210372924805,-2.428302526473999,-8.278254508972168,-0.7949784398078918,-3.503840684890747,-0.4145270586013794,-4.467654228210449,0.17148518562316895,0.2509288489818573,0.3003174066543579,0.3148505687713623,0.5010392665863037,0.2416919320821762,0.21624460816383362,0.21446022391319275,0.23104161024093628,0.20458921790122986,0.23176831007003784,0.28605613112449646,16.85088029474738,13.933925492894273,15.52461897042132,14.913616769770591,15.16964683899245,16.627830335128735,49.47562417845123,0.10027043269230769,1
-456.629638671875,86.76945495605469,-20.135305404663086,20.048572540283203,-13.880415916442871,5.1576433181762695,-12.121659278869629,-7.905783176422119,-11.402239799499512,2.0874929428100586,-4.256561756134033,-2.9539287090301514,-4.895498275756836,0.1509729027748108,0.22240713238716125,0.16508322954177856,0.18070633709430695,0.4150795042514801,0.18221695721149445,0.13507725298404694,0.18818137049674988,0.24901311099529266,0.1594347357749939,0.12893448770046234,0.14690500497817993,19.035928132995362,14.422773641662388,18.07575249193702,15.259668155777092,16.275750158706263,17.3266882206839,48.209172186567315,0.06855844350961539,1
-475.1125183105469,88.04621124267578,-15.836947441101074,22.28268814086914,-7.2739081382751465,8.79706859588623,-13.88740062713623,-7.016449451446533,-9.78457260131836,2.8332326412200928,-6.867058277130127,-5.2056097984313965,-0.34728944301605225,0.24404679238796234,0.16306087374687195,0.12203793227672577,0.11871671676635742,0.1737021803855896,0.16815902292728424,0.18031348288059235,0.24781857430934906,0.26492545008659363,0.31774285435676575,0.33169788122177124,0.32825374603271484,18.809406189748906,14.526273713692435,17.14389416739692,14.885043105554002,16.661924441329496,17.092409864844658,43.107363850857205,0.04246168870192308,1
-442.6270446777344,98.8392333984375,-17.371339797973633,38.453125,-13.939848899841309,10.918472290039062,-19.31365394592285,-9.163185119628906,-10.175507545471191,-0.9160689115524292,-13.424806594848633,-3.1141154766082764,2.4254729747772217,0.3724389672279358,0.21157558262348175,0.15654811263084412,0.1471097618341446,0.16574729979038239,0.1679772585630417,0.23358085751533508,0.2747787535190582,0.33798298239707947,0.343811959028244,0.22020474076271057,0.35647904872894287,19.330637598085705,14.53466152664363,18.25543980809057,15.264720695117333,16.518189799249733,18.20579663231084,48.80544938453041,0.0603515625,1
-413.2171936035156,96.77357482910156,-36.20954895019531,23.480926513671875,-20.64250373840332,11.623862266540527,-14.813664436340332,5.069060325622559,-10.16691780090332,-1.6701264381408691,-1.26210355758667,-4.599640846252441,0.8015940189361572,0.23652558028697968,0.2776564657688141,0.3467121720314026,0.3494788706302643,0.4711994528770447,0.3140964210033417,0.29194581508636475,0.26144343614578247,0.22128090262413025,0.21359433233737946,0.2500373423099518,0.3585766553878784,17.849375173539002,13.78865886675469,15.283711200226778,13.75045968984002,15.090876947918996,15.125801047372764,48.55466122819905,0.06799879807692308,1
-415.2081604003906,110.83312225341797,-37.38638687133789,13.6290283203125,-18.632526397705078,9.41923999786377,-8.577882766723633,3.648289203643799,-7.054891109466553,-1.0276198387145996,-0.5288307666778564,-5.36584997177124,1.144835114479065,0.3141602575778961,0.30342575907707214,0.36901506781578064,0.2957790791988373,0.29087400436401367,0.34241676330566406,0.31040626764297485,0.21629205346107483,0.22474472224712372,0.33643025159835815,0.28222811222076416,0.3153983950614929,19.64833645440175,14.381856005459555,15.901100373780135,15.015324944228672,16.114760451976846,16.4809969218197,47.38569126226514,0.061598557692307696,1
-524.7744140625,75.13036346435547,-29.01398277282715,15.572617530822754,-16.69376564025879,8.758546829223633,-10.209846496582031,5.139183521270752,-6.602262496948242,0.1956612765789032,1.198421835899353,-3.487640619277954,-0.9380781054496765,0.1706434190273285,0.18555228412151337,0.31881681084632874,0.3452382981777191,0.2868720293045044,0.21409398317337036,0.25798526406288147,0.2237699031829834,0.18995681405067444,0.20759886503219604,0.22705715894699097,0.2449508011341095,17.966185238865545,14.030243989825319,15.314912519956886,14.255584298656569,15.39976511688397,15.280269191114,39.61251544958532,0.05156625600961538,1
-578.5626220703125,55.859336853027344,-18.182065963745117,9.790206909179688,-9.117281913757324,-0.22712506353855133,-11.471203804016113,0.8780842423439026,-3.5466415882110596,-0.7734052538871765,-0.5156275629997253,-2.095829486846924,0.21450690925121307,0.15929189324378967,0.1632218062877655,0.15472280979156494,0.1639358252286911,0.1415085643529892,0.1356835961341858,0.19963940978050232,0.19292975962162018,0.12434395402669907,0.11731652170419693,0.1574770212173462,0.18828992545604706,17.961380503190274,14.897402981311235,15.380359776355498,15.551170458764693,16.174882251293443,16.488125363966866,32.65694365728293,0.03872265625,1
-517.90625,84.50665283203125,-21.305286407470703,13.93547248840332,-12.43094253540039,2.708980083465576,-9.508721351623535,1.3541135787963867,-5.324324131011963,2.183788776397705,-0.3227338492870331,-5.084335803985596,1.7090219259262085,0.22233594954013824,0.2222186177968979,0.24190495908260345,0.279471755027771,0.20563630759716034,0.16015487909317017,0.2008635699748993,0.1970057189464569,0.1477900594472885,0.12712502479553223,0.17521987855434418,0.24063773453235626,17.29126238069228,13.707276611586389,15.013590040415899,14.71314727161441,15.431979692686753,15.509514373171788,37.860633038327975,0.03982121394230769,1
-424.35784912109375,102.29473876953125,-28.708452224731445,10.513907432556152,-20.34073829650879,10.574749946594238,-9.827713966369629,7.158223628997803,-7.714058876037598,-1.7486785650253296,-0.7776950001716614,-6.164139747619629,-2.361682653427124,0.21744796633720398,0.27284687757492065,0.44070202112197876,0.37081393599510193,0.30255839228630066,0.29080677032470703,0.28141000866889954,0.2935222387313843,0.27317750453948975,0.44820690155029297,0.3386484384536743,0.2236761599779129,19.429505552616686,14.312226128236073,16.114457051736487,16.11630343788741,16.311728588194327,16.40530971852065,50.587746304606505,0.06276667668269231,1
-415.86968994140625,104.236572265625,-40.7039794921875,19.00867462158203,-22.57665252685547,7.9018096923828125,-18.181535720825195,5.826719284057617,-8.480451583862305,2.9930386543273926,2.3803741931915283,-6.342868804931641,-1.7900705337524414,0.27030307054519653,0.3167372941970825,0.4096633195877075,0.3685930669307709,0.34249112010002136,0.3896902799606323,0.38990458846092224,0.34012576937675476,0.3012720048427582,0.283890962600708,0.22992108762264252,0.2916736304759979,19.11838945434591,13.439759301489794,15.19877959636615,14.892354367548153,15.651788166988858,16.668670157644627,49.59030526112715,0.06653019831730769,1
-396.988525390625,113.179443359375,-35.605072021484375,19.243349075317383,-18.91288185119629,3.3341164588928223,-13.575764656066895,3.0040154457092285,-6.424621105194092,6.057702541351318,-0.6094876527786255,-2.9119489192962646,3.8628032207489014,0.21404947340488434,0.2854154407978058,0.3779911398887634,0.2821744382381439,0.2527880370616913,0.26018959283828735,0.30167293548583984,0.22016127407550812,0.16225478053092957,0.16885142028331757,0.16897408664226532,0.1863713264465332,19.406444497124824,15.500212921312695,18.03326720571797,16.689179833052506,17.11499001939458,17.65035704902452,48.94930839057756,0.059791917067307694,1
-506.0834655761719,58.49718475341797,-27.581220626831055,13.73393440246582,-16.82757568359375,7.019132137298584,-9.659074783325195,3.791249990463257,-4.648838996887207,2.0383427143096924,1.3894253969192505,-1.7446346282958984,1.4175453186035156,0.15508174896240234,0.15870293974876404,0.26110801100730896,0.22724775969982147,0.21494808793067932,0.17628955841064453,0.20356981456279755,0.15958411991596222,0.12744908034801483,0.11917538940906525,0.14872227609157562,0.1748480498790741,18.236063160045997,14.83873552585341,16.722629343788505,15.852896556398683,16.079905376726963,16.424565492375418,38.77219505773765,0.056580528846153846,1
-570.613037109375,53.523658752441406,-21.29177474975586,13.751808166503906,-10.515299797058105,4.284555435180664,-9.661186218261719,2.8602452278137207,-5.3680901527404785,-0.2480238378047943,-1.2522344589233398,-2.1486995220184326,-0.7515073418617249,0.19033987820148468,0.17116016149520874,0.16997604072093964,0.18312519788742065,0.2408665418624878,0.18546755611896515,0.15980038046836853,0.15806862711906433,0.12819553911685944,0.12711001932621002,0.15949799120426178,0.21512354910373688,15.551862040934122,13.340102329248836,14.060965001359104,13.773586368661388,14.330969156056774,14.503798318379765,31.979013581414776,0.043399810791015625,1
-413.74053955078125,105.48285675048828,-34.10551834106445,8.088471412658691,-14.30881118774414,5.4256391525268555,-6.066925525665283,3.39338755607605,-2.9677698612213135,-0.27893319725990295,-2.925443649291992,-1.2111870050430298,0.7667568325996399,0.3289839029312134,0.27557599544525146,0.3218560516834259,0.2793327271938324,0.3721984028816223,0.3383418321609497,0.27835023403167725,0.23051436245441437,0.21234221756458282,0.18307599425315857,0.20228488743305206,0.2972774803638458,19.645155397278266,14.07782648659892,15.737535577648046,15.58093768758756,16.13615818471058,16.357187114487754,45.76037703231306,0.052756911057692306,1
-488.5892333984375,89.120361328125,-32.29129409790039,19.266355514526367,-20.348901748657227,10.09512996673584,-16.478410720825195,6.767641544342041,-8.42700481414795,1.1713021993637085,0.11952708661556244,-6.4557108879089355,0.2652168869972229,0.16601617634296417,0.21403950452804565,0.29803600907325745,0.32910650968551636,0.2773391604423523,0.19329948723316193,0.20296427607536316,0.23874913156032562,0.198238343000412,0.2607193887233734,0.2473117560148239,0.24178548157215118,18.669120609484008,14.593868399854696,15.797998640791292,15.414431484826471,15.395473704080615,16.169660887008025,43.60901762269412,0.060126201923076925,1
-451.26458740234375,110.74517822265625,-32.69605255126953,6.863522529602051,-15.645709991455078,9.219358444213867,-9.819866180419922,6.7585296630859375,-9.059720993041992,0.15662389993667603,0.36389777064323425,-3.4659078121185303,0.32789739966392517,0.2765609622001648,0.3748703896999359,0.3874945640563965,0.3430887758731842,0.34919044375419617,0.36481034755706787,0.3080371916294098,0.296094685792923,0.2731379270553589,0.29467013478279114,0.3487452268600464,0.29895809292793274,19.916728536049828,14.899188254469317,16.193470023391182,15.557696891239225,17.111037033852927,16.556111499807315,49.411599074295324,0.060216346153846155,1
-563.6366577148438,53.45609664916992,-18.827470779418945,9.68645191192627,-8.461491584777832,3.55078125,-5.314260959625244,0.9276509284973145,-3.7352137565612793,-0.7107403874397278,-1.2941358089447021,-2.1951181888580322,0.2634660601615906,0.13233564794063568,0.1319550722837448,0.18598881363868713,0.17181992530822754,0.2106229066848755,0.135018453001976,0.11788611114025116,0.12910668551921844,0.10641028732061386,0.09558134526014328,0.13904692232608795,0.2368970662355423,19.268690308373436,17.208404463605216,18.496026296394728,17.303270437193387,18.06369564982237,18.156519464976295,34.7650721606779,0.032102554563492064,1
-428.5113525390625,114.5124740600586,-30.141605377197266,17.261526107788086,-18.88863182067871,8.527667045593262,-8.639429092407227,7.319065093994141,-9.242889404296875,-1.8882982730865479,1.0478808879852295,-5.900119304656982,-0.09308454394340515,0.24680286645889282,0.22250498831272125,0.3349659740924835,0.29674363136291504,0.23807862401008606,0.2394896000623703,0.3338450491428375,0.3045581579208374,0.1938730776309967,0.2300829440355301,0.2561452090740204,0.3820030391216278,19.99142063889811,14.714411443915,16.87197203318609,16.14410193059957,16.885464034581037,16.643351815295926,49.323233711227196,0.05514197716346154,1
-420.8253479003906,107.2729263305664,-29.61078643798828,10.30196762084961,-20.323284149169922,2.6031131744384766,-10.151923179626465,-1.9666978120803833,-6.340216159820557,-0.010447106324136257,-2.088879108428955,-8.406645774841309,-1.7214338779449463,0.2532927095890045,0.3068080246448517,0.3399527370929718,0.3080374002456665,0.2771942615509033,0.3191574215888977,0.31227630376815796,0.29378488659858704,0.3024005591869354,0.33825838565826416,0.310934454202652,0.24329736828804016,18.01698019208944,13.95832813167662,15.931111959173212,15.648890870634752,16.194122961638673,17.111309426394726,46.844129380508846,0.06144080528846154,1
-541.1343383789062,84.44023132324219,-28.168243408203125,13.578221321105957,-17.256967544555664,4.898119926452637,-13.483665466308594,6.46561861038208,-6.195228099822998,-0.2326420545578003,-1.0291649103164673,-4.489856243133545,0.1260880082845688,0.16822807490825653,0.1690358817577362,0.23518727719783783,0.23211073875427246,0.20897388458251953,0.22142744064331055,0.3482078015804291,0.23220936954021454,0.15270495414733887,0.17918303608894348,0.20829643309116364,0.1836344301700592,16.858873832126392,13.510179583342367,13.860466791849001,14.173072447630759,14.837796312788043,15.362816333079985,38.931920685396754,0.04679236778846154,1
-442.9425964355469,97.75462341308594,-15.772323608398438,37.73429489135742,-9.805869102478027,12.209232330322266,-10.382508277893066,-4.51449728012085,-9.882896423339844,-2.8083059787750244,-13.398404121398926,-5.793545722961426,-3.443284749984741,0.15511661767959595,0.08783219754695892,0.0971415713429451,0.12816525995731354,0.24636729061603546,0.1809319406747818,0.2940366268157959,0.2540184259414673,0.3035138249397278,0.2872515916824341,0.20847058296203613,0.2242489606142044,20.351924266633713,16.855219246597756,19.672498057254316,16.810812773022196,18.70216094483138,20.44982359928716,48.460703339823716,0.04983473557692308,1
-419.583251953125,89.78499603271484,-20.008331298828125,38.937374114990234,-14.158966064453125,5.781730651855469,-22.05897331237793,-5.501791000366211,-8.134255409240723,-3.8847358226776123,-8.261322021484375,-1.8609532117843628,-4.266736030578613,0.25803864002227783,0.19306477904319763,0.19745761156082153,0.22611986100673676,0.27442875504493713,0.23251309990882874,0.1885528266429901,0.20200911164283752,0.1781322956085205,0.2316877394914627,0.31110769510269165,0.3507908582687378,20.781533302127475,15.446123094911053,16.50107220149196,14.822187660920743,17.131515736988668,17.712727103955462,48.156093440342396,0.07067683293269231,1
-429.3029479980469,101.0783920288086,-12.656065940856934,27.12067222595215,-21.6290225982666,5.203059673309326,-22.683273315429688,-5.640614986419678,-7.4476318359375,-2.095723867416382,-7.912580966949463,-1.2709118127822876,1.1016098260879517,0.28121867775917053,0.2403799444437027,0.19016271829605103,0.16814027726650238,0.17747323215007782,0.1772603839635849,0.25307103991508484,0.27303409576416016,0.2813509702682495,0.3109440207481384,0.3049528896808624,0.32422247529029846,20.297201446659876,16.673829668737547,18.133322161915633,17.342041801168996,17.535625244869987,18.080234563618266,50.58764650561824,0.05664813701923077,1
-426.7214660644531,101.29150390625,-19.50547981262207,37.117164611816406,-10.024863243103027,9.169536590576172,-12.02617073059082,-5.328104019165039,-12.159222602844238,-5.274909973144531,-12.368457794189453,-5.6571364402771,-5.874364376068115,0.15509311854839325,0.13310092687606812,0.09684327244758606,0.09275252372026443,0.18249882757663727,0.12763409316539764,0.11475524306297302,0.18932954967021942,0.34915441274642944,0.3152080178260803,0.2448236495256424,0.2940382659435272,19.968900768815693,16.41049229430211,19.884614942233473,17.245590164241722,19.50960847110799,18.998219672430224,47.788807515076385,0.049447866586538464,1
-445.72564697265625,105.51860046386719,-22.88315773010254,16.045207977294922,-10.296262741088867,0.2524351179599762,-14.741721153259277,-6.6474785804748535,-10.005908966064453,-4.398322582244873,-9.572525978088379,-6.865495204925537,-2.4894371032714844,0.3064902722835541,0.29908230900764465,0.25523900985717773,0.234382763504982,0.22984002530574799,0.24275527894496918,0.20955096185207367,0.21832135319709778,0.346289724111557,0.40590569376945496,0.3646247684955597,0.34206780791282654,21.070566874585104,14.75801443668196,16.292014005401814,14.678586770900374,16.385455176082864,16.63420595793204,45.533749051427876,0.05493915264423077,1
-430.5721130371094,112.48040771484375,-23.62908935546875,18.742876052856445,-1.493804693222046,6.510622501373291,-13.289290428161621,-1.7699103355407715,-10.346758842468262,-6.330055236816406,-11.239126205444336,0.06822219491004944,-6.336033821105957,0.23908281326293945,0.10966038703918457,0.11155051738023758,0.15004204213619232,0.3462703227996826,0.2736756503582001,0.19112634658813477,0.23433661460876465,0.22873452305793762,0.20256707072257996,0.18959033489227295,0.34714165329933167,20.82194278997328,18.06454486027215,19.652090599601866,17.11506046223157,18.332891094957276,18.443717393610513,45.97897693545846,0.04495943509615385,1
-384.8909912109375,97.75365447998047,-27.179866790771484,25.588760375976562,-15.44848918914795,8.580731391906738,-12.99002456665039,-3.4266018867492676,-11.71628475189209,-3.550842046737671,-15.79837703704834,-7.686131000518799,-6.757335662841797,0.21900983154773712,0.30568018555641174,0.3008519411087036,0.23842193186283112,0.20195060968399048,0.1747337430715561,0.22933974862098694,0.20004606246948242,0.14591141045093536,0.1456620991230011,0.19594505429267883,0.21671754121780396,22.180243106036,18.736559008835222,19.641500752080475,18.677133849843596,18.683721448081673,19.378618823116184,50.457925333092206,0.04954176682692308,1
-437.8457946777344,97.00770568847656,-18.411399841308594,33.73725891113281,-10.878210067749023,-5.261988162994385,-25.720827102661133,-3.571000814437866,-8.322308540344238,-0.9997315406799316,-9.077885627746582,-4.007591724395752,0.4270021915435791,0.3227042853832245,0.34335988759994507,0.33128219842910767,0.23853053152561188,0.15856170654296875,0.1102440282702446,0.11135070770978928,0.09562507271766663,0.1391163319349289,0.2353387027978897,0.2281314730644226,0.2833108901977539,22.17411366353147,19.44578607026788,18.880658730845273,16.821614096461577,17.029432410165743,17.45599912825891,48.63550980591584,0.04259690504807692,1
-434.64666748046875,97.66182708740234,-10.682024955749512,19.3375186920166,-15.175884246826172,2.8694534301757812,-21.187458038330078,-7.576178550720215,-9.401579856872559,-6.707494735717773,-6.71107816696167,-2.1792116165161133,-2.7083230018615723,0.28061896562576294,0.31020766496658325,0.37333065271377563,0.2671920657157898,0.2098848968744278,0.20960935950279236,0.18335294723510742,0.2221803218126297,0.22298207879066467,0.21916092932224274,0.2392963469028473,0.25455671548843384,19.955168901024273,17.23695469446581,18.048361143278985,15.932270676798536,16.69228153401349,17.592706917347513,47.85498948295866,0.05813551682692308,1
-428.4856872558594,95.81723022460938,-16.06428337097168,31.02281951904297,-0.5341124534606934,0.2956096827983856,-16.811220169067383,-8.637154579162598,-12.692748069763184,-4.935372352600098,-13.473369598388672,-6.665206432342529,0.6393970251083374,0.30709752440452576,0.2995745539665222,0.20338867604732513,0.12942425906658173,0.10205428302288055,0.14557640254497528,0.17670337855815887,0.22951555252075195,0.25288841128349304,0.21701839566230774,0.33550602197647095,0.3392132818698883,21.22650808336214,16.996461342388656,18.84673316719079,15.429535791919047,17.74664526498907,17.73062294973963,46.69243433674373,0.04336688701923077,1
-428.90557861328125,95.19776916503906,-14.719891548156738,39.30701446533203,-12.334391593933105,4.2770256996154785,-20.382078170776367,-4.5873188972473145,-8.911112785339355,-4.6614990234375,-8.82890796661377,-1.7630906105041504,-2.8345916271209717,0.22539636492729187,0.2609514892101288,0.2409343421459198,0.22412985563278198,0.25463923811912537,0.2148767113685608,0.18013131618499756,0.23961210250854492,0.3499564826488495,0.4420859217643738,0.32042568922042847,0.2374134212732315,20.4133714547392,14.370363939514311,15.976930041546355,13.515520087065056,15.401627392739625,16.784668905593314,46.993062071618866,0.056283804086538464,1
-438.5250244140625,82.65190887451172,-9.985040664672852,43.654754638671875,-15.418662071228027,16.14764404296875,-13.426637649536133,-3.219061851501465,-10.687728881835938,-3.867352247238159,-15.283869743347168,-5.705625534057617,-2.6670541763305664,0.2035921961069107,0.10426142066717148,0.0994422510266304,0.13945166766643524,0.2778407335281372,0.21137231588363647,0.33771854639053345,0.30705103278160095,0.2518857717514038,0.19903194904327393,0.199350968003273,0.2687479257583618,20.94755860888315,15.708438915643939,19.61434255933518,16.561190374271657,17.084023551077617,18.185669744777936,48.717022888040184,0.06665414663461539,1
-430.833984375,74.98573303222656,-13.678902626037598,35.69794464111328,-16.621105194091797,6.687063217163086,-22.999792098999023,-4.566431045532227,-5.530449867248535,-2.083292245864868,-7.050203800201416,-2.2410762310028076,-0.3910415768623352,0.3089388310909271,0.29817262291908264,0.25887492299079895,0.2470167875289917,0.22854547202587128,0.20083720982074738,0.21884778141975403,0.2664226293563843,0.3110310733318329,0.36537957191467285,0.33568400144577026,0.32534104585647583,20.281225252696487,14.42829020022979,16.50322192099442,15.117357304757983,16.275574114675784,17.249216526495253,48.770063963548694,0.09012545072115384,1
-423.3819580078125,81.89347076416016,-17.359460830688477,39.25498962402344,-18.835359573364258,6.574701309204102,-21.593475341796875,0.939461350440979,-11.002610206604004,-0.8028275370597839,-8.280387878417969,-3.20979380607605,-1.5039652585983276,0.3443038761615753,0.21876901388168335,0.17831458151340485,0.18603400886058807,0.21084928512573242,0.2140285223722458,0.23846103250980377,0.26817911863327026,0.27863386273384094,0.4247486889362335,0.44159215688705444,0.3867713212966919,19.543802659304603,12.403691483785014,14.705410831798774,14.479742757769893,15.038638710785492,16.077824922565014,48.600583879079515,0.09555288461538461,1
-531.9348754882812,54.81723403930664,-11.501070976257324,21.9343204498291,-11.570913314819336,1.7623497247695923,-13.719423294067383,-2.895113706588745,-7.30105447769165,-3.100642681121826,-4.9019246101379395,-0.5617150068283081,-0.8485133051872253,0.16695086658000946,0.18625473976135254,0.20697396993637085,0.16669020056724548,0.13327515125274658,0.14961259067058563,0.145089790225029,0.1239723488688469,0.15804214775562286,0.245497927069664,0.23562781512737274,0.15733566880226135,16.936338420991063,14.000926662086027,15.264189317304387,14.417473800107162,15.272957445561937,15.978824991993008,35.971482349358695,0.054067758413461536,1
-429.02691650390625,86.96865844726562,-12.1294584274292,43.56666946411133,-12.026504516601562,8.613482475280762,-9.081480026245117,-7.74338960647583,-12.255786895751953,-5.941132545471191,-17.003538131713867,-4.722069263458252,-4.106348991394043,0.2608274519443512,0.19808577001094818,0.12459712475538254,0.15236163139343262,0.29767322540283203,0.19005107879638672,0.20147454738616943,0.2412678301334381,0.23266908526420593,0.3339806795120239,0.24910487234592438,0.3058786392211914,19.07232351204724,16.367471960378825,20.516878077356655,17.5823162610363,17.83670629241238,19.73616297312956,46.92627290183028,0.06996694711538462,1
-441.21136474609375,75.01029205322266,-15.613842964172363,35.75629806518555,-23.633094787597656,10.542652130126953,-21.598295211791992,-1.4073822498321533,-9.812511444091797,-0.4327389895915985,-8.6041898727417,-6.032143592834473,-1.3703925609588623,0.3404041528701782,0.3070077896118164,0.29440081119537354,0.2912529408931732,0.25396111607551575,0.2337278127670288,0.2327064722776413,0.22615349292755127,0.29938456416130066,0.43195196986198425,0.4662855863571167,0.38807234168052673,19.143576390762508,13.504333441563915,15.678973079730877,15.021643541575438,15.518614752096525,16.252813525145218,49.69615642624491,0.10863506610576923,1
-427.61083984375,103.9780044555664,-11.182138442993164,28.335851669311523,-6.232633590698242,0.5423147678375244,-6.05521297454834,-6.578446865081787,-11.648399353027344,-7.749398708343506,-17.010032653808594,-0.05348721891641617,-5.514771461486816,0.12421901524066925,0.12128791213035583,0.15938296914100647,0.23941726982593536,0.3452758193016052,0.22856859862804413,0.14668051898479462,0.111945241689682,0.19028252363204956,0.1949971616268158,0.2310631275177002,0.21386556327342987,21.666821822696242,19.454815284624488,21.107472232297745,18.546454657118975,18.161521225803764,20.67519206894889,46.87413571260005,0.03226787860576923,1
-454.2396545410156,79.127685546875,-15.80506706237793,35.00181579589844,-8.572444915771484,7.272496700286865,-12.115331649780273,-3.4136767387390137,-10.740837097167969,-5.4788947105407715,-14.102436065673828,-0.5307310819625854,-3.0975215435028076,0.2193378508090973,0.2121528685092926,0.16566500067710876,0.1785333901643753,0.37674495577812195,0.18192830681800842,0.13409718871116638,0.17879615724086761,0.2186790108680725,0.19875428080558777,0.1987026482820511,0.3394221067428589,19.336358301054936,17.530553387879873,20.096061054414523,17.233044325356577,16.910591480855754,17.524752677171527,44.9366905848937,0.059093299278846156,1
-428.3972473144531,90.83036041259766,-13.796425819396973,34.509971618652344,-20.81466293334961,10.599102020263672,-15.188031196594238,-6.419521808624268,-10.262967109680176,1.5118590593338013,-8.856405258178711,-4.64106559753418,-0.20652882754802704,0.2442702203989029,0.21706059575080872,0.2035507708787918,0.18730632960796356,0.24286167323589325,0.21620497107505798,0.30395564436912537,0.28438207507133484,0.2636517882347107,0.31951069831848145,0.32248154282569885,0.3603557050228119,19.412997933011788,14.621057575085265,16.70236798023357,14.957806521465669,16.14310847218727,17.04398973460445,49.00521547284832,0.07311448317307692,1
-597.302734375,65.964599609375,-11.903773307800293,12.135257720947266,-12.164259910583496,4.182743072509766,-7.805538654327393,0.8344422578811646,-3.0508084297180176,-6.513216495513916,-1.0000190734863281,-4.354032039642334,-3.808400869369507,0.0989723652601242,0.0646139532327652,0.09222312271595001,0.17641949653625488,0.36070379614830017,0.2336193472146988,0.1230824813246727,0.07349705696105957,0.09827261418104172,0.1051187738776207,0.12088817358016968,0.25965067744255066,18.15506185919734,14.960118916416642,16.258927222447824,16.979628245347417,15.886836747141283,15.622989722641027,36.0454937993949,0.035081129807692304,1
-409.4582824707031,69.5756607055664,-23.145305633544922,20.617238998413086,-25.133541107177734,13.04837703704834,-21.132387161254883,1.7750489711761475,-6.0738115310668945,-6.209631443023682,-1.457827091217041,-8.177172660827637,-5.574414253234863,0.16044488549232483,0.14730945229530334,0.20103226602077484,0.293128103017807,0.3910498321056366,0.2609085440635681,0.2586899995803833,0.32476988434791565,0.24362464249134064,0.2234850376844406,0.23624485731124878,0.26635056734085083,20.259644112801148,15.547126915465412,16.606932240164866,16.689531388127563,17.521900874745544,17.24680721585321,51.3407870786381,0.11700345552884615,1
-432.3204345703125,93.67593383789062,-22.38863182067871,29.346933364868164,-23.306137084960938,7.7139692306518555,-24.76906967163086,-1.941726803779602,-7.292760848999023,-10.194522857666016,-3.608854293823242,-6.678908348083496,-5.971379280090332,0.12423595786094666,0.13155123591423035,0.23998181521892548,0.2943302094936371,0.25072556734085083,0.23205216228961945,0.3412914276123047,0.2245689332485199,0.14300547540187836,0.15844622254371643,0.19901640713214874,0.25310376286506653,19.95921802462912,14.779410569716976,16.629055071068013,15.78166565652083,15.9785373936988,15.12433596113673,46.681567113264784,0.06444561298076923,1
-428.61016845703125,91.4076156616211,-16.98838996887207,18.86366081237793,-27.064226150512695,12.673554420471191,-24.803632736206055,-4.443279266357422,-9.82624340057373,-7.847469329833984,-2.9685096740722656,-4.548593521118164,-2.2904906272888184,0.21910688281059265,0.1713869422674179,0.27093392610549927,0.26368197798728943,0.32861408591270447,0.2466200292110443,0.3036157786846161,0.29777011275291443,0.22434064745903015,0.18641923367977142,0.21155411005020142,0.32908692955970764,19.04339648245666,14.63164711867583,16.64338402664857,15.670600493051266,17.176018421781386,16.012284346919518,48.503007589525026,0.08341721754807692,1
-454.89007568359375,94.43660736083984,-22.085704803466797,27.181591033935547,-25.72552490234375,15.622913360595703,-28.56250762939453,-2.0258214473724365,-5.519129276275635,-3.7072982788085938,-3.1396992206573486,-6.893545627593994,-2.5311367511749268,0.1131773293018341,0.11849339306354523,0.3271790146827698,0.2898007333278656,0.242607980966568,0.20310735702514648,0.2577652335166931,0.1775798499584198,0.12222529202699661,0.12368321418762207,0.20531854033470154,0.2718145549297333,20.120795889405027,15.000666155875395,17.748288610174964,16.19020045599331,16.92310544629831,16.351279492763403,48.87213103734932,0.07395207331730769,1
-414.890869140625,74.60188293457031,-31.585712432861328,25.87203598022461,-33.6009635925293,7.1804633140563965,-22.376379013061523,-1.8210923671722412,-1.7066936492919922,-7.5826849937438965,-2.3098225593566895,-5.8653154373168945,-4.908458232879639,0.2529986500740051,0.326574444770813,0.24475280940532684,0.25857260823249817,0.3165304660797119,0.307384192943573,0.3444835841655731,0.2852833867073059,0.28673914074897766,0.2560567855834961,0.21027885377407074,0.2062385529279709,18.796119093636378,14.4796508754171,15.715372740472004,15.898517559949344,16.316497824103838,16.92705106103212,48.315842419465675,0.11890775240384616,1
-432.9078369140625,83.29261016845703,-37.24948501586914,18.918306350708008,-31.656160354614258,15.855367660522461,-15.920394897460938,-9.623952865600586,-6.424910068511963,-7.512954235076904,0.32406431436538696,-4.444836139678955,-9.023078918457031,0.1767212599515915,0.21613286435604095,0.23979410529136658,0.2576775848865509,0.29299643635749817,0.2868761122226715,0.23283851146697998,0.15864484012126923,0.18810103833675385,0.1612236350774765,0.14924256503582,0.1653742641210556,19.542470390091474,18.370578085749653,19.32335438476678,19.800849462978025,18.139504152984976,18.44148546955815,48.10127516565937,0.08490835336538462,1
-415.23577880859375,82.42017364501953,-22.977571487426758,33.141395568847656,-19.948637008666992,5.254062652587891,-27.7227840423584,-4.888779163360596,-3.518145799636841,-7.307382583618164,-5.143609523773193,-3.4262239933013916,-6.209957122802734,0.2586950957775116,0.14320111274719238,0.16614092886447906,0.13520510494709015,0.2298312485218048,0.3199365437030792,0.35088640451431274,0.21905475854873657,0.16330315172672272,0.11554752290248871,0.14295649528503418,0.26014938950538635,21.26730578210708,17.37692501834066,18.79118266828828,16.98856856238389,18.29166572221057,17.768674884499102,49.423273924300055,0.07786959134615384,1
-428.5322570800781,71.13865661621094,-24.010221481323242,25.936113357543945,-34.122318267822266,16.20114517211914,-31.195737838745117,0.9515886902809143,-5.2901291847229,-2.1863460540771484,-3.87972092628479,-6.446477890014648,-4.9686360359191895,0.21124055981636047,0.20940639078617096,0.2290896773338318,0.29334771633148193,0.2680790424346924,0.26186448335647583,0.3179699778556824,0.2542162835597992,0.23682089149951935,0.2479400932788849,0.22708961367607117,0.20311932265758514,19.53262359131572,15.370395749206459,16.217000766514886,15.53858487793172,16.873728254641506,16.58641068513112,50.173770522573655,0.13218524639423077,1
-447.74530029296875,77.02227783203125,-28.804046630859375,30.388011932373047,-27.77046012878418,13.492082595825195,-20.72241973876953,-2.1700401306152344,-2.3214502334594727,-9.349998474121094,0.18025588989257812,-3.3990399837493896,-5.602015018463135,0.18684624135494232,0.17117469012737274,0.23636916279792786,0.43795230984687805,0.49040359258651733,0.27124330401420593,0.16587728261947632,0.2030564248561859,0.16334806382656097,0.1481141746044159,0.23871107399463654,0.2794518768787384,21.96935775382004,18.21679001323327,18.640483437480746,17.859694014053137,17.796654292825025,17.907028593763503,48.84144284379196,0.10181790865384616,1
-411.06964111328125,84.08863067626953,-24.590505599975586,36.314544677734375,-32.03655242919922,7.231515884399414,-26.49769401550293,-3.6398441791534424,-2.580308198928833,-5.504922389984131,-2.855074882507324,-4.901478290557861,-2.8764193058013916,0.21408183872699738,0.1612715870141983,0.2635582387447357,0.29851487278938293,0.3215107023715973,0.2617628574371338,0.2236516922712326,0.24043206870555878,0.19335559010505676,0.1492774933576584,0.20281986892223358,0.30258622765541077,19.842849187728504,15.41557725616417,17.013540962534687,16.974705896191832,16.75836809531325,17.20318031825579,48.33398917984616,0.09901968149038462,1
-419.4062805175781,66.23480987548828,-27.286252975463867,28.422775268554688,-20.772960662841797,6.0848612785339355,-19.854236602783203,0.34670984745025635,1.7269175052642822,-8.64151668548584,-2.0807626247406006,-4.751980304718018,-4.126615047454834,0.3465439975261688,0.31483811140060425,0.32624053955078125,0.3562238812446594,0.3277296721935272,0.33217787742614746,0.3421887159347534,0.35157012939453125,0.35856083035469055,0.31651389598846436,0.31511157751083374,0.3370416760444641,19.236156216048453,14.988962339929426,15.826132071414165,15.45639402309715,17.07763424195015,16.477268987974167,48.229224718428895,0.11052809495192308,1
-448.4977722167969,65.96636199951172,-30.294879913330078,20.53009033203125,-23.602609634399414,16.58514404296875,-20.86446762084961,-0.8372434377670288,-3.697385311126709,-2.3123998641967773,-1.729357361793518,-3.9189298152923584,-1.8906235694885254,0.3529216945171356,0.35999298095703125,0.38415926694869995,0.43815743923187256,0.391462504863739,0.3734469711780548,0.37103796005249023,0.3519563376903534,0.343777060508728,0.32716599106788635,0.3636019825935364,0.31392931938171387,18.393917206389496,12.181494535272693,14.496933165994173,14.331119792040948,15.539888196262819,14.861987726390176,47.98727772832871,0.12614182692307693,1
-448.69854736328125,92.2196044921875,-22.895082473754883,27.1048583984375,-23.236045837402344,10.38302993774414,-26.845487594604492,-1.0977319478988647,-8.743668556213379,-10.649774551391602,-5.719040393829346,-4.032162666320801,-7.399324893951416,0.18803320825099945,0.20596113801002502,0.27263668179512024,0.30823737382888794,0.3597494065761566,0.24814021587371826,0.17590218782424927,0.17756620049476624,0.2513679563999176,0.25293394923210144,0.23745644092559814,0.33331167697906494,19.86925868504588,15.101929706658055,16.610265360894918,15.587016975602372,16.13156122611784,15.741515266161988,47.1419441206142,0.07611929086538462,1
-485.37420654296875,81.99673461914062,-30.777742385864258,31.277639389038086,-28.04652214050293,20.36285972595215,-24.042543411254883,3.8862199783325195,-7.254787445068359,-2.261465311050415,-2.4036715030670166,-9.667205810546875,-1.9242476224899292,0.17121663689613342,0.16182169318199158,0.26355215907096863,0.31620150804519653,0.515850305557251,0.3613135516643524,0.2656612694263458,0.20793050527572632,0.20730043947696686,0.24200977385044098,0.24849098920822144,0.280595064163208,19.38608651816435,14.45145059123135,14.902655514382356,14.994189728153462,16.15067153934913,15.433347402506845,50.24305138930989,0.095458984375,1
-441.6081848144531,63.841796875,-29.339580535888672,23.323162078857422,-27.593324661254883,20.98773193359375,-27.076374053955078,2.526214838027954,-9.230633735656738,1.9157586097717285,-3.212494134902954,-5.657938003540039,-3.5737524032592773,0.24706198275089264,0.2229192554950714,0.2555871307849884,0.2689025104045868,0.2920753061771393,0.3332456648349762,0.35496050119400024,0.37140944600105286,0.3801155984401703,0.35265985131263733,0.3459094762802124,0.2731001675128937,19.56668804656217,14.130932060684195,15.303947266698874,14.683518109378644,16.535686901134355,15.726818467388602,51.50510664048416,0.15606971153846153,1
-436.932861328125,85.65495300292969,-27.482492446899414,15.059297561645508,-35.88844680786133,18.407394409179688,-24.18085289001465,0.5948086977005005,-5.9875311851501465,-3.440361976623535,1.3875551223754883,-6.2577223777771,-6.003056526184082,0.16602663695812225,0.17538125813007355,0.17628100514411926,0.26118019223213196,0.3500281870365143,0.3348582088947296,0.2846377193927765,0.2906048893928528,0.3117498755455017,0.2883979380130768,0.24410149455070496,0.20641055703163147,19.989797678827625,14.355274913749895,15.59529494081107,15.494525477566095,16.582604380761722,16.47802364022683,48.421521116621555,0.11485877403846154,1
-451.6884460449219,112.0150375366211,-2.0958704948425293,30.858869552612305,-16.16643714904785,11.233113288879395,-9.707552909851074,2.363703966140747,-10.010528564453125,-7.751666069030762,-5.201902389526367,1.181518316268921,0.46041691303253174,0.3175220787525177,0.32576414942741394,0.2063550502061844,0.14812907576560974,0.15626460313796997,0.1863807737827301,0.2581942081451416,0.2672891616821289,0.27802279591560364,0.2649003863334656,0.30349621176719666,0.2909761071205139,17.01263588888269,15.46106616387768,16.987219895896892,16.548167605059657,16.56921495595027,17.956814530441832,47.62304677988269,0.05969801682692308,1
-493.0609130859375,123.83279418945312,-10.399271965026855,22.721567153930664,-12.436025619506836,-3.861888885498047,-15.683637619018555,1.3648008108139038,-12.831644058227539,-9.555642127990723,-4.850036144256592,-4.255331039428711,3.6427345275878906,0.16859765350818634,0.33238038420677185,0.15079042315483093,0.09784629940986633,0.17529398202896118,0.29235267639160156,0.2285548448562622,0.1507466584444046,0.2309572845697403,0.29832151532173157,0.29711857438087463,0.18908770382404327,16.923435796729553,15.473120568109824,17.382614420715633,17.45846307937194,17.26806679773166,17.853528172709524,45.933285984161294,0.03822115384615385,1
-482.0423278808594,123.31710815429688,-8.542936325073242,28.332069396972656,-13.764413833618164,7.36624002456665,-11.055989265441895,-3.7705037593841553,-14.473662376403809,0.8866492509841919,0.637064516544342,-8.28818416595459,4.1805806159973145,0.2579633891582489,0.43094781041145325,0.3260970115661621,0.1993517279624939,0.2150711715221405,0.19770096242427826,0.23672467470169067,0.25632214546203613,0.34696346521377563,0.3578697443008423,0.23434507846832275,0.2003960758447647,16.68650684549555,14.580986015104527,17.088682969587815,16.426826829802316,16.261214292589205,17.62659347373122,46.493438865926684,0.03900615985576923,1
-459.1065979003906,115.00113677978516,-3.910677433013916,33.47052764892578,-17.2414608001709,4.398882865905762,-12.99002742767334,5.861017227172852,-18.370115280151367,-5.8269147872924805,0.9991319179534912,-9.583075523376465,1.9531768560409546,0.23423203825950623,0.1868313103914261,0.1223994642496109,0.12775132060050964,0.1714189648628235,0.23040804266929626,0.20348063111305237,0.17021343111991882,0.14188867807388306,0.20816878974437714,0.36319032311439514,0.37353575229644775,16.432494637835863,15.735661553131335,17.75642099647046,16.853677041224113,16.439408182071748,17.142866069733603,47.80899359235177,0.040902944711538464,1
-456.6776428222656,107.38516235351562,-9.619775772094727,25.226041793823242,-3.6874778270721436,0.1156788170337677,-16.758373260498047,0.3735770881175995,-8.140466690063477,-7.260859489440918,-1.875561237335205,-2.848247528076172,-2.7834370136260986,0.28457993268966675,0.34610962867736816,0.15130643546581268,0.11506099253892899,0.11093459278345108,0.12315625697374344,0.23169288039207458,0.1605168879032135,0.18036742508411407,0.21687936782836914,0.22691410779953003,0.2511240839958191,18.783573050120687,17.808312938679954,18.98180270539379,17.09698519014386,17.975399634260043,17.560620536804798,47.79425197157723,0.03993389423076923,1
-502.97540283203125,125.49903869628906,-7.1760759353637695,29.047523498535156,-15.240632057189941,5.847231864929199,-13.597766876220703,0.32577791810035706,-11.383541107177734,-3.465540885925293,-4.628309726715088,-4.9648027420043945,5.666644096374512,0.15105105936527252,0.1207430511713028,0.13939866423606873,0.27294445037841797,0.1031782478094101,0.07134639471769333,0.1414273977279663,0.2630324363708496,0.3275603950023651,0.23809704184532166,0.3820831775665283,0.41371387243270874,16.645892196872715,15.080665597864467,17.001001991085005,17.218480571560047,16.035496183866783,17.033384134682894,46.395712987947476,0.03934044471153846,1
-456.0785217285156,113.14468383789062,-2.1292736530303955,29.841550827026367,-16.29188346862793,13.018597602844238,-15.885289192199707,2.254978656768799,-6.811592102050781,-7.842239856719971,-6.694263458251953,1.894372582435608,1.3705462217330933,0.38595008850097656,0.4074176549911499,0.2637786865234375,0.2526637017726898,0.1942327916622162,0.14394979178905487,0.21274982392787933,0.23695795238018036,0.25557082891464233,0.21427668631076813,0.2219812124967575,0.326808363199234,16.81810147208277,14.238329178899416,16.785442959510814,16.12536131595011,16.49541436669454,16.402883588016206,47.927066113919594,0.04326547475961538,1
-447.0509033203125,105.18656158447266,-0.058871928602457047,33.03321838378906,-11.834395408630371,4.434711933135986,-15.429567337036133,3.793060302734375,-7.714818000793457,-6.5508341789245605,-5.728590965270996,1.7084282636642456,-0.37987372279167175,0.3228519856929779,0.40698209404945374,0.17790155112743378,0.16034875810146332,0.11708755791187286,0.13439176976680756,0.16283375024795532,0.1750127673149109,0.16783393919467926,0.20475855469703674,0.30429741740226746,0.2785746455192566,16.859389740965568,14.715355673351048,17.196353754412602,16.464772027123995,16.26309948463487,15.904009236572424,46.44715516620122,0.05858623798076923,1
-615.264404296875,93.03575897216797,-0.5344060063362122,18.553300857543945,-11.580586433410645,5.516913890838623,-10.333918571472168,2.2128214836120605,-5.035770893096924,-1.9712108373641968,0.1351553350687027,-0.09076197445392609,0.7086061239242554,0.14118967950344086,0.4840724766254425,0.15191803872585297,0.07044515758752823,0.08101465553045273,0.16083002090454102,0.23477554321289062,0.16078710556030273,0.13354820013046265,0.08450385928153992,0.0980212613940239,0.08450200408697128,15.637565525121214,13.374434495590874,16.502904519195557,15.876760757512193,14.225744678818034,14.418478090641173,36.83434783947746,0.031017127403846153,1
-481.22625732421875,109.925048828125,-6.694528102874756,33.36649703979492,-3.685183525085449,4.882997512817383,-14.0162992477417,5.718545436859131,-9.7820463180542,-9.382853507995605,-4.6002092361450195,-1.4731484651565552,0.882885754108429,0.25628700852394104,0.3605138659477234,0.20343336462974548,0.10773812234401703,0.14038342237472534,0.19441623985767365,0.19868697226047516,0.12810049951076508,0.11367151141166687,0.17959445714950562,0.294911652803421,0.2931840419769287,16.30817608460071,13.53523228118593,17.353802347617236,14.865221937381678,16.017097686260268,15.794034159836386,45.06117006912934,0.042003455528846156,1
-484.3936767578125,86.13643646240234,-1.2525031566619873,21.529502868652344,-14.614300727844238,6.796696662902832,-10.65002727508545,0.44299575686454773,-9.80359172821045,-3.2530364990234375,4.280663967132568,-6.5267252922058105,-3.1207737922668457,0.22350665926933289,0.21255314350128174,0.1784278154373169,0.16891159117221832,0.13185171782970428,0.19023752212524414,0.21763189136981964,0.15800568461418152,0.1900322139263153,0.20689687132835388,0.3517274856567383,0.32504338026046753,16.920971891447977,15.603846004923128,16.717660123607807,16.61544123360642,15.90281879740669,16.513525217185972,42.94230240580491,0.05658804086538462,1
-468.1770935058594,118.34803771972656,-6.923456192016602,21.884601593017578,-8.772438049316406,2.6831369400024414,-15.039395332336426,-4.496420383453369,-10.465235710144043,-2.9424188137054443,-4.3231306076049805,-7.005088806152344,-0.31495970487594604,0.2556551694869995,0.35503432154655457,0.13015036284923553,0.11013690382242203,0.06339022517204285,0.09426490217447281,0.30353638529777527,0.16422703862190247,0.14149458706378937,0.20030111074447632,0.21479611098766327,0.29339325428009033,17.653164813825516,17.182026855309342,19.567503856436144,18.098877110268038,17.396540772669624,16.994295480537026,46.4028361116928,0.039682241586538464,1
-428.7725524902344,115.51175689697266,-3.3364109992980957,27.4271183013916,-16.168174743652344,7.377162456512451,-8.454010009765625,-7.337451457977295,-17.805946350097656,1.4592050313949585,4.236900806427002,-8.419507026672363,-1.3292975425720215,0.26019465923309326,0.4279983937740326,0.24110114574432373,0.15725059807300568,0.1305500566959381,0.13155898451805115,0.13290628790855408,0.16313369572162628,0.2629532814025879,0.2338954508304596,0.2377479374408722,0.22374624013900757,17.3211909678982,15.86543232363465,18.099195728532735,17.325355203345946,16.547706936840445,18.173901839285183,47.25143981520312,0.04961688701923077,1
-441.8141784667969,117.62232208251953,-9.440685272216797,21.988142013549805,-14.438109397888184,5.897899627685547,-16.706159591674805,-2.398179531097412,-20.5870304107666,-4.387110233306885,4.87834358215332,-8.040492057800293,2.428264856338501,0.24290236830711365,0.376129686832428,0.18726852536201477,0.24656562507152557,0.219255730509758,0.1366523653268814,0.14544551074504852,0.11916422098875046,0.21121840178966522,0.3318636417388916,0.32544368505477905,0.2612711489200592,17.24076399765102,14.958863178170562,17.20409442000592,16.00870787709785,15.805159208797303,16.91031304581951,46.26259206630948,0.04719050480769231,1
-478.1215515136719,119.01005554199219,-19.057750701904297,23.092559814453125,-11.653889656066895,8.274134635925293,-11.163408279418945,3.3976144790649414,-10.940043449401855,-10.16164779663086,-1.6494520902633667,0.4099059998989105,-1.2467775344848633,0.266758531332016,0.3922317624092102,0.2691608965396881,0.16640856862068176,0.19312100112438202,0.169363871216774,0.2668090760707855,0.23331031203269958,0.2701861262321472,0.25509387254714966,0.23579643666744232,0.26804348826408386,16.312650415619423,14.64066584715841,17.051976164600852,15.269229720720336,16.675937469358313,16.477523887926804,45.76354923493075,0.04863656850961538,1
-448.5527648925781,125.87130737304688,-20.492692947387695,18.0040283203125,-8.233977317810059,7.542261123657227,-16.346637725830078,-0.4083445966243744,-10.537186622619629,-7.841573715209961,-1.3892076015472412,-1.1824779510498047,-3.8361454010009766,0.277848482131958,0.30449026823043823,0.15071171522140503,0.11306090652942657,0.15411871671676636,0.285887211561203,0.313949853181839,0.28152942657470703,0.2404852658510208,0.22411571443080902,0.24236364662647247,0.2495289146900177,17.54708486415706,15.900728946987934,17.11284863661646,15.940810243090983,17.325584172606234,16.042324348731437,45.96726303106379,0.03810096153846154,1
-488.4155578613281,126.12481689453125,-6.319396495819092,12.905623435974121,-3.1080150604248047,-2.452623128890991,-14.724684715270996,-1.0274512767791748,-10.098258972167969,-6.287113666534424,-2.9566092491149902,-6.233603000640869,-0.29063960909843445,0.20996317267417908,0.46294182538986206,0.14660486578941345,0.1100553572177887,0.08669847249984741,0.10312692075967789,0.22069120407104492,0.1970750093460083,0.23095649480819702,0.22802342474460602,0.1908189207315445,0.16491243243217468,17.16466280370765,16.614443749595782,18.381782696530976,18.081555270588492,17.216475920411995,17.246805552637817,45.02481519331288,0.032970252403846156,1
-439.237548828125,121.50786590576172,-7.53073263168335,23.1373233795166,-6.590345859527588,5.247383117675781,-8.73990249633789,1.0776796340942383,-10.415188789367676,-7.762065410614014,-6.373588562011719,0.351337730884552,4.0450119972229,0.3003886938095093,0.3830476999282837,0.1421491801738739,0.1525713950395584,0.14218458533287048,0.14498142898082733,0.11814610660076141,0.15720495581626892,0.2918179929256439,0.35107964277267456,0.31673622131347656,0.19840972125530243,17.846753100397304,16.732538407942105,18.034330820236118,17.531733314162487,17.379368282073756,18.08311537095849,47.311660213221515,0.04642052283653846,1
-471.7662353515625,107.48190307617188,-10.65436840057373,36.968502044677734,-16.1253604888916,11.605875968933105,-15.62859058380127,1.7140557765960693,-16.648971557617188,-8.355292320251465,-2.1368744373321533,-3.907838821411133,-3.4948391914367676,0.15881456434726715,0.23657529056072235,0.1343785971403122,0.13610856235027313,0.2279469519853592,0.21867290139198303,0.18777300417423248,0.16528621315956116,0.2667580842971802,0.39516010880470276,0.43871167302131653,0.24980060756206512,16.98093600666339,15.427643529939413,17.959791071438374,15.999402333220003,16.93350980786917,15.939752800084293,48.478223994335316,0.055172025240384615,1
-484.9974670410156,117.70309448242188,1.5188523530960083,27.983823776245117,-6.523980617523193,4.14824104309082,-8.364442825317383,3.3042960166931152,-11.388790130615234,-5.911952495574951,-2.0604629516601562,-0.84901362657547,0.10401784628629684,0.20328468084335327,0.3675004839897156,0.2558998763561249,0.12734055519104004,0.15455475449562073,0.20169496536254883,0.2584766149520874,0.2797776758670807,0.2514909505844116,0.25353455543518066,0.2639354169368744,0.2133309543132782,17.13164106851847,15.106764885281763,17.94390722474258,16.11808339673264,16.297599075661108,16.51018432405764,46.30384650495528,0.039554537259615385,1
-513.4754638671875,34.48305892944336,-38.57575607299805,28.410675048828125,-23.031522750854492,6.625471591949463,-23.734941482543945,-0.1804998517036438,-12.842330932617188,-7.594359874725342,-11.552913665771484,-9.801302909851074,-3.6207265853881836,0.2388373166322708,0.22760891914367676,0.21584631502628326,0.290818452835083,0.27513444423675537,0.2287924885749817,0.1996287852525711,0.23208901286125183,0.3087005913257599,0.383259654045105,0.2922096252441406,0.23123137652873993,24.598977242460197,16.95682299017154,18.970506408902896,18.177931761433815,17.005234706454065,16.19723340588789,48.52304333834937,0.13147911658653846,1
-503.554931640625,57.976844787597656,9.64107894897461,22.404855728149414,-14.919806480407715,12.614596366882324,-7.190352916717529,0.7256813645362854,-18.058727264404297,-5.2125959396362305,-5.604429244995117,-4.068510055541992,-1.3550077676773071,0.2278980314731598,0.13485297560691833,0.0853319987654686,0.1286654770374298,0.13429959118366241,0.14303058385849,0.25175604224205017,0.26537516713142395,0.3312998414039612,0.39314398169517517,0.43256697058677673,0.3205726146697998,25.322755340486136,19.253229542266848,18.926243404730478,19.362195847982616,21.73177000207639,18.854801783536185,50.5708954361153,0.11331881009615384,1
-558.7877197265625,66.34142303466797,2.4885339736938477,26.43682861328125,-4.736835956573486,10.423121452331543,-3.029236078262329,-10.768533706665039,-15.37124252319336,-9.194453239440918,-8.912732124328613,-3.838150978088379,0.07295998930931091,0.24118810892105103,0.21467572450637817,0.2632032334804535,0.3006560504436493,0.21582569181919098,0.2143559455871582,0.27560174465179443,0.2383381724357605,0.34244877099990845,0.42198583483695984,0.3736657500267029,0.24088239669799805,24.91753384913432,16.935976611303317,22.60170880061662,18.531750126759345,20.155454330449736,19.904300830727248,46.76741983320794,0.08179462139423077,1
-558.5963134765625,66.06902313232422,-16.210947036743164,37.775516510009766,-18.859498977661133,15.738259315490723,-18.09593391418457,-13.83843994140625,-19.882455825805664,-3.363011121749878,-8.740296363830566,-9.705586433410645,-3.1710293292999268,0.29702797532081604,0.2367081493139267,0.25277701020240784,0.2960229218006134,0.3609442114830017,0.3143371641635895,0.2561565339565277,0.2503657341003418,0.23925422132015228,0.30274835228919983,0.3443198800086975,0.30275702476501465,22.56910581414256,13.881521791616143,17.53283757344558,16.92376926117688,17.789461272636707,17.098462256669478,48.15588384467042,0.10639272836538462,1
-480.5835266113281,64.71043395996094,-8.132948875427246,30.634557723999023,-16.534360885620117,13.632904052734375,-13.84882640838623,-6.335272789001465,-10.243900299072266,-3.152054786682129,-4.379842281341553,-5.685433387756348,-5.611352443695068,0.251404345035553,0.2324444204568863,0.2213730812072754,0.22744011878967285,0.21504266560077667,0.21829810738563538,0.21615134179592133,0.20393329858779907,0.18854275345802307,0.37307634949684143,0.43992695212364197,0.2925426959991455,20.858321828618212,15.102871096512969,17.468372590734745,16.501747965488203,17.55848998764611,18.024151776924366,47.195634614645115,0.09423076923076923,1
-514.80810546875,64.23507690429688,9.734003067016602,36.2497444152832,-9.220145225524902,7.687134265899658,-14.346339225769043,-1.3233495950698853,-15.392193794250488,1.4286043643951416,5.821376800537109,0.19131705164909363,-3.962290048599243,0.0905648022890091,0.15413643419742584,0.16104470193386078,0.18180117011070251,0.21028561890125275,0.23089684545993805,0.2742142677307129,0.23028185963630676,0.3426540791988373,0.3012601435184479,0.22022745013237,0.1554224044084549,25.439141133823803,21.500141416448773,24.612543037060234,22.181179102414884,23.260491894642126,21.276962208560665,53.139698594736025,0.0787109375,1
-574.1236572265625,66.24688720703125,-11.874361038208008,6.246284484863281,-4.968781471252441,-5.777765274047852,-9.888611793518066,-11.871249198913574,-7.257316589355469,-2.627925395965576,-2.9787027835845947,-0.8766305446624756,-3.43497371673584,0.2568742036819458,0.13093723356723785,0.1067318469285965,0.12670284509658813,0.1620185524225235,0.16693885624408722,0.21586830914020538,0.1691749542951584,0.10587794333696365,0.08691094815731049,0.18492627143859863,0.2839220464229584,21.74057748305637,18.637962095950012,17.965066742264117,18.837146831098135,20.597616091144644,20.99954143605023,35.893422787487445,0.04211237980769231,1
-492.63446044921875,84.64927673339844,-21.4306697845459,21.67116355895996,-6.624181270599365,7.598319053649902,-15.55983829498291,-8.728534698486328,-9.656418800354004,-6.037955284118652,-4.418648719787598,-5.575126647949219,-3.1679139137268066,0.24334374070167542,0.19400228559970856,0.1886422485113144,0.17921006679534912,0.1856147199869156,0.24562771618366241,0.2786007225513458,0.35902053117752075,0.36626967787742615,0.3359667658805847,0.29085519909858704,0.27176037430763245,25.48802952127178,15.783043023796237,17.83083161103409,19.155089405386793,19.517455159962957,19.220089504117148,47.38299524523614,0.08296649639423077,1
-506.8238525390625,57.54359817504883,-38.32611083984375,23.96148681640625,-23.8971004486084,3.4155433177948,-27.67373275756836,-3.53554368019104,-12.911460876464844,-0.9024940133094788,-7.876296043395996,-6.5216193199157715,-1.014782190322876,0.4030117988586426,0.222830668091774,0.14443530142307281,0.18258367478847504,0.17011745274066925,0.1963796764612198,0.19791413843631744,0.21787402033805847,0.1854473203420639,0.20160262286663055,0.26343464851379395,0.4087541401386261,27.06986769550237,19.46754027007279,22.269184601378615,20.74403186700582,20.343918439138456,18.498389551365555,50.82198957080572,0.08371018629807692,1
-518.987060546875,83.88191986083984,-18.430585861206055,24.237117767333984,-6.668707370758057,6.532682418823242,-6.734961032867432,0.14724589884281158,-14.04361629486084,-6.408044815063477,0.4796046316623688,-1.5128268003463745,-0.6295523047447205,0.16524764895439148,0.15399600565433502,0.25028014183044434,0.3111148476600647,0.22532878816127777,0.178170844912529,0.2518826425075531,0.3365343511104584,0.29599493741989136,0.2807580828666687,0.3047175705432892,0.2612540125846863,22.621939992268107,17.070898168233832,19.665801427929118,17.74992249668855,18.741600242509787,18.54152093580987,46.49384840744579,0.06790114182692308,1
-575.2918090820312,74.28780364990234,-3.930967330932617,34.90568542480469,-9.862116813659668,13.258282661437988,-11.297541618347168,8.455400466918945,1.1738028526306152,10.437314987182617,5.967935085296631,1.2481542825698853,5.686714172363281,0.6051604747772217,0.4741092026233673,0.3302205502986908,0.24490375816822052,0.1679130345582962,0.10285825282335281,0.1153121143579483,0.13271276652812958,0.18054641783237457,0.20471255481243134,0.2606780230998993,0.4385876953601837,27.155214706160187,20.79675293981999,21.69101758433407,22.690053550490717,19.718433948426593,17.340985744610414,47.67452726865278,0.03257211538461539,1
-486.9555358886719,84.36026000976562,-1.5387600660324097,12.459046363830566,-15.10737419128418,8.326274871826172,-10.444957733154297,-4.175933361053467,-9.790977478027344,-7.22451639175415,-3.742154836654663,-1.456353783607483,0.48209527134895325,0.3133755624294281,0.22544662654399872,0.23150068521499634,0.21136365830898285,0.22227692604064941,0.22443076968193054,0.24020111560821533,0.2793117165565491,0.2649161219596863,0.2606707513332367,0.320878267288208,0.3083499073982239,22.628914488199907,17.077975731369573,19.178528417467533,18.12638196405795,20.780126017854133,19.118578065967988,47.95655428111289,0.08955829326923077,1
-515.1361083984375,97.97211456298828,-6.940916061401367,16.324981689453125,4.291476726531982,2.1576831340789795,-2.3020758628845215,-7.920563220977783,-13.003883361816406,-7.101734161376953,-9.037660598754883,-3.601076126098633,-4.0872578620910645,0.1059882715344429,0.10148128122091293,0.10441946238279343,0.13128969073295593,0.21196162700653076,0.18932682275772095,0.19335001707077026,0.2414105236530304,0.30300071835517883,0.3363480269908905,0.22683754563331604,0.1793469488620758,26.97252695176493,21.81390844536884,22.610701847834157,19.030788616081765,22.913185442301906,23.857855074838998,46.486136396852594,0.03285381610576923,1
-490.9248962402344,88.25234985351562,10.678348541259766,12.67221736907959,-37.683258056640625,-1.7164925336837769,-7.823610305786133,-0.914584219455719,-7.58726692199707,-4.798635959625244,3.5868310928344727,5.278364181518555,1.651945948600769,0.2949933707714081,0.2561107873916626,0.13395462930202484,0.16369915008544922,0.23211920261383057,0.18391869962215424,0.209816113114357,0.15778960287570953,0.21638309955596924,0.25640588998794556,0.2276187688112259,0.24278569221496582,24.707074670810897,17.576898529419974,19.724248842747006,21.572765216727454,23.11306621363922,20.23561089235554,48.817010614700834,0.08387920673076923,1
-517.4567260742188,98.09925842285156,15.958608627319336,13.793525695800781,-9.144511222839355,-10.535444259643555,-15.098373413085938,-5.4898858070373535,0.822700023651123,1.0420011281967163,-3.9459006786346436,-6.925297260284424,-2.2736337184906006,0.3554458022117615,0.3090518116950989,0.26997625827789307,0.23094527423381805,0.204701766371727,0.23173856735229492,0.2272806316614151,0.16602225601673126,0.13891224563121796,0.2191864252090454,0.27796903252601624,0.38679230213165283,21.133195430419626,16.551346328109798,16.277915039953893,21.244362030965874,20.03431241337514,20.624055242043205,42.505956174840584,0.04225135216346154,1
-554.8096313476562,43.08439636230469,5.366462707519531,22.87835693359375,-0.03110210783779621,6.1861958503723145,-12.752156257629395,-12.902871131896973,-13.569717407226562,0.40524354577064514,-2.80564546585083,-8.658028602600098,-1.422592043876648,0.24786370992660522,0.1922556310892105,0.11862625926733017,0.06455498188734055,0.12366282939910889,0.15007281303405762,0.16015514731407166,0.20980973541736603,0.18362827599048615,0.1663687378168106,0.1827162504196167,0.21712273359298706,25.232192480722585,21.21381528974134,24.119140355725317,20.76752648762731,24.100927742550173,21.249900794511632,44.699479550422105,0.05099534254807692,1
-492.80035400390625,66.2488021850586,-11.482638359069824,20.888139724731445,-8.24625301361084,-0.8684789538383484,-13.034974098205566,-5.4481048583984375,-4.425669193267822,-4.9468159675598145,-3.177302837371826,-0.8359407186508179,-3.646772861480713,0.3468474745750427,0.41122132539749146,0.33513936400413513,0.22549332678318024,0.19376371800899506,0.20284825563430786,0.20327128469944,0.20189550518989563,0.21495796740055084,0.24316273629665375,0.2218140810728073,0.2539985477924347,23.339762191437575,17.15868778075439,17.282293903497724,18.355137552348246,18.365709225895596,19.681576513408398,45.351594740296854,0.06191030649038461,1
-556.0391845703125,56.893192291259766,-7.115073204040527,36.08041763305664,-18.124601364135742,10.125885963439941,-19.61203384399414,-5.746935844421387,-4.237071990966797,-3.3021793365478516,-5.023622512817383,-2.171210765838623,-3.620877742767334,0.20316460728645325,0.1986958235502243,0.2256951779127121,0.25042712688446045,0.20234538614749908,0.22037775814533234,0.34549659490585327,0.26486408710479736,0.16521260142326355,0.2093828171491623,0.18660840392112732,0.17502401769161224,23.08891511509237,16.393454789073488,16.999223563836427,17.89727450884582,19.62494007152841,19.22590199890275,46.197090961050705,0.08997896634615385,1
-496.1770935058594,100.50333404541016,3.7239537239074707,12.647214889526367,6.270913600921631,9.015996932983398,-11.300614356994629,-7.4755096435546875,-13.532094955444336,-11.027630805969238,-15.482084274291992,-7.614621162414551,0.6968557834625244,0.12088081240653992,0.07021915167570114,0.05408245697617531,0.10856931656599045,0.25408491492271423,0.24383428692817688,0.24962936341762543,0.3431481719017029,0.3886893689632416,0.37733080983161926,0.22029922902584076,0.16483114659786224,27.39749784698364,19.6593927697135,22.558053799817344,19.327489820441837,23.549055974331463,20.93571614211339,46.16082019645244,0.03982121394230769,1
-478.598876953125,83.03631591796875,-5.742048740386963,35.633216857910156,5.0506272315979,-0.13315324485301971,-9.662581443786621,-7.792272090911865,-7.8767547607421875,-8.952038764953613,-11.266204833984375,-4.342742443084717,5.4016242027282715,0.15549729764461517,0.17834143340587616,0.0987788513302803,0.15285009145736694,0.13926830887794495,0.08664477616548538,0.130701944231987,0.26171791553497314,0.44140294194221497,0.4548597037792206,0.19533276557922363,0.09396417438983917,25.096111748697385,20.846035469872486,22.21554524381505,19.210393093408968,19.71361207482913,21.066724890927155,45.288658517021844,0.028072415865384615,1
-450.83935546875,93.54988098144531,-11.665088653564453,16.70014762878418,-16.543394088745117,-0.5773051381111145,-9.449081420898438,-7.201934814453125,-9.625360488891602,-6.774418830871582,2.2051429748535156,-3.6014983654022217,-8.081538200378418,0.23581862449645996,0.18339546024799347,0.29962077736854553,0.3202453553676605,0.25605645775794983,0.19905908405780792,0.20972733199596405,0.18027913570404053,0.21909716725349426,0.2865336239337921,0.3526088297367096,0.3241505026817322,23.637725670984185,15.496641302557757,18.44800802582082,18.602451027514764,18.629360637686474,18.655734016069275,44.521219682116026,0.06433293269230769,1
-523.358642578125,42.9942512512207,-25.13723373413086,34.754005432128906,1.4509929418563843,8.11344051361084,-18.683732986450195,1.1333370208740234,-8.794305801391602,-3.5348663330078125,-1.847872257232666,-2.7114670276641846,3.412299633026123,0.20261943340301514,0.1942320019006729,0.2412826269865036,0.25877517461776733,0.24369241297245026,0.2212810516357422,0.18978185951709747,0.33154505491256714,0.34469249844551086,0.3601299822330475,0.2728321850299835,0.3146851658821106,22.824677107509498,20.99315211935337,23.357268930774122,24.548272921729893,23.479263161037185,18.259435542093,50.248049734123924,0.10579552283653847,1
-484.2117919921875,60.301483154296875,1.0256561040878296,26.662551879882812,-11.485968589782715,10.831747055053711,-15.027633666992188,-4.800106048583984,-12.508771896362305,-2.9304893016815186,-7.023458957672119,-5.552487373352051,-1.933988332748413,0.2394571453332901,0.19607363641262054,0.296859472990036,0.2551295757293701,0.16092577576637268,0.21658511459827423,0.24786709249019623,0.29041096568107605,0.28732404112815857,0.2658505439758301,0.256594717502594,0.26869672536849976,24.122700657472556,20.295447020087224,22.35569091036102,20.538540621130043,22.001337008944546,20.229617911161565,51.652119730262626,0.08696664663461538,1
-489.1618957519531,88.16197967529297,-0.46956199407577515,27.133405685424805,-8.473154067993164,6.448842525482178,-12.249374389648438,-4.321046829223633,-15.396848678588867,-5.320034980773926,-3.3014907836914062,-6.667764186859131,-6.156961917877197,0.2206742912530899,0.1659785658121109,0.19145971536636353,0.239854633808136,0.18291468918323517,0.12693236768245697,0.11580183357000351,0.12072838097810745,0.23233726620674133,0.3905456066131592,0.3015245795249939,0.2626557946205139,23.53862367264613,16.88261064124323,20.14989304949753,18.414512608093695,20.179385361211853,19.40115541499407,49.295937597675334,0.054345703125,1
-502.6392517089844,95.06748962402344,3.4017837047576904,31.01197052001953,-6.897719383239746,3.2844741344451904,-21.400224685668945,-11.988450050354004,-3.0077483654022217,-12.156458854675293,-3.3936448097229004,3.8739101886749268,-9.56764030456543,0.15283483266830444,0.1666726917028427,0.16824832558631897,0.1806572675704956,0.10813593864440918,0.15822692215442657,0.2545875310897827,0.21378619968891144,0.3969522714614868,0.28982189297676086,0.16747461259365082,0.1464463323354721,24.698592562438034,19.938592074540576,21.051238274186353,21.297044583292163,24.641662064614703,22.358954780501946,45.4579230350005,0.04919621394230769,1
-497.5897216796875,58.84505844116211,-0.5530009269714355,19.838462829589844,-9.471257209777832,10.467455863952637,-11.986116409301758,-8.456033706665039,-18.825170516967773,-2.2195255756378174,-1.3653395175933838,-3.043520927429199,-4.710604667663574,0.24718624353408813,0.35831016302108765,0.35292527079582214,0.2926548421382904,0.21696479618549347,0.15860219299793243,0.12836545705795288,0.1447603851556778,0.2186034619808197,0.20012159645557404,0.2089693248271942,0.23431453108787537,22.90760732307148,17.386770492751012,19.60276969197756,19.740599296031046,21.953541558125334,19.087221269221956,50.29296981836561,0.09464393028846153,1
-496.6582946777344,109.76829528808594,-10.953238487243652,6.033524036407471,-4.149925708770752,-6.03471565246582,-14.96366024017334,-15.48863697052002,-16.01641845703125,-9.940963745117188,-8.808673858642578,0.3868466913700104,-1.1524391174316406,0.3085990250110626,0.15859927237033844,0.11094925552606583,0.1844661831855774,0.16933995485305786,0.10285277664661407,0.07554801553487778,0.10025838017463684,0.1564338356256485,0.3030310869216919,0.23125821352005005,0.3424142003059387,27.047980190496567,18.623805626429,22.07902441670448,20.68073714148877,22.096988601024865,23.253648148295447,47.15106336354231,0.04569185697115385,1
-539.6710205078125,86.0206298828125,-5.793816566467285,33.93977737426758,-3.0047719478607178,-4.780354022979736,-11.202911376953125,4.496865749359131,-5.659111976623535,-9.923070907592773,-4.786899089813232,-3.4502594470977783,-2.8180322647094727,0.11057008057832718,0.18501563370227814,0.3845982849597931,0.23709751665592194,0.13683119416236877,0.24281582236289978,0.40442219376564026,0.21824313700199127,0.11590825766324997,0.14688467979431152,0.17826642096042633,0.18804259598255157,24.52751855786936,19.236746272842502,18.7098937525492,20.169005321322892,20.17257517603,20.842637215292257,48.359872525380396,0.05129957932692308,1
-520.2247924804688,74.80355834960938,-9.849739074707031,32.312469482421875,-6.2355217933654785,11.783317565917969,-13.920219421386719,-4.351797103881836,-11.415164947509766,-6.028268337249756,-9.897687911987305,-6.35969877243042,-4.162271976470947,0.16633281111717224,0.10295289754867554,0.12324218451976776,0.13291756808757782,0.12200105935335159,0.12205573171377182,0.131379634141922,0.17845378816127777,0.30632033944129944,0.46068742871284485,0.3979218006134033,0.2980586588382721,24.737869242329698,17.781682802805076,20.24041938201126,18.598037243207873,19.639685969557117,19.04729831771658,48.50517027767609,0.08616286057692307,1
-468.8033142089844,87.48824310302734,-14.685770034790039,19.3802547454834,-14.564627647399902,4.432478427886963,-21.710491180419922,-7.210087776184082,-9.45911979675293,-7.481216907501221,-2.470244884490967,-6.840958118438721,-6.3988423347473145,0.28515127301216125,0.2748090922832489,0.2807571589946747,0.3292046785354614,0.21042600274085999,0.14289970695972443,0.12221495062112808,0.17633585631847382,0.23800991475582123,0.27696970105171204,0.2535594403743744,0.2840736508369446,25.89276392056378,18.70615293681458,19.723766786593174,18.949341430993915,18.30056324758404,18.517541674434703,47.90678901294293,0.05125075120192308,1
-561.3046875,41.54241943359375,9.107621192932129,19.58696937561035,7.513439655303955,4.017017841339111,-3.9696223735809326,0.9801503419876099,-1.1610957384109497,-1.1796153783798218,-2.023061752319336,-0.007890143431723118,2.35314679145813,0.5240051746368408,0.4539145231246948,0.3651587963104248,0.21870851516723633,0.15684635937213898,0.17976436018943787,0.14641566574573517,0.12769746780395508,0.08775550127029419,0.11593305319547653,0.23313893377780914,0.4360692501068115,24.556969036636072,20.1833158228435,20.62811964275642,21.12093709116538,20.405108860890707,21.463881157568967,47.104152507587465,0.040358323317307696,1
-550.0802001953125,59.211219787597656,-8.387468338012695,19.940629959106445,-0.9314450621604919,7.587532997131348,-12.144302368164062,-4.702861309051514,-13.365950584411621,-5.3123040199279785,-4.333502292633057,-2.5393033027648926,-2.5452189445495605,0.14513587951660156,0.10003846138715744,0.11776643991470337,0.12138375639915466,0.15727615356445312,0.15112736821174622,0.13086268305778503,0.18132376670837402,0.2749941349029541,0.27971264719963074,0.24713170528411865,0.1714204102754593,22.418554929741095,16.330629010166298,19.800876977683565,18.2414685376042,19.894487929670042,18.58476966887195,38.9289181103442,0.04894456129807692,1
-529.3175659179688,45.14287185668945,-12.417767524719238,20.378915786743164,-6.846829414367676,6.130629539489746,-10.864806175231934,-3.0250163078308105,-7.270989418029785,-4.576694011688232,-4.232104301452637,-5.043942451477051,-3.440230369567871,0.20222757756710052,0.1488756537437439,0.13720814883708954,0.12918931245803833,0.1326945573091507,0.10703783482313156,0.13298065960407257,0.16770793497562408,0.17045961320400238,0.16647179424762726,0.15224477648735046,0.17672590911388397,21.415165599402425,16.89995436907655,16.315846900383608,16.85230375042461,16.871882636814615,17.013010683371096,35.49519036484353,0.050612229567307696,1
-474.811279296875,82.28117370605469,-15.62378215789795,14.937036514282227,-3.0655019283294678,-3.4463233947753906,-15.890074729919434,-10.900738716125488,-3.0979933738708496,-6.044348239898682,-2.3458127975463867,1.173230767250061,-3.1399147510528564,0.21456514298915863,0.2207900434732437,0.23338201642036438,0.2577457129955292,0.26930537819862366,0.21125328540802002,0.2721344232559204,0.27336442470550537,0.31688955426216125,0.2841920554637909,0.19214685261249542,0.15055136382579803,24.253109810018422,16.691696184590697,18.143979713441226,17.41020485514328,22.15194646677874,21.848728322702637,43.92202128930001,0.04395282451923077,1
-497.1378479003906,73.29146575927734,-9.918490409851074,30.086008071899414,8.518389701843262,11.54547119140625,-15.578539848327637,-9.159780502319336,-10.038660049438477,-6.353787899017334,-6.98158597946167,-2.0929946899414062,1.1272324323654175,0.39245307445526123,0.3487127125263214,0.23283737897872925,0.18980315327644348,0.16862696409225464,0.1997137814760208,0.23734347522258759,0.2796803414821625,0.3652920722961426,0.34241652488708496,0.2670021653175354,0.3117774426937103,23.988608451255445,16.642294240521462,20.044879377247554,19.938971031166403,20.07144028283345,18.363313576625277,48.35154815229927,0.06867112379807692,1
-512.078857421875,79.35942840576172,-4.0745062828063965,3.8742282390594482,-32.6992301940918,1.7231253385543823,-9.247174263000488,-2.091676950454712,-9.668002128601074,-5.2029523849487305,6.491737365722656,3.029083490371704,-7.687743186950684,0.18135268986225128,0.2196374535560608,0.22375217080116272,0.2727930545806885,0.34527015686035156,0.3784245252609253,0.32597818970680237,0.23134499788284302,0.2549968957901001,0.36346760392189026,0.3090187609195709,0.18899190425872803,23.38501692432453,18.242656032421426,17.490059962882412,19.633093323444132,22.07603293757907,20.977985029887414,49.880414935905755,0.07125525841346154,1
-541.168701171875,43.77775955200195,-11.096014976501465,15.386063575744629,-6.240181922912598,-5.0296854972839355,-9.965903282165527,-6.353158950805664,-6.067102909088135,-3.690483570098877,-3.877941846847534,-2.5009210109710693,-1.59025239944458,0.19196024537086487,0.13341818749904633,0.17818933725357056,0.18335555493831635,0.1316385716199875,0.12380485236644745,0.14454305171966553,0.17560067772865295,0.18002718687057495,0.12202990055084229,0.1252755969762802,0.16305963695049286,21.80764952418741,17.648794942621173,18.75378011382705,16.9974357257516,18.152061700949883,19.0777233226752,32.851912785251464,0.041019381009615385,1
-515.4923095703125,97.81086730957031,18.464550018310547,11.63783073425293,-3.725445032119751,-5.7365217208862305,-9.459449768066406,-9.451908111572266,-15.134259223937988,-12.118267059326172,-12.238777160644531,-4.949142932891846,-3.753805160522461,0.34206241369247437,0.2977003753185272,0.20927485823631287,0.1851673275232315,0.14745691418647766,0.11990633606910706,0.15647105872631073,0.2096998542547226,0.22122503817081451,0.18670976161956787,0.22715216875076294,0.2600146532058716,28.111539786513948,20.695435051179377,24.440598890496982,22.40735625277288,23.609906402939387,23.182504020569525,47.028712900535645,0.031490384615384615,1
-518.2390747070312,88.51485443115234,-7.0306525230407715,12.676674842834473,5.828578472137451,-2.2221004962921143,-18.035999298095703,-13.446206092834473,-7.573895454406738,-11.78421401977539,-0.9973574280738831,-1.014937400817871,-10.354724884033203,0.11826426535844803,0.10230401158332825,0.13021542131900787,0.1434837132692337,0.13741429150104523,0.103616863489151,0.12151607125997543,0.1589602679014206,0.27408573031425476,0.4232654869556427,0.3023037314414978,0.19204558432102203,26.92609012982197,23.13255966466728,22.0496838711352,20.946354746185683,25.009696551149933,22.553862929453686,47.9289536838939,0.04209359975961539,1
-486.3983459472656,122.85174560546875,7.247164249420166,-1.7969001531600952,-20.939592361450195,-5.443268775939941,-10.12531852722168,-9.061878204345703,-13.96811294555664,-5.885242462158203,-4.122748374938965,-5.439592361450195,-2.1679043769836426,0.36733105778694153,0.2839491665363312,0.16602212190628052,0.147782102227211,0.12945353984832764,0.0875336304306984,0.10281933099031448,0.1563250720500946,0.20029614865779877,0.20965451002120972,0.22003847360610962,0.2568441331386566,24.614949815718102,19.27503174927643,19.328278475229403,20.98694964673538,21.369408441287767,20.27159081269945,45.08898618292163,0.03954326923076923,1
-568.017822265625,45.08073425292969,-18.560575485229492,31.116079330444336,-1.820434331893921,23.75192642211914,-16.60318946838379,-13.726475715637207,-22.825618743896484,4.817235469818115,5.313105583190918,-4.995323181152344,-1.7784745693206787,0.16721338033676147,0.1167530044913292,0.09121312201023102,0.13202401995658875,0.22006599605083466,0.2864930033683777,0.3627038896083832,0.4916447401046753,0.3952005207538605,0.3093004524707794,0.26235857605934143,0.20486421883106232,24.558601799577904,15.95299159998245,19.4287701019942,21.203984035007586,19.924620830230776,18.307455226472744,51.14341998821359,0.14095928485576922,1
-513.450927734375,82.47645568847656,-1.1479201316833496,16.36821746826172,4.9205145835876465,0.010123854503035545,-12.634136199951172,-4.55803108215332,-7.710896968841553,-5.121870517730713,-7.737311363220215,-6.2178874015808105,-1.5247750282287598,0.26249587535858154,0.2887476980686188,0.2567155659198761,0.2450391799211502,0.23757575452327728,0.22789470851421356,0.18924500048160553,0.1675216406583786,0.21294377744197845,0.23250745236873627,0.2456788420677185,0.28916728496551514,23.0211240645613,16.414339327842516,18.539751668131068,17.799812307045922,19.385570394000645,18.227476760738426,42.82604201315632,0.04361853966346154,1
-527.2470092773438,78.87480163574219,-20.740299224853516,34.12368392944336,-5.054938316345215,13.833784103393555,-9.463706970214844,3.5551908016204834,-2.1153461933135986,2.332371711730957,-0.027727684006094933,-0.27471137046813965,2.4031314849853516,0.27677372097969055,0.2728555202484131,0.30583205819129944,0.37826278805732727,0.41118696331977844,0.2054738849401474,0.1595839262008667,0.2300557643175125,0.30234017968177795,0.3269856572151184,0.356086790561676,0.2984241843223572,23.77778928425634,19.709282283618602,20.019407905184288,19.269494440142445,18.870726156801343,17.496655740524666,46.93000209838108,0.044264573317307696,1
-544.3035888671875,78.96882629394531,-9.7000093460083,27.047945022583008,16.67222785949707,9.651703834533691,-6.929168701171875,-12.931159973144531,-19.598526000976562,-7.584261417388916,-6.2972307205200195,-3.520599842071533,-5.377471446990967,0.18153086304664612,0.1650724709033966,0.12070424854755402,0.09920620918273926,0.1699557900428772,0.24450291693210602,0.29691189527511597,0.4382162094116211,0.375437468290329,0.2013123780488968,0.14244504272937775,0.17049546539783478,22.855937469384497,16.262770535029507,21.356918692931497,18.483645473763225,20.481803467400375,21.398540371005137,42.83960801489096,0.055498798076923074,1
-563.0891723632812,60.984737396240234,-3.843735694885254,27.009382247924805,-14.045509338378906,14.607356071472168,-11.347949028015137,-1.78254234790802,-14.422652244567871,-6.233018398284912,-1.9639464616775513,-8.410897254943848,-2.1985280513763428,0.16625632345676422,0.11629649251699448,0.1577235460281372,0.1486489176750183,0.12033089250326157,0.1261502355337143,0.21509450674057007,0.2519627809524536,0.21619458496570587,0.2213582694530487,0.26578518748283386,0.24935895204544067,26.991543985727244,20.837766574309516,22.670691297714498,20.23967756371601,23.320469272506056,22.64470888544573,50.9151111365031,0.08857046274038462,1
-489.6163024902344,86.79315185546875,-15.098108291625977,35.62765884399414,-21.18896484375,-3.640760660171509,-24.014585494995117,-7.955245494842529,-11.275097846984863,-2.2754621505737305,10.483205795288086,-3.0902607440948486,-9.950084686279297,0.1442846953868866,0.09993389993906021,0.1405050903558731,0.1969262659549713,0.21292811632156372,0.2814139425754547,0.28847309947013855,0.2971288561820984,0.3187154233455658,0.31984347105026245,0.2687343955039978,0.2123042792081833,25.33147473109991,17.258419399243525,17.193695622058197,19.306963536515205,21.091562205244134,19.30570156434029,47.53387343722204,0.0703125,1
-532.8927001953125,62.84798049926758,8.13276481628418,37.81547164916992,13.55048656463623,5.79818868637085,-19.636947631835938,-11.994482040405273,-9.766032218933105,-3.412612199783325,-6.218728542327881,-3.504743814468384,-5.767330646514893,0.1674247533082962,0.18208768963813782,0.19247905910015106,0.22951078414916992,0.2009659856557846,0.20637370645999908,0.3190574049949646,0.36208629608154297,0.3664203882217407,0.37660709023475647,0.2625223994255066,0.20699197053909302,22.322518813072836,14.962473419748743,20.26066118350574,18.8125586407939,20.037406503328768,18.82102194500152,44.72208645581364,0.05378230168269231,1
-471.597412109375,67.7565689086914,7.907914638519287,13.22771167755127,-38.67904281616211,-4.879483222961426,-7.272978782653809,-6.968821048736572,-16.56058692932129,-10.840500831604004,1.642689824104309,3.407238721847534,-4.887109756469727,0.2120584100484848,0.27962398529052734,0.1887444108724594,0.14513684809207916,0.18025559186935425,0.19969801604747772,0.17590361833572388,0.21493086218833923,0.35628631711006165,0.3610953390598297,0.258708655834198,0.22143058478832245,26.21433423469814,20.795210985684946,21.477084374249177,22.098616465661788,22.951682428163455,20.674251288070813,50.47853889171415,0.07992037259615385,1
-531.327880859375,61.70820999145508,-16.00902557373047,11.620221138000488,-3.652710437774658,-5.0539937019348145,-14.764803886413574,-8.717286109924316,-17.224451065063477,-7.533329486846924,-7.629844665527344,-5.861246585845947,-5.188554763793945,0.19444362819194794,0.09356902539730072,0.10918772965669632,0.20583611726760864,0.25638434290885925,0.14568665623664856,0.10967996716499329,0.11442016810178757,0.10911806672811508,0.183135986328125,0.24394872784614563,0.30104488134384155,17.853068707064224,20.334241848073123,20.84413071794489,18.09491453210951,19.027864401622196,19.09564710390008,46.62252689182913,0.06837064302884616,1
-550.4824829101562,30.114465713500977,-7.970019340515137,17.539592742919922,1.0898900032043457,-8.430615425109863,-11.841560363769531,-7.142956733703613,-11.768860816955566,-9.470199584960938,-6.428760528564453,-3.547247886657715,-4.945853233337402,0.3369196057319641,0.2862836420536041,0.34389644861221313,0.2604757845401764,0.17432430386543274,0.13601942360401154,0.1642126739025116,0.22342732548713684,0.2898033559322357,0.3158304989337921,0.2350935935974121,0.27878275513648987,17.882244067263287,20.879565518729795,21.796544419120163,19.295368593575763,21.142823537749972,20.765318793078762,50.77604933805906,0.11820537860576923,1
-584.936279296875,66.08427429199219,-5.893346786499023,28.664926528930664,4.588703632354736,-1.4780219793319702,-21.924787521362305,-2.9681296348571777,-18.47698402404785,-10.93502426147461,-9.63296890258789,-5.566214561462402,-5.931262969970703,0.122015580534935,0.09655983746051788,0.08979818224906921,0.20877115428447723,0.26090672612190247,0.20146402716636658,0.17509284615516663,0.20965860784053802,0.2695915400981903,0.32068371772766113,0.24470658600330353,0.18554741144180298,20.798662007274785,21.756345993256442,22.182467409006648,18.44824274336998,19.80079136335624,19.39178422590098,49.98500316522488,0.06727388822115385,1
-551.9861450195312,56.265254974365234,-15.351395606994629,28.247926712036133,-2.1209311485290527,0.9928417205810547,-15.413202285766602,-6.847785472869873,-19.811504364013672,-9.0640287399292,-8.322372436523438,-2.331212043762207,-4.33060884475708,0.14019572734832764,0.13832366466522217,0.11976007372140884,0.13562797009944916,0.13430288434028625,0.11643954366445541,0.07945255190134048,0.14665888249874115,0.27616146206855774,0.47503384947776794,0.39152586460113525,0.221368208527565,20.04290654738163,22.169833477727796,22.052684949612125,18.69317214322304,19.18312205082039,20.560531265040282,50.493252624905196,0.07377554086538461,1
-630.3421630859375,52.408878326416016,-5.96809720993042,18.55474090576172,-2.027817726135254,2.1034128665924072,-6.116841793060303,-6.009976387023926,-16.832992553710938,-7.504367351531982,-3.5191683769226074,-4.1659698486328125,-5.4990386962890625,0.2582276165485382,0.18755663931369781,0.20074209570884705,0.29798784852027893,0.25056713819503784,0.12837426364421844,0.136515811085701,0.1418394148349762,0.20124471187591553,0.23719337582588196,0.22657255828380585,0.21051974594593048,19.78628958484059,21.979725004844056,21.384198552867403,20.06469874944352,20.208905509597525,19.794391249499363,47.917112913179515,0.07287034254807692,1
-667.6996459960938,76.73753356933594,-10.905258178710938,17.13978385925293,-14.610594749450684,6.160252571105957,-6.680471897125244,-3.095219373703003,-19.56194305419922,-3.108673572540283,0.254230797290802,-4.086597919464111,-2.5732882022857666,0.19375668466091156,0.1575465351343155,0.15787024796009064,0.23255982995033264,0.452037513256073,0.4863317310810089,0.2594151496887207,0.21090558171272278,0.1882343590259552,0.16320817172527313,0.1171976625919342,0.14040511846542358,23.41110316145935,20.339970325430848,20.570376470128263,19.795375734903832,18.98536181574742,20.352289751170037,49.608108325019735,0.091015625,1
-575.631103515625,59.212928771972656,-15.738801002502441,29.316661834716797,0.07046274095773697,2.679375648498535,-14.38876724243164,-7.71565055847168,-17.840789794921875,-5.226955890655518,-3.9714956283569336,-6.954698085784912,-4.897350311279297,0.08852957934141159,0.13658535480499268,0.20892754197120667,0.2259308248758316,0.1987716555595398,0.23447510600090027,0.2280813306570053,0.2983274459838867,0.30369994044303894,0.32126152515411377,0.2668169140815735,0.14019675552845,23.683666673164513,20.94147108459448,20.479585459916905,18.21549504008016,20.17470248348213,20.286279926710183,50.662881409586156,0.08751878004807692,1
-525.2647094726562,79.42304992675781,-27.2041015625,15.135229110717773,-6.6044087409973145,-3.298922061920166,-17.479101181030273,-11.198772430419922,-21.714153289794922,-3.3241732120513916,-7.364029407501221,-4.874499320983887,-6.684954643249512,0.13157396018505096,0.12212193757295609,0.21532656252384186,0.1929076462984085,0.12952709197998047,0.14331719279289246,0.199526846408844,0.22146986424922943,0.26124846935272217,0.24954725801944733,0.26630517840385437,0.2590492367744446,19.112974899135704,20.04096546120131,19.753617803176144,18.47635820391634,18.927097430812655,20.367290872203146,48.44969266539023,0.07633713942307692,1
-544.281982421875,68.45923614501953,-12.052923202514648,15.18602180480957,-1.0405019521713257,0.6937046051025391,-10.060952186584473,-5.697948455810547,-16.289155960083008,-9.554031372070312,-8.19446849822998,-4.921280860900879,-5.105642318725586,0.12978573143482208,0.10943324863910675,0.10649338364601135,0.17323216795921326,0.24474452435970306,0.2857707738876343,0.2411278337240219,0.2220076322555542,0.20753908157348633,0.2753927707672119,0.23587912321090698,0.16084252297878265,23.080809875194554,21.63392534241993,20.945272582500305,19.108106759920563,19.694419224534,20.32350352209223,50.78768192060408,0.07225435697115384,1
-646.7464599609375,71.93475341796875,-12.991218566894531,27.744159698486328,1.3636013269424438,-1.9297771453857422,-13.916523933410645,-3.467604398727417,-14.249860763549805,-6.8598198890686035,-6.266037940979004,-5.1254119873046875,-3.7830734252929688,0.17539654672145844,0.1990852952003479,0.31101977825164795,0.43023017048835754,0.37204018235206604,0.3122765123844147,0.17935600876808167,0.16479836404323578,0.1619868278503418,0.12810595333576202,0.11298712342977524,0.14603471755981445,20.943660919121257,16.83937667388879,17.78908035619807,16.09258544111903,17.180317627732673,17.692643367289985,45.98021026208925,0.060802283653846156,1
-532.6740112304688,75.41200256347656,-26.312294006347656,15.302931785583496,-7.701803207397461,-3.7150282859802246,-15.902379035949707,-9.778950691223145,-20.03662109375,-4.920783519744873,-4.17133903503418,-5.476387977600098,-7.706258773803711,0.15642209351062775,0.11958912014961243,0.13654884696006775,0.1193108931183815,0.11948174238204956,0.12951894104480743,0.17307934165000916,0.23839318752288818,0.2480611354112625,0.24515165388584137,0.2275364100933075,0.24584846198558807,20.875897667469612,23.82448792486086,23.502624835352567,20.60823883082091,20.731875572050377,21.2122671731235,49.57299900420554,0.06474233774038461,1
-599.4196166992188,85.21281433105469,-15.640640258789062,23.944753646850586,-7.834813117980957,0.10627089440822601,-11.262104034423828,-9.1665678024292,-18.771400451660156,-5.9364800453186035,-4.087539196014404,-1.8493601083755493,-4.547534465789795,0.2136451154947281,0.155196413397789,0.1939171701669693,0.32590511441230774,0.3827063739299774,0.35370463132858276,0.1733623892068863,0.16808860003948212,0.1844439059495926,0.16063135862350464,0.13611651957035065,0.18400177359580994,22.666078998316298,18.31390587943981,19.294005971238732,17.90567959997084,18.037231740187025,18.289498411262656,47.35258219526115,0.05256159855769231,1
-592.0055541992188,65.4886703491211,-12.563603401184082,42.39833450317383,-1.8739880323410034,3.247371196746826,-13.376126289367676,-9.768941879272461,-19.030668258666992,-9.368090629577637,-9.27662467956543,-5.152276039123535,-5.194081783294678,0.08232337981462479,0.13622422516345978,0.24766398966312408,0.2446114718914032,0.15611644089221954,0.11299873888492584,0.19877909123897552,0.3171135187149048,0.36397209763526917,0.28023555874824524,0.1517414003610611,0.08729858696460724,22.57263734959439,20.9395638787051,21.010944831514596,17.010625488358382,18.518935840996303,18.77939650728752,49.42229595503988,0.05920973557692308,1
-561.840576171875,62.926422119140625,-7.783787727355957,11.500643730163574,-16.521089553833008,2.0850913524627686,-15.363096237182617,-7.034056186676025,-26.178909301757812,-6.328802585601807,-3.7177042961120605,-4.976168632507324,-4.693793296813965,0.2789390981197357,0.2905438244342804,0.3058014214038849,0.2713513672351837,0.1621464490890503,0.10098742693662643,0.10516269505023956,0.11766646802425385,0.12735781073570251,0.15916869044303894,0.22355367243289948,0.294200599193573,15.355685811498468,21.56036545275658,21.039721198889275,18.908961898587474,18.470789269752522,19.165509079403655,49.64998667281608,0.0823016826923077,1
-523.3487548828125,53.78153991699219,-1.389892816543579,22.482980728149414,-8.534276962280273,8.175837516784668,-18.271072387695312,-6.082284927368164,-22.520004272460938,-9.310345649719238,-10.086071014404297,-4.451255798339844,-4.349025249481201,0.1251828968524933,0.16730529069900513,0.24344460666179657,0.21708209812641144,0.12283288687467575,0.09146618098020554,0.16525988280773163,0.2057986855506897,0.30216360092163086,0.2988865375518799,0.21248668432235718,0.1298331916332245,20.991029759534385,20.997121718775485,21.02518643112439,18.908880973888593,18.604201937743753,20.38079339913545,51.68862110701091,0.08847280649038461,1
-614.7670288085938,61.7575798034668,-4.313884735107422,36.874839782714844,-7.229815483093262,8.925497055053711,-16.122055053710938,-1.178083062171936,-24.715850830078125,-7.411240577697754,-9.189566612243652,-3.8531649112701416,-2.1467745304107666,0.12414735555648804,0.09634891897439957,0.14850971102714539,0.25790610909461975,0.34538352489471436,0.21871285140514374,0.16662323474884033,0.2187412530183792,0.24854472279548645,0.24363571405410767,0.2549397945404053,0.18944071233272552,20.212549745739768,16.10980246591382,18.603766648285845,15.670694641847867,17.800253415183146,17.919444700077374,47.55076159093601,0.11700721153846154,1
-597.2406005859375,53.97996139526367,-15.50892162322998,23.736858367919922,-3.7729740142822266,2.114074230194092,-14.774774551391602,-5.471246719360352,-16.567773818969727,-3.0698087215423584,-6.220974445343018,-1.1393532752990723,0.5280458927154541,0.13202373683452606,0.11718123406171799,0.19148890674114227,0.2100774496793747,0.16364707052707672,0.21870358288288116,0.20032048225402832,0.29562219977378845,0.30393970012664795,0.28594911098480225,0.253634512424469,0.1780080944299698,20.772053288420388,20.519615228574647,21.05000469822377,18.47498537046294,19.245481992353515,21.065543926227726,50.27522130465818,0.1122783954326923,1
-564.8001708984375,63.0455322265625,-10.238637924194336,24.219331741333008,-11.891227722167969,-0.7645411491394043,-13.023831367492676,-8.187825202941895,-18.872787475585938,-4.613620758056641,-6.935655117034912,-2.7307960987091064,-4.276581764221191,0.09845878928899765,0.13371442258358002,0.19965939223766327,0.19286605715751648,0.19012483954429626,0.18327291309833527,0.24984142184257507,0.28071221709251404,0.3212718069553375,0.3213196098804474,0.247659832239151,0.15609924495220184,21.469371498717283,20.832153356371624,20.216504821703793,18.727294418373223,18.71501080764295,20.618703047665548,49.43704016104873,0.08673753004807692,1
-588.9139404296875,63.5929069519043,-16.770341873168945,10.709136962890625,-7.186740398406982,7.896570682525635,-5.647878646850586,-4.330674171447754,-15.906011581420898,-2.663935422897339,-3.473090887069702,-4.272663116455078,-6.2916364669799805,0.18718208372592926,0.103176049888134,0.11071902513504028,0.18125097453594208,0.18095892667770386,0.17399202287197113,0.177536278963089,0.17507654428482056,0.19796477258205414,0.389065146446228,0.4300827383995056,0.3755589723587036,18.821594548448445,22.79579120335692,20.9713953373658,18.60571594784204,18.902597945662865,18.99880385376725,48.94442368252506,0.08183218149038461,1
-529.71337890625,44.80441665649414,-5.439547061920166,29.295204162597656,4.687159538269043,-6.563562393188477,-14.541303634643555,-8.012606620788574,-18.560333251953125,-10.4393949508667,-7.92637825012207,-5.092349052429199,-7.092740535736084,0.1153644546866417,0.08631978183984756,0.20894907414913177,0.28339439630508423,0.11574709415435791,0.062302522361278534,0.05595859885215759,0.08285797387361526,0.177257239818573,0.2828125059604645,0.2586091458797455,0.17882861196994781,18.427537268197504,24.06940498555383,25.24439299265593,19.190309372534593,21.564685323951196,20.1579730234426,49.05207805290967,0.0544921875,1
-647.8560180664062,57.64448547363281,-10.7741060256958,9.817815780639648,0.565869152545929,7.678432941436768,-4.467123031616211,-4.290748119354248,-13.248424530029297,-0.563010573387146,-4.444839954376221,-6.207533359527588,-6.01640510559082,0.11906055361032486,0.13235853612422943,0.17875364422798157,0.2952878177165985,0.2776288390159607,0.1962732970714569,0.15927544236183167,0.21069960296154022,0.184841126203537,0.1623721569776535,0.1914706528186798,0.14860694110393524,21.461145212369615,19.977805261335824,20.387417774490146,17.696251694194142,19.699156505298042,20.10664596664659,45.47994152877555,0.06937725360576923,1
-523.6324462890625,46.046138763427734,-4.376294136047363,19.00490951538086,3.4450228214263916,-0.12850071489810944,-10.923504829406738,-9.166500091552734,-16.765504837036133,-13.090240478515625,-8.66456413269043,-5.80190896987915,-6.341871738433838,0.17013004422187805,0.17087173461914062,0.1960701048374176,0.2548951804637909,0.24506449699401855,0.15257254242897034,0.16080592572689056,0.2978334128856659,0.292752206325531,0.2653390169143677,0.23444604873657227,0.1936907321214676,21.569176861715096,22.108729493823983,21.9780421771311,19.971901047275228,20.04546625094139,20.7819019980435,51.58434190429481,0.077294921875,1
-563.0691528320312,64.530029296875,-16.163280487060547,20.52752685546875,-2.1121180057525635,-2.00665283203125,-14.930464744567871,-8.451427459716797,-18.89360237121582,-10.035165786743164,-7.617079734802246,-3.238354444503784,-4.261241912841797,0.1707947850227356,0.18753688037395477,0.22391007840633392,0.22126050293445587,0.184414342045784,0.17221854627132416,0.15770143270492554,0.09331072121858597,0.13417214155197144,0.2936791777610779,0.2943477928638458,0.2299402505159378,18.36993356706608,21.71011838335837,22.021669636307703,19.30470491715935,20.430326445651946,20.603562316840105,48.27971611251712,0.07139798677884615,1
-565.8181762695312,44.13949966430664,-11.20649242401123,13.020092010498047,-4.110817909240723,-2.2371633052825928,-8.913102149963379,-4.738046646118164,-16.14864730834961,-8.867838859558105,-5.884648323059082,-3.3974854946136475,-4.112508773803711,0.1451554000377655,0.19048191606998444,0.21512943506240845,0.21895888447761536,0.12682905793190002,0.09865573048591614,0.08613576740026474,0.15192823112010956,0.19572119414806366,0.2047966569662094,0.26973384618759155,0.23469114303588867,19.32140077318131,22.651132350641756,22.265659505472268,20.534898616238173,19.926437914864913,20.348911628572896,46.419101653166315,0.06087364783653846,1
-621.2908935546875,38.35310745239258,-8.613506317138672,15.251580238342285,3.187124490737915,-0.851495623588562,-8.955793380737305,-5.968541622161865,-11.366278648376465,-6.007811069488525,-5.291187763214111,-2.33073353767395,-2.3307316303253174,0.08031529188156128,0.05454609915614128,0.1234489157795906,0.1087416484951973,0.060053177177906036,0.08304488658905029,0.10052672773599625,0.15959230065345764,0.17783217132091522,0.1965017318725586,0.164425790309906,0.12032466381788254,21.91495212946462,21.24207228050814,21.685605964973455,19.875084846995136,20.346404471027085,20.54033394916089,37.74140515444394,0.02489483173076923,1
-564.6926879882812,67.6093521118164,-12.373781204223633,13.22697925567627,-5.859506607055664,7.840361595153809,-11.201019287109375,-4.0996246337890625,-20.3303279876709,-8.101717948913574,-5.87141227722168,-5.423272132873535,-4.939370632171631,0.1692265272140503,0.11009319871664047,0.16094738245010376,0.22888115048408508,0.19877824187278748,0.18547311425209045,0.17868630588054657,0.1834886074066162,0.2647024095058441,0.4157249629497528,0.3884198069572449,0.3126293420791626,21.724408860430106,22.38489161530723,21.275419384341394,19.318820372057317,20.47938144244616,20.03180769047975,51.11292963321917,0.07646859975961538,1
-563.5886840820312,53.55159378051758,-12.81325912475586,22.75428009033203,0.7129586935043335,-1.5055791139602661,-11.084474563598633,-8.005187034606934,-18.430164337158203,-6.260689735412598,-9.750848770141602,-6.2032599449157715,-5.937710285186768,0.17011548578739166,0.1285153478384018,0.1222929134964943,0.11876843124628067,0.06887752562761307,0.04540211707353592,0.07920290529727936,0.18032482266426086,0.38222432136535645,0.364291250705719,0.2617822289466858,0.21631744503974915,17.769771344887875,21.88353588141222,23.393592863979666,18.792377327986888,19.96474690693327,20.45398753352708,48.58116204818058,0.0659442608173077,1
-533.6251220703125,50.9103889465332,-1.635418176651001,22.61578369140625,0.278744637966156,-6.284510135650635,-11.58767318725586,-6.123891353607178,-14.16426944732666,-9.64411735534668,-6.838981628417969,-4.1691999435424805,-5.360044479370117,0.13038653135299683,0.09411318600177765,0.15414531528949738,0.23169463872909546,0.1493518054485321,0.12767505645751953,0.14862382411956787,0.20090599358081818,0.2546949088573456,0.3375183939933777,0.29158398509025574,0.22351554036140442,19.522493932725794,21.693198758147208,20.62401278133312,17.249118505072442,19.45678624695975,19.222709243269556,47.995199159762706,0.055010516826923074,1
-548.1968994140625,34.47056579589844,-1.6531606912612915,7.404082298278809,-2.8521554470062256,-4.681365489959717,-9.23118782043457,-4.9797186851501465,-11.469131469726562,-5.6750993728637695,-4.864682674407959,-3.0065200328826904,-1.7228095531463623,0.15576112270355225,0.16699424386024475,0.17057132720947266,0.26925957202911377,0.28191035985946655,0.1844717115163803,0.13607020676136017,0.1718643456697464,0.17285510897636414,0.21737277507781982,0.20992633700370789,0.15565024316310883,20.22965107521574,19.37605813357569,20.110979308685472,19.003515069106616,18.775096957649236,19.48402568936456,42.75520871935834,0.09456129807692308,1
-559.1484375,67.56800842285156,-18.09805679321289,28.599302291870117,-7.387496471405029,-2.794553756713867,-21.375465393066406,-6.326784610748291,-17.601957321166992,-2.7371108531951904,-8.590970993041992,-8.0045747756958,-3.9537715911865234,0.10091307014226913,0.08147858083248138,0.18856032192707062,0.24622386693954468,0.18797044456005096,0.12493157386779785,0.16342616081237793,0.25640344619750977,0.2736816704273224,0.30761656165122986,0.23532618582248688,0.1735498458147049,22.40403067395023,21.45842498941135,20.294511334609098,18.841208149442537,19.264550110577694,21.050604735602633,50.05997729075846,0.08050631009615385,1
-564.6998901367188,65.62808227539062,-19.083633422851562,24.35052490234375,2.523472785949707,1.0977510213851929,-14.900603294372559,-10.392021179199219,-19.75985336303711,-5.848978519439697,-11.453710556030273,-8.173624992370605,-9.10004997253418,0.13275226950645447,0.11521011590957642,0.10707952827215195,0.12098405510187149,0.16734996438026428,0.1377773880958557,0.07223635166883469,0.08906039595603943,0.2226441204547882,0.3482532501220703,0.336779922246933,0.25395500659942627,19.38853334669509,21.634782229932732,22.04240868218646,19.03194253409647,18.91142868842706,19.943059004024207,48.686000397973025,0.05824068509615385,1
-578.2548217773438,56.780853271484375,-2.159838914871216,26.220417022705078,-1.9376264810562134,3.473917007446289,-12.498129844665527,-5.917094707489014,-14.967538833618164,-7.438980579376221,-8.919612884521484,-6.140224456787109,-4.4943437576293945,0.14539870619773865,0.12444376200437546,0.11313322186470032,0.19725823402404785,0.3261561393737793,0.40576550364494324,0.24205593764781952,0.20067621767520905,0.230022594332695,0.24437473714351654,0.20699374377727509,0.1740233600139618,23.874855901323954,19.68086761676888,19.43665713597335,18.413779659158816,18.162003080474076,19.298786440638207,49.90389442218827,0.06316481370192308,1
-626.259521484375,52.75554275512695,-12.417702674865723,13.926067352294922,5.075568675994873,0.330060750246048,-7.91343879699707,-1.7408850193023682,-13.145007133483887,-5.705440998077393,-3.572899103164673,-2.1073834896087646,-2.9523580074310303,0.19988270103931427,0.21089579164981842,0.2522403299808502,0.28046971559524536,0.27097034454345703,0.25105002522468567,0.1836891621351242,0.17715749144554138,0.20907066762447357,0.3416648507118225,0.32642024755477905,0.22630517184734344,19.243098831570766,20.595730061562808,20.97468588035719,19.02883682899054,18.51339212544667,19.743275348493583,49.21152822795888,0.08987379807692308,1
-608.9639282226562,42.110870361328125,-2.074268341064453,12.169532775878906,-0.8583958745002747,-0.9426292777061462,-3.7464523315429688,-0.9998084306716919,-13.080421447753906,-8.926213264465332,-4.595111846923828,-1.6780266761779785,-2.779097318649292,0.13575533032417297,0.16175605356693268,0.1812153309583664,0.17933224141597748,0.15780150890350342,0.1118202731013298,0.09149382263422012,0.12466665357351303,0.2394419014453888,0.2547685503959656,0.2319703847169876,0.1931278556585312,22.89637221092389,22.745279402176124,22.488389709497685,21.25830288510343,21.613769309207743,21.795998345498756,43.54459032695147,0.04299504206730769,1
-621.3290405273438,60.5183219909668,-4.381840705871582,3.45160174369812,-6.2044830322265625,0.8680155873298645,-2.804321765899658,-5.88495397567749,-14.264727592468262,-5.414712429046631,-6.054331302642822,-7.167494297027588,-7.176440715789795,0.265828013420105,0.2610344886779785,0.17037278413772583,0.17922160029411316,0.2139333039522171,0.23255863785743713,0.20014339685440063,0.21222169697284698,0.13175815343856812,0.13005273044109344,0.17268644273281097,0.22907628118991852,19.12733786107267,20.25599516635275,20.936038016690294,19.784939308266274,19.526248297545422,19.31020286296546,44.056592427380764,0.043190354567307694,1
-512.7769775390625,69.7680435180664,-21.48540496826172,11.232626914978027,-3.557126998901367,-6.244222164154053,-13.992569923400879,-12.589385986328125,-18.424436569213867,-7.825832366943359,-4.8955841064453125,-3.1523799896240234,-8.451192855834961,0.18993107974529266,0.1667758822441101,0.2161208987236023,0.22398705780506134,0.1646672487258911,0.17622582614421844,0.179607555270195,0.18002229928970337,0.156302809715271,0.23817864060401917,0.26401394605636597,0.2901928424835205,20.16605874438806,21.774374493947914,21.283298620425985,19.435318491957474,20.781442033487068,21.41900736145512,49.0377476864792,0.05134089543269231,1
-555.5492553710938,81.58248138427734,-24.227773666381836,15.45897102355957,-4.9587931632995605,-5.912134170532227,-18.372459411621094,-10.567139625549316,-16.764392852783203,-5.749554634094238,-4.596386909484863,-5.179224491119385,-6.869109630584717,0.2068563997745514,0.15829336643218994,0.11088821291923523,0.18613958358764648,0.296842098236084,0.24320584535598755,0.23576833307743073,0.19548282027244568,0.20628802478313446,0.2502360939979553,0.24193936586380005,0.22132046520709991,19.124498277824255,19.386698437506222,18.937844942850642,16.427624120688684,18.46781049145143,20.084630579422136,46.37204941801772,0.0655987079326923,1
-529.9778442382812,64.7802734375,-22.960617065429688,9.66054916381836,-6.900918483734131,0.8705936074256897,-12.320107460021973,-7.590736389160156,-16.704315185546875,-5.974774360656738,-7.02273416519165,-10.62349796295166,-8.861847877502441,0.23949287831783295,0.2737537920475006,0.20130395889282227,0.2118120938539505,0.16671308875083923,0.1324208527803421,0.1736462265253067,0.25600817799568176,0.28464287519454956,0.2751432955265045,0.20605985820293427,0.17951811850070953,18.997132866473304,21.42202709931524,19.883950522534423,17.226188079909047,19.093368486318028,18.55753838904196,48.199211466904494,0.06298452524038461,1
-538.0652465820312,48.78508377075195,-26.852888107299805,38.47496795654297,-4.13512659072876,-1.717867374420166,-17.18890953063965,-7.7371368408203125,-18.007360458374023,-5.989563465118408,-14.764015197753906,-4.556654930114746,-4.391203880310059,0.10389460623264313,0.12602654099464417,0.1612299084663391,0.13067607581615448,0.08451521396636963,0.05686763674020767,0.09991944581270218,0.21884074807167053,0.33178263902664185,0.37124958634376526,0.2952399253845215,0.1363644301891327,21.15154006027946,26.058807315753892,25.697149252602706,20.921190231908376,22.922096973466797,22.88819479206674,52.849795358389464,0.06546349158653846,1
-545.941650390625,64.974365234375,-17.624059677124023,25.408506393432617,-10.273542404174805,-1.8801482915878296,-14.77856159210205,-6.813096523284912,-20.45014762878418,-5.610265731811523,-5.011265754699707,-2.9233412742614746,-4.342003345489502,0.15383628010749817,0.151240274310112,0.12261972576379776,0.17044875025749207,0.24971041083335876,0.18646882474422455,0.14112424850463867,0.15284252166748047,0.2394380420446396,0.2537490129470825,0.20816250145435333,0.19619236886501312,21.023939210723178,21.393724267404036,20.795639254283824,18.58174248801686,19.100289082333177,19.562763504961353,49.223461613994566,0.0680401141826923,1
-570.5855712890625,65.80036163330078,-12.97313117980957,27.71167755126953,-1.7167270183563232,0.6387772560119629,-13.118833541870117,-10.827458381652832,-22.20257568359375,-10.407697677612305,-9.006625175476074,-3.361644983291626,-5.648009300231934,0.19332315027713776,0.17990241944789886,0.14675718545913696,0.15192267298698425,0.19585289061069489,0.16294749081134796,0.13796286284923553,0.19165444374084473,0.26634863018989563,0.38220319151878357,0.3345072567462921,0.2357935607433319,18.54515389047878,20.111748900794375,20.33106305800942,16.326100543495333,18.291114505055393,18.823813772490407,46.86687126395722,0.07247596153846154,1
-563.1497192382812,47.581329345703125,-15.28294849395752,26.008432388305664,-6.3586931228637695,-4.356927394866943,-20.812522888183594,-8.860349655151367,-17.603925704956055,-5.7175517082214355,-7.9755144119262695,-2.6059865951538086,-4.111453056335449,0.17940180003643036,0.34979552030563354,0.39721158146858215,0.26476696133613586,0.2201063185930252,0.19098295271396637,0.1380995362997055,0.1307937055826187,0.13183486461639404,0.1475200653076172,0.16298049688339233,0.17932741343975067,14.466464895724215,18.932896402857583,20.40008240125889,16.997042918394634,18.535332554901583,19.284699118232737,46.72304594746864,0.10283578725961538,1
-519.3622436523438,63.947235107421875,-26.09990119934082,25.405838012695312,-0.21755869686603546,-14.178499221801758,-20.262117385864258,-13.878026962280273,-15.653132438659668,-9.986917495727539,-9.391465187072754,1.3356519937515259,-4.918108940124512,0.17040866613388062,0.10449273139238358,0.20213015377521515,0.19851334393024445,0.16018323600292206,0.1847904920578003,0.10983319580554962,0.13971903920173645,0.15100017189979553,0.2450491189956665,0.24833546578884125,0.25656628608703613,18.744131833904248,21.996342038836477,21.390513784726323,18.377412715674275,20.314444807010542,20.91859211323174,46.83638900691205,0.04821213942307692,1
-531.3599853515625,61.080467224121094,-19.2217960357666,30.215242385864258,3.686305522918701,-2.3611533641815186,-12.872239112854004,-10.805391311645508,-18.782684326171875,-10.432239532470703,-12.808218955993652,-4.7174553871154785,-5.858951568603516,0.10618185997009277,0.11232957243919373,0.05764366686344147,0.0593051053583622,0.06881250441074371,0.0663905143737793,0.07076991349458694,0.06953603029251099,0.18509219586849213,0.44913727045059204,0.42198488116264343,0.25124505162239075,20.81048302708121,26.019091751057147,24.95284076674409,21.768739618695697,21.567707846303794,22.60052678997444,50.11023160247856,0.04398287259615385,1
-578.1979370117188,62.66066360473633,-8.383606910705566,18.775110244750977,-1.2857394218444824,2.2020132541656494,-15.152303695678711,-1.562274694442749,-17.243968963623047,-6.526762008666992,-6.06464958190918,-5.500212669372559,-6.146223545074463,0.1313513070344925,0.1291704922914505,0.13862542808055878,0.20745156705379486,0.21687428653240204,0.23567387461662292,0.27658557891845703,0.3802891969680786,0.3434479534626007,0.30510544776916504,0.20110900700092316,0.11838988959789276,23.933859373342006,20.151577568352675,19.798455766161304,18.708000726679668,18.266471385187433,19.845976372800735,50.032480050663935,0.09315279447115385,1
-682.322265625,51.85372543334961,-1.7178081274032593,21.395183563232422,7.946591377258301,2.026843786239624,-10.118045806884766,-6.396815776824951,-10.73463249206543,-7.947259902954102,-4.9408369064331055,-3.7152702808380127,-7.767188549041748,0.09489340335130692,0.07703325897455215,0.10672488808631897,0.19115178287029266,0.20830415189266205,0.17087405920028687,0.12299145758152008,0.1721097081899643,0.15896445512771606,0.1863783895969391,0.20790448784828186,0.15370360016822815,20.65714241811371,19.489714504546185,19.298737937134543,17.33278946996352,19.555424100238355,18.313593441753824,40.00330992808953,0.04249549278846154,1
-614.9617919921875,60.00117492675781,-8.051977157592773,19.624637603759766,-3.501086950302124,2.526418447494507,-11.062424659729004,-1.23692786693573,-19.90460968017578,-7.321486473083496,-4.675379276275635,-5.248486518859863,-4.741689205169678,0.18959107995033264,0.2553215026855469,0.2809372544288635,0.32117095589637756,0.33609768748283386,0.27148503065109253,0.16791801154613495,0.11524336040019989,0.11840646713972092,0.1608101725578308,0.20359718799591064,0.21197259426116943,20.322126674999268,20.845511903469315,20.884527076679664,18.2205146127847,19.70405196018634,19.508973021408096,51.10678818316769,0.0861553485576923,1
-546.0818481445312,64.69654083251953,-18.700773239135742,22.830883026123047,-2.453678846359253,-3.1989495754241943,-14.279197692871094,-8.770867347717285,-22.451831817626953,-11.010759353637695,-7.855617046356201,-5.716109275817871,-7.790905952453613,0.15287724137306213,0.14951717853546143,0.18848396837711334,0.20338797569274902,0.09884602576494217,0.10297251492738724,0.130662739276886,0.24345354735851288,0.30811572074890137,0.2832026183605194,0.24016891419887543,0.18534089624881744,20.269103795629263,22.84531335257147,23.158301661424954,18.967020671765063,20.884352437599798,20.256900299718428,49.18666754096885,0.05911207932692308,1
-600.8849487304688,40.735313415527344,-16.49575424194336,6.389439105987549,-4.606034278869629,-1.5665615797042847,-6.09477424621582,-7.375062942504883,-8.959650993347168,-2.8589706420898438,-2.9108121395111084,-2.435971736907959,-3.9853923320770264,0.17600026726722717,0.17230626940727234,0.12161166220903397,0.10777365416288376,0.10104186832904816,0.1235014870762825,0.1395692676305771,0.17388521134853363,0.15319891273975372,0.1545947790145874,0.17263908684253693,0.206180140376091,17.19741565274177,17.512931622475154,17.624839123080815,16.521676126591803,18.156852967370398,17.86025698504704,33.801364776834795,0.046311598557692304,1
-598.2520141601562,54.63137435913086,-11.702444076538086,20.42083740234375,3.7605507373809814,1.425010323524475,-11.885664939880371,-8.988759994506836,-13.152206420898438,-6.683480262756348,-6.02315092086792,-2.51882266998291,-4.60378885269165,0.1338491290807724,0.1376383751630783,0.19918498396873474,0.14506515860557556,0.10090789943933487,0.08348917961120605,0.14669325947761536,0.28327760100364685,0.4200391173362732,0.38406655192375183,0.19423151016235352,0.1268310546875,20.047184975839304,23.899770955108362,22.840479943135065,20.54010470781913,20.499411459052112,20.84770177857216,49.12662595782883,0.068115234375,1
-599.8499755859375,38.16511535644531,-6.990476608276367,23.88814926147461,0.15100614726543427,1.726540207862854,-7.7797393798828125,-6.974308490753174,-15.828160285949707,-5.986933708190918,-5.470495700836182,-3.605372428894043,-4.757223606109619,0.10838443785905838,0.09378918260335922,0.11090309172868729,0.1098911315202713,0.08700128644704819,0.09626211225986481,0.10497310012578964,0.1065445989370346,0.21818535029888153,0.3279167115688324,0.18669351935386658,0.12368898838758469,19.96393623088074,20.352756395856616,21.574088653628454,19.195495825357654,19.586201069700017,20.12515407934473,40.103622771409725,0.04781775841346154,1
-534.2484741210938,66.375,-5.284154891967773,20.003549575805664,-3.9818809032440186,-7.848505973815918,-16.251131057739258,-11.257621765136719,-20.067541122436523,-10.565512657165527,-8.817277908325195,-3.3848655223846436,-4.730875015258789,0.22407738864421844,0.24063453078269958,0.22230586409568787,0.2308950573205948,0.14171293377876282,0.08142275363206863,0.06871242076158524,0.07761213183403015,0.1931404322385788,0.273059219121933,0.2976498305797577,0.2990705668926239,18.07446004516116,19.737388601078404,20.639442939116208,18.652334069811545,18.34376337320007,19.125106733434937,46.29108591435989,0.059006911057692304,1
-585.868896484375,67.9186019897461,-21.7490234375,12.248026847839355,-3.3504629135131836,10.848390579223633,-7.537879943847656,-6.0404276847839355,-13.56153678894043,-0.15108337998390198,-4.473906517028809,-8.673955917358398,-5.5865631103515625,0.12888368964195251,0.12641644477844238,0.1621338427066803,0.22629690170288086,0.31570741534233093,0.2312229722738266,0.2189716249704361,0.2939611077308655,0.2969827353954315,0.28489482402801514,0.20567622780799866,0.15943464636802673,23.373864643782824,20.59062861631546,18.558075854590026,18.254138495027657,19.549453053477357,19.46605815250824,49.500035153407566,0.07391451322115385,1
-666.96484375,39.953311920166016,-1.149941325187683,18.532400131225586,-4.984301567077637,6.986229419708252,-12.144122123718262,0.6271604299545288,-13.425333023071289,-6.0876359939575195,-5.952582359313965,-6.4179158210754395,-4.6965532302856445,0.18495233356952667,0.1836865246295929,0.22991631925106049,0.23836904764175415,0.14729636907577515,0.10443568229675293,0.11406707763671875,0.1407397836446762,0.15654011070728302,0.15927040576934814,0.14144563674926758,0.15371301770210266,18.286264909272948,19.196455910862237,17.76542519915228,16.30917340287922,17.602945944141062,17.822492559174645,41.315729470219694,0.07355769230769231,1
-526.5003662109375,48.978580474853516,-17.189096450805664,29.264524459838867,-2.7602555751800537,2.7715651988983154,-17.789409637451172,-10.486628532409668,-23.286611557006836,-7.7913055419921875,-7.401727676391602,-1.825340986251831,-4.418461322784424,0.24085360765457153,0.2505742013454437,0.15726791322231293,0.12337686121463776,0.09943582862615585,0.07674732804298401,0.08810582756996155,0.1763104796409607,0.23663537204265594,0.2896016538143158,0.24718821048736572,0.24692101776599884,19.057734304912593,23.0209369027002,22.558889400414053,20.150618784619006,20.982467102525877,21.51447569698257,51.111445268521265,0.08421724759615384,1
-579.332275390625,47.152923583984375,-18.35875129699707,29.112245559692383,2.328732490539551,-6.2441864013671875,-9.276577949523926,-1.9189414978027344,-16.050928115844727,-8.144716262817383,-9.545914649963379,-4.401113033294678,-6.457286834716797,0.24568259716033936,0.22846467792987823,0.20764489471912384,0.15698882937431335,0.09404554218053818,0.07156425714492798,0.09537272900342941,0.18746362626552582,0.2773609459400177,0.27891674637794495,0.22326640784740448,0.22372843325138092,17.95919662351068,22.620373127910728,23.16690360129732,17.188111234931693,19.905075619572933,20.547859926883064,48.42744697823529,0.07516526442307692,1
-563.08935546875,52.3245735168457,-3.035914897918701,14.851552963256836,2.267286777496338,-1.3170171976089478,-9.891576766967773,-6.099947452545166,-17.48902702331543,-11.189696311950684,-7.801887512207031,-5.141226768493652,-6.7137346267700195,0.10483485460281372,0.08496733754873276,0.12310701608657837,0.18044111132621765,0.22602145373821259,0.14289511740207672,0.09703367203474045,0.1765536218881607,0.23836928606033325,0.28055331110954285,0.2820596694946289,0.20773553848266602,22.51928340965646,22.415468604394672,22.58029147228851,21.283605849894098,20.759829517326025,21.005870322950393,46.58892930755985,0.04497821514423077,1
-507.1123046875,59.12672805786133,-21.25528907775879,11.404984474182129,-5.1525702476501465,-3.224691867828369,-9.483840942382812,-12.031831741333008,-19.30556869506836,-8.827305793762207,-7.500642776489258,-5.887731552124023,-7.231143951416016,0.21890312433242798,0.1836279183626175,0.20268000662326813,0.2374028116464615,0.18601855635643005,0.11466358602046967,0.14636622369289398,0.1753273904323578,0.1623101383447647,0.24044352769851685,0.23171009123325348,0.21246476471424103,16.779632092205365,21.662874649816366,20.739339855151005,20.62409486521182,19.80256736693963,20.73779383860362,47.05291809170994,0.06994441105769231,1
-558.3856201171875,82.46717071533203,-23.360288619995117,13.59334659576416,-2.2180869579315186,-4.825922966003418,-11.415812492370605,-8.235285758972168,-20.057418823242188,-6.233460426330566,-4.548656463623047,-6.670333385467529,-9.714807510375977,0.1727738380432129,0.12254989892244339,0.14126601815223694,0.20533055067062378,0.18654665350914001,0.16718165576457977,0.19545572996139526,0.29804009199142456,0.34484171867370605,0.27420830726623535,0.23157179355621338,0.21071985363960266,18.69412524448132,19.943203219212194,19.637059154636894,16.646388382239497,19.137155841816483,17.933694799946387,46.31983281670664,0.04765249399038462,1
-579.850341796875,44.17689895629883,2.3741707801818848,11.571179389953613,-1.0071237087249756,3.683809280395508,-12.979991912841797,-7.718418121337891,-14.64199447631836,-3.2996013164520264,-3.4584574699401855,-4.156342506408691,-3.9413225650787354,0.1357548087835312,0.1237826719880104,0.12570755183696747,0.2227250337600708,0.30125078558921814,0.27047601342201233,0.14794713258743286,0.15938588976860046,0.21975186467170715,0.26381802558898926,0.2492516189813614,0.18289370834827423,23.830431242400888,22.74620250225441,23.116324164760726,20.653988493058332,22.15264368559085,22.87506106353397,47.184021877609666,0.05567908653846154,1
-591.740234375,45.014244079589844,-5.917273998260498,28.99228286743164,-3.716463088989258,4.5105881690979,-22.574098587036133,1.4594149589538574,-16.858989715576172,-4.890361785888672,-8.642217636108398,-6.04356575012207,-1.7633293867111206,0.1045391634106636,0.10131468623876572,0.2015867382287979,0.2471657395362854,0.15711283683776855,0.1181328296661377,0.177266925573349,0.30027154088020325,0.40158429741859436,0.3260321021080017,0.2062865048646927,0.1301020234823227,21.312207512049977,21.705363125670114,21.12511235623297,17.91542431361588,19.453759549013856,20.513444465547792,51.73585919581323,0.11872370793269231,1
-575.5075073242188,72.05206298828125,-16.95553970336914,23.724477767944336,-2.641108989715576,5.005709648132324,-16.90472412109375,-9.774078369140625,-24.134014129638672,-4.954609394073486,-6.776678085327148,-6.465072154998779,-4.002093315124512,0.10450958460569382,0.11645115166902542,0.12366122007369995,0.1600746363401413,0.15215964615345,0.14419636130332947,0.17747361958026886,0.2764405906200409,0.3354443609714508,0.3679996728897095,0.22284407913684845,0.11771917343139648,22.119964489552316,20.165938776558374,21.70447423380592,18.222825791681704,18.377366255253005,19.612238895614745,49.95068505287894,0.06115159254807692,1
-588.3426513671875,63.23598098754883,-8.701573371887207,28.92202377319336,-0.6952911615371704,0.7202907204627991,-12.573216438293457,-8.355127334594727,-16.34212303161621,-5.075428485870361,-9.063396453857422,-8.053717613220215,-5.628840923309326,0.10531257838010788,0.11400863528251648,0.1792420595884323,0.24825090169906616,0.25658783316612244,0.19770468771457672,0.14346729218959808,0.22432321310043335,0.2547222673892975,0.22790449857711792,0.18774352967739105,0.1547011435031891,22.33546072833453,19.503041322718065,20.007105901902136,17.608347355788375,18.212457095505915,19.367152747571367,46.35531678863784,0.059990985576923075,1
-556.9115600585938,65.50919342041016,-18.06556510925293,19.655576705932617,-9.965507507324219,2.176362991333008,-11.985625267028809,-5.040067672729492,-19.26641845703125,-5.407921314239502,-7.213274002075195,-1.2958555221557617,-5.210651874542236,0.1336611807346344,0.10653944313526154,0.1642264872789383,0.1980954259634018,0.1797957420349121,0.15309609472751617,0.19055990874767303,0.34375208616256714,0.3380863666534424,0.28551018238067627,0.29555654525756836,0.20557357370853424,18.70424123975936,20.322635888693902,20.076135282388314,18.419855423500167,18.265103299872813,19.478979403248992,47.867239355435785,0.10436072716346154,1
-561.5723266601562,57.859901428222656,-6.584498882293701,18.64927101135254,-1.8638358116149902,5.143064498901367,-12.512847900390625,-5.415592193603516,-15.916583061218262,-3.808434009552002,-4.2284698486328125,-5.650184154510498,-3.360753297805786,0.15370018780231476,0.14715345203876495,0.16040848195552826,0.1815003901720047,0.2614533305168152,0.297829270362854,0.31384366750717163,0.31502795219421387,0.27793487906455994,0.2532324492931366,0.2105219066143036,0.160237118601799,23.712744729318903,20.134018090727203,20.149049972481254,18.31078375937968,19.027737226330267,20.234002641071186,52.22377668201706,0.08638070913461539,1
-599.7919311523438,70.59732818603516,-7.231481075286865,7.696803092956543,-4.864853858947754,6.541831016540527,-6.740810871124268,-5.880899429321289,-18.46877098083496,-2.8001418113708496,-4.951172828674316,-9.724780082702637,-6.061542987823486,0.12824924290180206,0.15797904133796692,0.24087464809417725,0.22983886301517487,0.204057514667511,0.20637191832065582,0.22084751725196838,0.2943512797355652,0.2468281090259552,0.19385750591754913,0.15169237554073334,0.11923062801361084,23.635622389497605,20.915047148235047,20.957635915895395,19.267510122447433,20.054550967831553,20.605672913733816,49.82822324720971,0.08377779447115384,1
-583.4950561523438,31.82257080078125,-11.132556915283203,5.665564060211182,-7.241218090057373,3.318129301071167,-11.718740463256836,-0.9917170405387878,-8.462068557739258,-2.179065704345703,-8.199542045593262,-6.444090843200684,-2.772045373916626,0.11085032671689987,0.1123044490814209,0.12947978079319,0.18784475326538086,0.18123354017734528,0.1437651813030243,0.1344728022813797,0.16187815368175507,0.2302800714969635,0.2486502081155777,0.26003706455230713,0.1772976517677307,20.018470684018098,20.77026256803897,20.876908831397326,19.747235037064364,20.324769037280657,20.80060002956481,43.264232341124796,0.10321890024038462,1
-537.5221557617188,55.094383239746094,-9.158905029296875,21.410045623779297,1.1514519453048706,-3.8233389854431152,-7.487577438354492,-5.976546287536621,-19.545087814331055,-10.056999206542969,-8.127381324768066,-5.911044597625732,-8.330395698547363,0.1598820686340332,0.10293354839086533,0.13305029273033142,0.12593446671962738,0.10447224229574203,0.12918849289417267,0.10684113204479218,0.08678936213254929,0.17027471959590912,0.36665621399879456,0.4026493728160858,0.29703739285469055,16.781568629578025,22.191132398575903,21.700063249509114,17.77890626634758,19.2286355550824,18.84960142454613,46.5372491269998,0.04927509014423077,1
-776.00927734375,35.489295959472656,-3.4739503860473633,15.658613204956055,-9.7486572265625,15.820023536682129,-10.533731460571289,6.232668876647949,-11.340119361877441,-3.691453218460083,-4.193763732910156,-2.7350969314575195,0.4757228195667267,0.08573620021343231,0.09749875217676163,0.14841769635677338,0.17775629460811615,0.1888771653175354,0.16417604684829712,0.1512024700641632,0.18312713503837585,0.18059368431568146,0.14269571006298065,0.12575410306453705,0.09629320353269577,22.016280174293506,20.01738823790699,19.951208346107354,19.137898887704708,19.30435451988639,20.53250867164295,41.40093386817474,0.09221379206730769,1
-591.4662475585938,68.01365661621094,-6.823480606079102,26.090476989746094,-0.9112738966941833,7.6041579246521,-19.077848434448242,-6.728908538818359,-24.07924461364746,-9.069795608520508,-9.643464088439941,-6.6940202713012695,-6.22505521774292,0.10719077289104462,0.07589932531118393,0.11195611208677292,0.17141716182231903,0.20798155665397644,0.2418392449617386,0.2905716001987457,0.3116571307182312,0.2774983048439026,0.2201826423406601,0.18513484299182892,0.15518340468406677,23.627960224719047,19.422804477325666,20.63783062586636,18.368327900882527,18.86168055902275,19.293395731780542,51.02867616259616,0.08271484375,1
-533.4651489257812,66.19792938232422,-20.061782836914062,19.731557846069336,-2.352487325668335,1.6041980981826782,-19.039091110229492,-8.828532218933105,-17.34391212463379,-3.8157992362976074,-9.547142028808594,-8.163131713867188,-6.821481704711914,0.12645389139652252,0.08615429699420929,0.09749796986579895,0.11195678263902664,0.13273267447948456,0.10649700462818146,0.14682593941688538,0.3424896001815796,0.3912043273448944,0.3691512942314148,0.269608736038208,0.20166800916194916,22.310997958796694,21.5159458439357,21.4580151582108,18.616344304293055,19.307112947007624,20.67042970825836,49.55448832533319,0.07509014423076923,1
-538.0186157226562,48.674354553222656,-2.9715216159820557,23.452255249023438,-1.183671474456787,7.406802654266357,-15.822137832641602,-10.399866104125977,-22.00143051147461,-7.463099479675293,-13.207427978515625,-7.234572410583496,-4.705049991607666,0.15819402039051056,0.16326777637004852,0.22961947321891785,0.19951020181179047,0.10343702137470245,0.08844814449548721,0.08385488390922546,0.11334497481584549,0.21210460364818573,0.29948511719703674,0.27570733428001404,0.22568418085575104,17.888703347040998,20.640589245815633,21.755404892650517,18.04494070099314,18.290328293193543,19.172880450155116,49.14862277780441,0.08008939302884616,1
-561.119140625,41.15164566040039,-10.854092597961426,1.2955976724624634,-8.909395217895508,-5.4047932624816895,-8.552680969238281,-7.321157455444336,-7.940572261810303,-1.2278661727905273,-0.2528606653213501,-1.3777717351913452,-3.630624532699585,0.15032413601875305,0.15340478718280792,0.12877720594406128,0.17939500510692596,0.21254578232765198,0.13593555986881256,0.11174307763576508,0.09854613989591599,0.10066526383161545,0.09364986419677734,0.10846100002527237,0.12540245056152344,19.633438514832047,20.639796330922437,21.71637681081117,19.609305901209925,21.134899985103747,20.83867262671972,39.04556755667584,0.048189603365384616,1
-579.2395629882812,38.38238525390625,-17.338594436645508,6.4527764320373535,-5.994330883026123,-3.598612070083618,-5.590022087097168,-9.429945945739746,-10.585318565368652,-1.0387117862701416,-6.987467288970947,-4.552305221557617,-5.873804569244385,0.14606979489326477,0.09628058224916458,0.11419688910245895,0.13904277980327606,0.15119695663452148,0.131852388381958,0.09812097996473312,0.0796084925532341,0.06925215572118759,0.1055789589881897,0.16244813799858093,0.1991066336631775,17.43458986535669,20.181177960439413,20.274930739327058,18.857382020199637,19.944076838415473,20.918483459662344,34.415208699025065,0.03357496995192308,1
-597.384765625,54.308963775634766,-12.930875778198242,26.029619216918945,2.1786067485809326,-3.4743409156799316,-14.707462310791016,-2.3010611534118652,-12.122676849365234,-4.135740280151367,-5.644652366638184,-4.7714972496032715,-5.382358551025391,0.11223385483026505,0.14848947525024414,0.12980160117149353,0.14332543313503265,0.14009656012058258,0.15335536003112793,0.3039534091949463,0.4368189871311188,0.38527703285217285,0.29411038756370544,0.20362873375415802,0.11856178939342499,21.428189068963583,19.36647553480409,19.536191696130164,16.921137513804666,17.805546605215593,18.759054595064963,48.65626689391119,0.09249924879807692,1
-596.7042846679688,40.88121795654297,1.8413480520248413,24.145261764526367,4.410299777984619,-3.86686372756958,-7.6618571281433105,-2.968959093093872,-11.74098014831543,-12.312723159790039,-9.887908935546875,-5.250542640686035,-7.0105299949646,0.0856158658862114,0.1149115264415741,0.20604881644248962,0.2269582748413086,0.19018122553825378,0.12305133789777756,0.11076007783412933,0.19380196928977966,0.19991366565227509,0.15927870571613312,0.18116231262683868,0.135656476020813,24.23766296194493,23.24366950508168,24.30867090977462,20.659284818122455,22.06886349796006,22.010489912147047,47.10072602796659,0.043306790865384616,1
-596.6016845703125,64.51407623291016,-14.534518241882324,17.481046676635742,-3.4426095485687256,-2.96268630027771,-12.483993530273438,-8.520041465759277,-17.6765193939209,-1.8763904571533203,-1.6240488290786743,-6.349471092224121,-7.4844651222229,0.0931885689496994,0.10227873176336288,0.19277721643447876,0.2574453353881836,0.24465236067771912,0.22653719782829285,0.18319100141525269,0.15653137862682343,0.20421798527240753,0.26608753204345703,0.2563016712665558,0.1331947147846222,21.121366060999613,21.489443181758215,20.88017545367037,18.739944607824118,19.347999002936433,20.329522908734685,46.25772628119533,0.05947265625,1
-538.7633666992188,66.722412109375,-16.830236434936523,25.324077606201172,0.13500553369522095,-9.952428817749023,-13.326754570007324,-13.375734329223633,-22.026691436767578,-9.292681694030762,-7.3254241943359375,-6.0821614265441895,-6.9596710205078125,0.13441361486911774,0.19734658300876617,0.23175498843193054,0.1713082641363144,0.13435012102127075,0.084830142557621,0.07729393243789673,0.1400853991508484,0.2840583324432373,0.3523048460483551,0.3338077664375305,0.1968042552471161,20.179741412459794,23.29888838094372,22.251708554359535,19.510788971353065,19.773769141245086,21.53644693314651,48.79803785147398,0.05067983774038461,1
-564.78564453125,47.115081787109375,6.057209491729736,27.778499603271484,0.3759824335575104,1.1168557405471802,-12.279486656188965,-7.867452621459961,-19.435319900512695,-10.044779777526855,-11.823674201965332,-8.24788761138916,-5.759679317474365,0.21432387828826904,0.26018866896629333,0.3504977524280548,0.2600419521331787,0.13135497272014618,0.10150421410799026,0.1419040411710739,0.20487241446971893,0.22720344364643097,0.2115066647529602,0.2185492217540741,0.2127125859260559,19.263773212186475,19.675080782474243,20.912358438873927,17.237013570334796,19.875937622155877,19.98870948850295,48.70570917053074,0.08102463942307692,1
-553.660400390625,57.57859420776367,-17.977550506591797,14.496604919433594,2.0601577758789062,-4.596973419189453,-17.977500915527344,-8.40829849243164,-16.94998550415039,-7.316756725311279,-10.379826545715332,-6.492862701416016,-5.167473793029785,0.3874688148498535,0.35935789346694946,0.25997626781463623,0.14494718611240387,0.08105155825614929,0.07041393220424652,0.08215662837028503,0.12716785073280334,0.16127683222293854,0.18562448024749756,0.16923941671848297,0.21965765953063965,15.645357212574662,21.020653004080494,23.121477333372948,18.59703840938109,20.2171160218985,19.806717426889108,46.7944622157182,0.0707744891826923,1
-606.8336181640625,28.394702911376953,-10.70978832244873,18.794580459594727,0.7763027548789978,2.3156282901763916,-12.983586311340332,-4.384571075439453,-8.341459274291992,-2.7090368270874023,-3.3429338932037354,-3.271488666534424,-1.9259498119354248,0.10237912088632584,0.06363930553197861,0.0617661327123642,0.07853560894727707,0.0915321558713913,0.11853789538145065,0.1594734638929367,0.16030654311180115,0.1710961014032364,0.1819697767496109,0.17445068061351776,0.1405053734779358,23.641468504438624,23.941915073647014,23.148505487655445,22.21620122452756,22.515040659074266,22.605528898318994,40.846951718340506,0.04961313100961538,1
-543.4375610351562,69.11876678466797,-18.58116340637207,14.809483528137207,-10.813892364501953,0.8889967799186707,-11.113951683044434,-8.27880859375,-21.07632064819336,-3.9131736755371094,-4.575030326843262,-6.223474025726318,-6.8445844650268555,0.14031487703323364,0.2056160867214203,0.23329657316207886,0.1841598004102707,0.16029393672943115,0.15416567027568817,0.21452979743480682,0.2661433517932892,0.32907962799072266,0.2712455689907074,0.18538016080856323,0.12605157494544983,19.570182678221933,21.136546003112066,21.034681244990345,18.83484900487314,18.939418857751683,20.253977322880406,48.817209157214826,0.07418118990384616,1
-620.1488037109375,62.88191604614258,-0.38346558809280396,11.402015686035156,-3.779543399810791,12.96900463104248,-7.8080058097839355,-2.362352132797241,-16.57355499267578,-4.490309715270996,-4.979058742523193,-6.469085693359375,-3.1162805557250977,0.13765887916088104,0.2156318575143814,0.3503545820713043,0.24045275151729584,0.15909443795681,0.12546810507774353,0.1942540556192398,0.2674310803413391,0.28535839915275574,0.2399984747171402,0.20399533212184906,0.1408631056547165,21.47371000178198,18.661802375186465,18.501896469538746,18.670424315543382,18.56834548718812,18.869411215556536,49.25229848483789,0.08640700120192307,1
-528.5502319335938,67.67720794677734,-19.436565399169922,21.03839874267578,-8.263936996459961,2.4876811504364014,-14.39006519317627,-11.454254150390625,-17.77102279663086,-4.264505863189697,-8.243021011352539,-1.7487412691116333,-5.557776927947998,0.10739801824092865,0.10393155366182327,0.1796402484178543,0.2295953333377838,0.181805819272995,0.1495959758758545,0.20194445550441742,0.29024893045425415,0.29652297496795654,0.36445459723472595,0.26427268981933594,0.14864449203014374,21.485326584958596,21.155883460015314,21.50770162078491,19.756614147032906,20.044527346837793,21.194081438383854,50.46580734477049,0.07995417668269231,1
-586.2910766601562,28.360654830932617,-5.204893589019775,28.10805320739746,2.075131893157959,2.113295078277588,-13.260494232177734,-2.237332344055176,-14.004655838012695,-9.772506713867188,-10.521538734436035,-5.811404705047607,-4.985445499420166,0.09179142117500305,0.09560354799032211,0.15689918398857117,0.21046029031276703,0.1706080436706543,0.12292104214429855,0.11748259514570236,0.1803017407655716,0.2733498215675354,0.3070884943008423,0.26945868134498596,0.15331977605819702,20.605776367475464,21.127081912297516,21.082801382709423,18.064285269718464,20.528687238993772,21.269905094774575,46.12612718904873,0.09572190504807693,1
-614.4240112304688,47.00553512573242,-10.729754447937012,21.901514053344727,-4.141881465911865,7.3714423179626465,-16.065168380737305,-3.0600686073303223,-13.761918067932129,0.4816085994243622,-7.264358997344971,-3.79103684425354,1.0116342306137085,0.13822363317012787,0.12944023311138153,0.23922908306121826,0.1744549423456192,0.12442021071910858,0.09770870208740234,0.14058707654476166,0.2503974437713623,0.341777503490448,0.356425017118454,0.33743277192115784,0.27005916833877563,20.289895205080732,19.59771647488114,19.45075512527347,17.487730273635506,19.117522355105645,19.327687791650234,50.91006975527385,0.11156850961538461,1
-584.639892578125,57.99679183959961,-10.410186767578125,29.10410499572754,4.079670429229736,1.514512538909912,-15.376462936401367,-7.889035224914551,-15.579574584960938,-5.074613571166992,-5.443282604217529,-6.391600608825684,-3.6358468532562256,0.13614951074123383,0.12714692950248718,0.13612164556980133,0.20456036925315857,0.2962754964828491,0.28140223026275635,0.18282479047775269,0.203057661652565,0.23296047747135162,0.2609166204929352,0.2344091236591339,0.17164108157157898,22.299730695187865,20.844290708143465,21.845682268876246,18.218176374324035,19.127999577203298,19.74895257485292,49.49448751156575,0.06430288461538461,1
-544.79833984375,51.01114273071289,-8.971464157104492,26.348390579223633,-1.7307875156402588,4.185880661010742,-20.392995834350586,-5.812286853790283,-19.831417083740234,-10.103819847106934,-8.792399406433105,-6.823678016662598,-5.491596221923828,0.24131552875041962,0.18458962440490723,0.12496446818113327,0.1163695752620697,0.09735733270645142,0.07876954972743988,0.1322663128376007,0.22262902557849884,0.2296924591064453,0.2542877197265625,0.3004738986492157,0.3223520517349243,19.928707301413088,21.193332631317766,22.474103703122818,18.437175340906556,20.012187770412858,19.597612094507852,51.270155457701996,0.08750751201923077,1
-546.0034790039062,70.6694564819336,-22.825075149536133,11.495498657226562,-3.5332911014556885,2.065910816192627,-12.202738761901855,-8.95598030090332,-19.488374710083008,-5.7174296379089355,-5.84765625,-6.129970073699951,-7.554164409637451,0.17336009442806244,0.21311287581920624,0.17369335889816284,0.1009814515709877,0.10375957936048508,0.15166518092155457,0.13566160202026367,0.1639210283756256,0.27911946177482605,0.3496927320957184,0.3045111894607544,0.2229013293981552,19.619773431323825,23.699651157117458,22.586284514990183,20.579664063846923,21.362866256586535,20.750267514072693,49.859474111483514,0.05929236778846154,1
-529.4646606445312,64.98751068115234,-10.915435791015625,13.935909271240234,-4.2054009437561035,-1.4042762517929077,-11.039263725280762,-10.90760612487793,-19.894004821777344,-8.703607559204102,-5.075192928314209,-4.30652379989624,-6.286995887756348,0.12022114545106888,0.14008009433746338,0.2707515358924866,0.25692984461784363,0.20408746600151062,0.2179017961025238,0.18617463111877441,0.18888041377067566,0.1915576308965683,0.17855575680732727,0.26122501492500305,0.1955583691596985,22.618369206603873,23.98754778840759,22.53468656881684,21.753866595241867,20.82182854998671,20.688210078243266,50.75357096559837,0.05854116586538462,1
-572.2761840820312,66.31529235839844,-14.01093578338623,26.078975677490234,-7.9171295166015625,1.8657020330429077,-14.529211044311523,-6.461182117462158,-18.63402557373047,-9.042155265808105,-8.018010139465332,-6.964433193206787,-6.634154796600342,0.10429306328296661,0.09570296108722687,0.08750373125076294,0.11468297988176346,0.09130159020423889,0.06704062968492508,0.08541295677423477,0.15485434234142303,0.26359042525291443,0.4560127258300781,0.4253263771533966,0.23593364655971527,19.27833024493441,23.20909912994043,23.106065384942667,18.22797461099399,19.932021003786186,20.087247262492276,49.478015105522395,0.06096379206730769,1
-492.3568420410156,43.59993362426758,-3.1877427101135254,15.246994972229004,6.483032703399658,-11.085770606994629,-14.752552032470703,-9.572429656982422,-13.228121757507324,-13.087756156921387,-9.396790504455566,-5.140948295593262,-7.222797870635986,0.17890425026416779,0.2927081882953644,0.3223595917224884,0.2757869064807892,0.19862036406993866,0.09607232362031937,0.09057535231113434,0.10317742824554443,0.12277619540691376,0.14979806542396545,0.1675778478384018,0.15583555400371552,19.742532859758562,23.94133574873822,23.21262949822305,19.833160794849434,21.758272847649636,21.03428895264936,49.866345471489204,0.05161884014423077,1
-624.5611572265625,56.139610290527344,-2.3374862670898438,18.988224029541016,3.35003399848938,-4.9487080574035645,-14.347597122192383,-3.138422966003418,-13.28358268737793,-7.013052940368652,-6.842363357543945,-3.860225200653076,-3.0681564807891846,0.16666589677333832,0.19257858395576477,0.23741720616817474,0.22427591681480408,0.15881548821926117,0.120337575674057,0.07461996376514435,0.10654331743717194,0.18886905908584595,0.24046291410923004,0.1742812693119049,0.15017955005168915,21.929499021094376,21.86818247350395,22.260130014618483,19.74644823053433,20.654012017283485,21.04240534132558,45.10409385305868,0.03312049278846154,1
-594.0673217773438,54.267578125,-19.185239791870117,37.894771575927734,-3.31943416595459,0.6643256545066833,-20.783401489257812,-4.0382466316223145,-19.565874099731445,-8.198974609375,-9.485071182250977,-5.185828685760498,-2.7286479473114014,0.33119016885757446,0.3049994707107544,0.18149907886981964,0.10187000781297684,0.09566733986139297,0.0668366551399231,0.07470685243606567,0.1520298421382904,0.18810990452766418,0.27617380023002625,0.284697026014328,0.2836715877056122,17.678860993333775,23.293027990223177,24.145813544092253,18.706910449870577,20.55061134567887,20.578159162157593,51.19677580573039,0.062244591346153844,1
-610.60205078125,46.296287536621094,-4.357970237731934,19.249515533447266,-0.11129394173622131,3.5969178676605225,-13.469170570373535,-5.051260948181152,-17.427383422851562,-8.503320693969727,-8.137629508972168,-4.994197845458984,-2.220740795135498,0.2719172537326813,0.42392340302467346,0.23742878437042236,0.1469101905822754,0.09619752317667007,0.08063660562038422,0.060952238738536835,0.10739684104919434,0.15949293971061707,0.20102113485336304,0.2466925084590912,0.177659273147583,17.34001243464311,22.394851259874617,22.429804422376552,19.62088645093419,19.96949920002876,19.960807939807406,50.09653587860862,0.09517352764423077,1
-587.1175537109375,71.50711822509766,-13.48421573638916,31.328529357910156,-2.3396143913269043,1.1511597633361816,-10.438166618347168,-9.20565414428711,-21.858789443969727,-5.555780410766602,-7.755265712738037,-7.382602691650391,-5.739933490753174,0.10592595487833023,0.1348787546157837,0.18062463402748108,0.233359694480896,0.2174910604953766,0.20515671372413635,0.26519277691841125,0.24370674788951874,0.20799142122268677,0.27414652705192566,0.18437016010284424,0.09981042891740799,23.521751413124036,20.727646091429918,20.735916663496642,17.827521688707503,19.612251237925157,19.383588781533604,50.052905769588286,0.05362830528846154,1
-581.2971801757812,59.650089263916016,-10.3204984664917,14.511958122253418,-0.3152939975261688,4.8991875648498535,-18.017683029174805,-9.583503723144531,-22.456897735595703,-2.7223596572875977,-4.2586798667907715,-7.113948345184326,-5.178537845611572,0.09900952130556107,0.06241760402917862,0.06309601664543152,0.10713967680931091,0.12129299342632294,0.07944928854703903,0.11629803478717804,0.16498392820358276,0.2680312395095825,0.4059336483478546,0.37057238817214966,0.26361986994743347,18.908313742003696,24.649559249431974,24.336318781441534,20.333886589445363,20.096918882394505,20.883210639179048,49.83803292608688,0.084228515625,1
-504.6878662109375,53.988285064697266,-7.913783550262451,8.508190155029297,-2.247598648071289,-3.0296218395233154,-12.210819244384766,-10.347801208496094,-17.208538055419922,-7.637638092041016,-5.3007426261901855,-6.160371780395508,-9.309833526611328,0.1423177272081375,0.09507934004068375,0.14543069899082184,0.18055418133735657,0.1448589414358139,0.14831016957759857,0.2545205354690552,0.22405484318733215,0.1824866384267807,0.18292593955993652,0.17633606493473053,0.20625998079776764,22.692951700087733,24.35986777843462,23.814767437862322,21.19331472888125,21.396202894726127,21.969417162361623,51.32521297804529,0.059059495192307694,1
-550.0640258789062,63.883060455322266,-20.974811553955078,19.923152923583984,-1.7053295373916626,-1.9553568363189697,-16.099308013916016,-9.139392852783203,-16.66339111328125,-9.311622619628906,-8.694855690002441,-3.3040850162506104,-5.3748602867126465,0.1808176338672638,0.1403150111436844,0.11067292094230652,0.08657576888799667,0.07727203518152237,0.11076704412698746,0.14910925924777985,0.18009719252586365,0.21862564980983734,0.294341117143631,0.3522755205631256,0.2923411726951599,19.590894963110305,22.364926020267024,21.44570396657709,18.905248391996253,19.153925031493525,20.793163144141307,48.40256399910539,0.06923076923076923,1
-521.6721801757812,51.00307846069336,-7.930904388427734,21.13340950012207,1.0859984159469604,-4.330025672912598,-15.911450386047363,-10.38448429107666,-17.619117736816406,-12.232070922851562,-9.259737968444824,-5.11345100402832,-8.608100891113281,0.1958065927028656,0.22030894458293915,0.27016735076904297,0.2484302818775177,0.2362344115972519,0.18611761927604675,0.12658922374248505,0.14014296233654022,0.17354805767536163,0.24448201060295105,0.2478516846895218,0.2167094200849533,17.735801745562984,23.20331997300895,22.613468031201478,19.650953370918955,21.12879205094732,20.43327146666774,49.3116306697761,0.07222430889423077,1
-526.8435668945312,52.44704055786133,-8.58006477355957,25.76998519897461,3.539196729660034,-2.588535785675049,-16.320026397705078,-9.114035606384277,-19.107275009155273,-10.716849327087402,-9.747519493103027,-6.933220386505127,-7.738452911376953,0.209158256649971,0.23673880100250244,0.15908439457416534,0.10567038506269455,0.061493273824453354,0.08800261467695236,0.17126186192035675,0.23529118299484253,0.28313323855400085,0.27255263924598694,0.2198374718427658,0.16837827861309052,20.751362034920426,24.93524010447399,23.726140820099275,19.65278949017886,21.10825840147166,21.92248078521233,50.93791703818999,0.06458458533653846,1
-566.3336791992188,53.64274215698242,-5.388425827026367,33.892677307128906,6.362975120544434,-6.376044273376465,-11.338114738464355,-7.976385116577148,-18.302576065063477,-11.809130668640137,-11.09630012512207,-6.477006435394287,-6.435196399688721,0.13811807334423065,0.06507104635238647,0.07480547577142715,0.18130360543727875,0.19421082735061646,0.10997112095355988,0.15199972689151764,0.2826634347438812,0.22704075276851654,0.1978868693113327,0.2467622607946396,0.14698933064937592,20.766486258470866,22.17800334738519,23.485594588305105,19.113340867250827,20.39493028463913,19.79574130278411,48.331601502356406,0.04569185697115385,1
-548.2988891601562,65.22064208984375,-9.736907958984375,17.378232955932617,-1.9966481924057007,-2.8961875438690186,-8.140487670898438,-5.584134578704834,-18.247312545776367,-8.485119819641113,-5.490276336669922,-4.216844081878662,-6.476848125457764,0.13376103341579437,0.1802513748407364,0.23168174922466278,0.2556287348270416,0.18831419944763184,0.16905637085437775,0.20033225417137146,0.15160858631134033,0.19326800107955933,0.23439505696296692,0.24322722852230072,0.16020646691322327,21.390599650750495,22.735090234315884,20.784520536176437,19.54190990377987,19.207406508859137,21.349177755690814,48.95396401532316,0.06515549879807692,1
-607.7234497070312,44.43449401855469,-2.532670021057129,33.55017852783203,3.648695707321167,7.955819129943848,-21.57037925720215,-2.5396599769592285,-15.175015449523926,-6.540645599365234,-10.465726852416992,-9.014909744262695,-2.9333786964416504,0.09292302280664444,0.06094059720635414,0.10387005656957626,0.19236275553703308,0.2199667990207672,0.1998916119337082,0.1834002435207367,0.2926921248435974,0.33875343203544617,0.31082290410995483,0.265872061252594,0.1817896068096161,21.317094877518915,20.85929480992515,22.531633279542515,17.761963310720333,19.855667104577215,20.476498149986387,52.1462610210713,0.11188401442307692,1
-581.34814453125,50.01185607910156,-10.453553199768066,34.514408111572266,-2.1039633750915527,4.158831596374512,-18.643165588378906,-3.836636781692505,-19.65680503845215,-6.4408860206604,-6.401854515075684,-6.5461812019348145,-7.096460819244385,0.19068783521652222,0.1657959371805191,0.19045878946781158,0.19012615084648132,0.15483778715133667,0.12238524109125137,0.19054649770259857,0.3347311317920685,0.2747611701488495,0.23021715879440308,0.23477879166603088,0.18215852975845337,20.788382035512537,20.191585117959477,20.848442495979597,16.64909128792461,19.05643636563628,18.610546412341378,49.36607910560228,0.08487830528846153,1
-537.3621215820312,71.49591064453125,-18.74022674560547,27.686019897460938,-2.321465253829956,-2.1346778869628906,-20.633255004882812,-14.164416313171387,-23.672449111938477,-10.203475952148438,-12.626906394958496,-5.739496231079102,-5.649881839752197,0.19164685904979706,0.20035701990127563,0.19038671255111694,0.16834130883216858,0.12389115244150162,0.10224728286266327,0.13568270206451416,0.2368190884590149,0.22969569265842438,0.2221715897321701,0.24162445962429047,0.17829230427742004,21.940135259985645,21.93265902409711,23.70015609886005,20.03188710784184,20.992224639972513,22.42795361607003,49.77960821142556,0.06903170072115385,1
-517.044189453125,66.99996948242188,-22.08000373840332,18.007740020751953,-14.182031631469727,2.850123882293701,-18.301542282104492,-6.350680351257324,-21.227773666381836,-3.934053421020508,-7.512990951538086,-7.697866439819336,-6.021806240081787,0.22517447173595428,0.15470406413078308,0.11816444247961044,0.13986268639564514,0.16669462621212006,0.23809587955474854,0.20317691564559937,0.16376715898513794,0.1801709681749344,0.22059442102909088,0.2549479901790619,0.2715657651424408,21.797429723374435,19.43539942289629,20.742897086540925,18.118205472386503,18.89885390665132,19.880598795574887,50.75444955211171,0.07383939302884615,1
-535.170166015625,51.0656623840332,-6.33668851852417,26.494522094726562,-1.1179548501968384,-0.37782105803489685,-16.357248306274414,-9.416183471679688,-17.112010955810547,-8.135385513305664,-7.817327976226807,-4.914029598236084,-3.1370911598205566,0.19257721304893494,0.17699359357357025,0.22921158373355865,0.22682444751262665,0.17900075018405914,0.23022741079330444,0.22523164749145508,0.20526310801506042,0.20626184344291687,0.2690458297729492,0.2673918902873993,0.224411278963089,19.837968507419337,19.673584266333556,20.61423979855522,17.807504463655622,18.509890634736752,19.57162913572204,47.59612251518226,0.08312800480769231,1
-595.5537109375,59.78082275390625,-10.017812728881836,39.13665771484375,5.160837650299072,0.955788254737854,-19.919898986816406,-6.809755325317383,-21.090730667114258,-8.677727699279785,-12.92027759552002,-7.582111358642578,-3.6781978607177734,0.10501458495855331,0.11668721586465836,0.1379103660583496,0.14782974123954773,0.14384183287620544,0.15295013785362244,0.25115710496902466,0.426474004983902,0.3395477533340454,0.20020340383052826,0.1355026513338089,0.09401407837867737,22.038466443195283,19.028760944294216,21.020512814956422,17.007798487198926,19.003486431387177,19.099816638304283,48.75000814194881,0.0663311298076923,1
-532.0792236328125,62.6687126159668,-14.894798278808594,12.94570541381836,1.5227099657058716,-5.355902671813965,-19.305448532104492,-11.016812324523926,-18.29231071472168,-3.4916834831237793,-5.025472640991211,-7.273976802825928,-5.684886932373047,0.1361583024263382,0.21453134715557098,0.2767559289932251,0.22932033240795135,0.22584819793701172,0.2340409904718399,0.14172407984733582,0.13790661096572876,0.18555548787117004,0.22481600940227509,0.1871195286512375,0.15740974247455597,21.213953795921036,24.486404627121317,23.187378885397674,20.1233331876027,20.62952074467317,22.07203892222646,50.150712995211904,0.05884540264423077,1
-545.2473754882812,57.6328125,-20.427631378173828,15.70781421661377,-7.028878211975098,-4.367466449737549,-15.546449661254883,-5.4003095626831055,-13.25476360321045,-3.593566417694092,-5.335536956787109,-0.7043271064758301,-2.2632715702056885,0.144282728433609,0.20237338542938232,0.2606366276741028,0.2559596300125122,0.1971084028482437,0.19783809781074524,0.2905057966709137,0.3022949993610382,0.32846856117248535,0.36037516593933105,0.26816609501838684,0.1559656411409378,21.761583889404623,17.952473533214064,20.634813997959814,18.180839077100348,18.87134214525948,20.978559047405852,50.62155493244417,0.11602313701923077,1
-550.33740234375,69.9844970703125,-15.056897163391113,19.083396911621094,-1.0569777488708496,-11.923827171325684,-13.670023918151855,-8.705350875854492,-16.769603729248047,-9.799232482910156,-7.913825035095215,-3.8669676780700684,-5.014719009399414,0.10019394755363464,0.16591675579547882,0.26076823472976685,0.28133389353752136,0.2845439016819,0.1808551400899887,0.1195511668920517,0.1835893839597702,0.1660327911376953,0.15187132358551025,0.20425498485565186,0.13588693737983704,21.255969532773136,22.164542417830777,22.475753284622883,20.279073420207837,20.226843222411887,20.504856048074796,49.57250650289937,0.04561298076923077,1
-565.1298217773438,28.227073669433594,-10.579734802246094,28.017337799072266,-3.165874719619751,-2.2252182960510254,-6.214328289031982,-5.401667594909668,-12.825837135314941,-7.507293701171875,-10.893773078918457,-5.698215007781982,-6.474729061126709,0.20911331474781036,0.18644672632217407,0.20909874141216278,0.224825918674469,0.22217422723770142,0.25236329436302185,0.3038581311702728,0.3275410234928131,0.2922930121421814,0.3869902789592743,0.408577561378479,0.32726186513900757,19.59814952204804,18.907626015173552,20.36603234036795,17.34246423397999,19.418592669765648,20.196066415099818,48.07103783168406,0.13280874399038461,1
-586.42041015625,74.33064270019531,-15.895474433898926,16.89742660522461,-0.5118911862373352,-1.84932541847229,-12.176395416259766,-8.428363800048828,-23.432775497436523,-5.910926342010498,-1.7515373229980469,-3.1891705989837646,-5.193795204162598,0.1409694105386734,0.13662086427211761,0.16121543943881989,0.19185781478881836,0.2426634132862091,0.15724223852157593,0.13664762675762177,0.20379695296287537,0.23889808356761932,0.24145342409610748,0.16321620345115662,0.16555346548557281,20.855350786126476,21.99220122539152,21.442952501614315,18.49569410204339,19.546148710492623,20.35502106000751,47.630927245861855,0.0746319110576923,1
-557.1951904296875,56.91799545288086,-2.86598539352417,26.58172035217285,0.2994200587272644,-5.607426166534424,-5.353569984436035,-6.089178562164307,-15.8584623336792,-12.6716890335083,-13.279791831970215,-9.388339042663574,-9.21917724609375,0.1196863204240799,0.14596149325370789,0.23347784578800201,0.23677986860275269,0.15298014879226685,0.07678033411502838,0.07346133142709732,0.13270260393619537,0.2574891149997711,0.3183690309524536,0.24885186553001404,0.17625874280929565,21.43559598604425,23.83846239765276,21.698423066211014,18.655791455057773,21.671417889900138,20.392318822065445,48.67891899467048,0.04438100961538462,1
-643.815673828125,33.1179313659668,-4.616801738739014,16.4527587890625,0.5245369672775269,7.862803936004639,-8.122673988342285,-3.6674423217773438,-6.527535438537598,-3.304702043533325,-5.69706916809082,-6.912116050720215,-3.632929801940918,0.23097610473632812,0.2426050454378128,0.19770751893520355,0.22557127475738525,0.24991853535175323,0.19232384860515594,0.1484176218509674,0.21211495995521545,0.31776008009910583,0.44609305262565613,0.2953161895275116,0.23884493112564087,16.931528314432565,18.711407578458637,18.583843414948287,16.738758389422074,17.812997720625937,16.856050397198654,46.7081039136026,0.10316631610576923,1
-563.1493530273438,68.89856719970703,-7.362863063812256,12.871969223022461,-6.341915130615234,-0.9742466807365417,-9.785813331604004,-7.98504638671875,-21.894180297851562,-12.816888809204102,-9.530525207519531,-7.554349899291992,-6.295925617218018,0.20399808883666992,0.1484634131193161,0.17166456580162048,0.15630848705768585,0.12031074613332748,0.14556166529655457,0.14250591397285461,0.11712747812271118,0.1524871587753296,0.33125442266464233,0.4052676856517792,0.32597750425338745,19.118426765859077,23.172295255936287,22.98135502344936,20.885135646549013,20.155018791966153,20.966060306001648,49.265740021655596,0.06052058293269231,1
-557.053466796875,61.916873931884766,-7.2841477394104,12.233580589294434,-7.664628028869629,3.1605985164642334,-12.486682891845703,-6.672911643981934,-21.650541305541992,-5.699261665344238,-8.195228576660156,-7.934730052947998,-6.860755920410156,0.183707132935524,0.20319117605686188,0.21042490005493164,0.19153465330600739,0.21993160247802734,0.22959338128566742,0.15575464069843292,0.1552860587835312,0.21323056519031525,0.2593388557434082,0.23420265316963196,0.22076408565044403,18.768430049195672,20.207998385243407,20.08208353560979,17.736776340844504,17.818438277622764,19.161796799995837,47.18828959730207,0.07351637620192308,1
-582.1765747070312,46.94096755981445,-2.643117666244507,13.45926570892334,-14.152688980102539,2.102156639099121,-9.32359790802002,-3.928953170776367,-13.72154712677002,-5.809207916259766,-5.13197660446167,-2.656157970428467,-2.165860652923584,0.12810897827148438,0.09127813577651978,0.13134969770908356,0.22318527102470398,0.2120085507631302,0.13715073466300964,0.15133598446846008,0.19503018260002136,0.27891531586647034,0.40008464455604553,0.31817305088043213,0.1926322877407074,19.842817003307957,21.46546909028532,21.001981941517364,20.0448661734042,19.064246226495605,19.730286463656025,49.39521416769374,0.10296349158653846,1
-617.7601928710938,42.52326202392578,-4.859920024871826,8.357982635498047,-1.6603807210922241,0.558070957660675,-6.758152008056641,-6.263374328613281,-14.145965576171875,-6.2720160484313965,-4.756326198577881,-4.99570894241333,-4.24505615234375,0.12118938565254211,0.1637086570262909,0.23223748803138733,0.35322725772857666,0.3269398510456085,0.16506190598011017,0.10384248197078705,0.07647329568862915,0.07486987113952637,0.0805726870894432,0.08358921110630035,0.09962255507707596,19.19117443993561,21.913934677175433,22.495804843410433,20.275176584472433,20.08981317793996,20.549307008175713,41.14589706514139,0.037744140625,1
-600.485107421875,31.759374618530273,-4.765410900115967,16.814664840698242,-3.7011306285858154,5.504312992095947,-13.13764762878418,-3.04002046585083,-12.409354209899902,-3.3574678897857666,-5.0476975440979,-2.1376500129699707,-1.734115719795227,0.23170648515224457,0.25431618094444275,0.23809172213077545,0.21034929156303406,0.18027828633785248,0.23627175390720367,0.1802680641412735,0.1489812731742859,0.25901076197624207,0.32051974534988403,0.34726494550704956,0.29297158122062683,17.01798693616166,19.53783950126536,19.696520246368188,17.440255292778467,17.775972411772777,17.59880996565881,48.310476065636294,0.10447340745192307,1
-564.404296875,68.18866729736328,-12.03464126586914,13.430863380432129,-0.8844681978225708,-3.232083320617676,-15.198293685913086,-7.88067626953125,-16.351486206054688,-4.485166549682617,-6.3244948387146,-6.179173946380615,-6.104895114898682,0.16741040349006653,0.06947086751461029,0.08397020399570465,0.14173802733421326,0.13008299469947815,0.0757264494895935,0.09440679848194122,0.1583247184753418,0.2703278362751007,0.4201153516769409,0.34665393829345703,0.2940017879009247,19.501752164113622,22.037421266648845,21.851197547317522,20.22860625181126,20.062510825564004,20.6967423835085,48.60841161538382,0.067822265625,1
-577.688232421875,58.8026008605957,-9.046786308288574,23.48444938659668,-4.32318115234375,6.042114734649658,-12.898162841796875,-7.48021936416626,-18.108306884765625,-11.819690704345703,-10.103742599487305,-4.032814025878906,-4.11686372756958,0.22245989739894867,0.17057202756404877,0.19175633788108826,0.1835246980190277,0.1137627586722374,0.09544418752193451,0.13067103922367096,0.1755705326795578,0.2625763714313507,0.31361666321754456,0.275806725025177,0.2528936564922333,18.915153385125247,20.35805898081693,22.51064291649614,18.87763218445644,18.954612018429927,19.101073015930115,49.12299546456869,0.08210261418269231,1
-550.7113037109375,22.052143096923828,-2.6966238021850586,29.532432556152344,-12.12397575378418,7.322020530700684,-18.741140365600586,4.536708831787109,-6.706119060516357,-2.5986783504486084,-5.086441993713379,-5.94143533706665,-2.7901766300201416,0.2787315547466278,0.29076212644577026,0.29920682311058044,0.2695509195327759,0.2689267694950104,0.25811222195625305,0.2530539035797119,0.25465983152389526,0.2839420735836029,0.32185930013656616,0.3312104642391205,0.26803669333457947,19.714917395813266,17.883181294498936,18.854268926373635,17.072080295166682,18.83779864728009,19.388665988054115,50.047393001062616,0.17098858173076922,1
-543.6903076171875,65.60055541992188,-23.773298263549805,38.03318405151367,-18.38481903076172,6.816317558288574,-31.882057189941406,8.849285125732422,-12.657999992370605,-2.896062135696411,-11.01292610168457,-5.480586051940918,-2.356968641281128,0.2036789506673813,0.13162946701049805,0.0905710756778717,0.1391327828168869,0.313015878200531,0.4391363859176636,0.2678167521953583,0.1263076364994049,0.15123595297336578,0.17631439864635468,0.1297444850206375,0.17414161562919617,24.02526773594981,19.606253555184374,21.035907827318017,17.972767200225615,18.241225963076722,16.95844648171036,51.95797513318072,0.07565354567307692,1
-471.03009033203125,56.83534240722656,-4.713003635406494,33.446014404296875,-32.35786056518555,21.055768966674805,-29.82146453857422,0.9068753719329834,-9.891911506652832,-2.0185742378234863,-10.52276611328125,-4.619638442993164,-2.112602710723877,0.14309275150299072,0.14021866023540497,0.17604337632656097,0.21319599449634552,0.31794077157974243,0.37950271368026733,0.23519229888916016,0.20121262967586517,0.26966601610183716,0.2707197368144989,0.22675162553787231,0.16971009969711304,22.536760484916332,18.011967057908883,18.13931264695052,16.434362727957005,17.990893727771667,16.826325093764336,52.27504599782059,0.10342923677884615,1
-528.3397827148438,61.99918746948242,-11.691020965576172,45.69611358642578,-6.955915927886963,-10.703573226928711,-20.72943115234375,1.98773992061615,-13.827909469604492,-2.9165539741516113,-11.86628246307373,-4.824403285980225,-7.706916809082031,0.09438405930995941,0.13172972202301025,0.17211134731769562,0.15838412940502167,0.21053069829940796,0.30807358026504517,0.3815293610095978,0.27181345224380493,0.20205263793468475,0.1714334636926651,0.14081944525241852,0.14033961296081543,24.941803739124644,21.31392394829652,19.24884935030816,17.63428074852743,19.692725685811652,21.091550178301024,50.1728671551317,0.06771709735576924,1
-542.6738891601562,70.62837982177734,-9.513045310974121,21.74750518798828,-23.698257446289062,16.614944458007812,-27.70823860168457,13.804883003234863,-9.023361206054688,-2.1560277938842773,-2.8806309700012207,-5.4915924072265625,-4.758489608764648,0.13965214788913727,0.14908982813358307,0.17579440772533417,0.21609973907470703,0.2916150987148285,0.342846155166626,0.29526498913764954,0.26176750659942627,0.28146257996559143,0.2670678198337555,0.19168321788311005,0.16188359260559082,22.195603271916607,17.261072775042926,16.7401434942102,16.85826451568159,16.825705479010512,19.028465152087552,49.911851837495206,0.11485877403846154,1
-522.1268310546875,58.89259338378906,-10.013633728027344,27.496980667114258,-19.559255599975586,11.351009368896484,-20.298385620117188,6.526113510131836,-13.33555793762207,-0.3782137334346771,-4.877110958099365,-8.31479549407959,-3.776397705078125,0.1702956259250641,0.1739712953567505,0.19988609850406647,0.26536086201667786,0.32438746094703674,0.2466115802526474,0.26049280166625977,0.28956252336502075,0.3089570999145508,0.2646295726299286,0.20581331849098206,0.18082588911056519,22.497527230357356,16.72421361974497,17.99161724886079,16.835867937459234,17.336436505629226,18.420698592630448,50.357220623235904,0.12677283653846153,1
-483.782958984375,49.72547912597656,-13.449748039245605,41.99034881591797,-9.606526374816895,1.3946099281311035,-27.584577560424805,7.079219818115234,-16.27777671813965,-4.490594863891602,-9.8162202835083,-10.955277442932129,-6.935680389404297,0.15040291845798492,0.10059564560651779,0.13032937049865723,0.18901261687278748,0.27979108691215515,0.26670143008232117,0.24491406977176666,0.20239736139774323,0.21985839307308197,0.22451266646385193,0.23520807921886444,0.28851062059402466,23.776335862367446,19.39164860135698,20.29268990690996,17.342859151852476,19.129518542511455,20.068036053338552,52.44459824405989,0.10922475961538461,1
-544.2070922851562,61.14216232299805,-18.2061824798584,37.50315475463867,-12.936922073364258,6.047262668609619,-27.857301712036133,4.567466735839844,-11.907391548156738,-2.8776462078094482,-8.49373722076416,-3.018867015838623,-1.0685815811157227,0.1442132443189621,0.1798325479030609,0.20957595109939575,0.1920614242553711,0.2516312897205353,0.3914462924003601,0.3021933436393738,0.26528558135032654,0.20107248425483704,0.15350328385829926,0.1528712958097458,0.16297557950019836,22.103316761382462,18.870562144716132,19.705221784914077,17.637381834665533,18.414166251009167,21.460300410777585,50.545035555767164,0.115771484375,1
-605.729248046875,45.944461822509766,-7.4425225257873535,31.53034019470215,-11.036541938781738,3.0448687076568604,-18.479028701782227,4.382565498352051,-10.788002967834473,0.40434321761131287,-2.98360276222229,-5.7538909912109375,-3.4343183040618896,0.10843326896429062,0.09969494491815567,0.14294221997261047,0.21060054004192352,0.24945026636123657,0.2802042067050934,0.24569571018218994,0.18950283527374268,0.19791638851165771,0.21148687601089478,0.1748264878988266,0.15065453946590424,21.544571826054682,17.59474989064105,17.415002805519542,16.121692628212273,17.58268586427002,18.03013460227333,43.05859559360413,0.07537560096153846,1
-548.7719116210938,72.89039611816406,-5.504902362823486,24.12807273864746,-12.80972957611084,-1.3426978588104248,-21.865657806396484,5.782882213592529,-13.664105415344238,0.551908552646637,-7.347644805908203,-6.276527404785156,-3.479487419128418,0.12991301715373993,0.14021499454975128,0.15250954031944275,0.22574178874492645,0.3105589747428894,0.32486236095428467,0.2203347384929657,0.1704893559217453,0.19173526763916016,0.16461361944675446,0.19211223721504211,0.17280422151088715,26.074413227103154,20.038405134813182,20.095781092161737,19.960178201259446,19.281543723839718,22.190701248048637,51.81888090729055,0.09583082932692308,1
-473.143798828125,57.36323547363281,-14.585796356201172,41.07292556762695,-14.790264129638672,-1.679784893989563,-26.592079162597656,-1.8245736360549927,-12.501564979553223,-0.5947568416595459,-8.291383743286133,-4.671453475952148,-6.803978443145752,0.12956732511520386,0.14705274999141693,0.17359349131584167,0.1422494798898697,0.19147233664989471,0.3827720582485199,0.3995877504348755,0.2230670303106308,0.18949063122272491,0.14953675866127014,0.13580802083015442,0.12261131405830383,24.60090082121601,17.923685827316778,19.458639650619528,16.723174102212898,18.841510420310065,18.88893597380334,50.180789191333304,0.0859637920673077,1
-526.88916015625,59.95750427246094,-5.4508233070373535,39.148929595947266,-19.862586975097656,0.5335519909858704,-26.897598266601562,6.023340702056885,-16.217920303344727,-2.83713698387146,-7.810624599456787,-5.820906162261963,-4.652003288269043,0.1514984667301178,0.09419380128383636,0.10862810164690018,0.1399444043636322,0.16705681383609772,0.21982567012310028,0.28007397055625916,0.30991652607917786,0.3864295780658722,0.30153709650039673,0.24300910532474518,0.23056204617023468,21.748008453632508,17.893637449683393,19.45326738908285,17.495253785892125,17.674604245171004,20.018514104349162,50.617120480216876,0.11055063100961539,1
-511.88250732421875,43.99654006958008,-18.328636169433594,29.9261531829834,-13.457113265991211,3.5646724700927734,-19.79084587097168,0.6626901626586914,-9.547832489013672,-2.846163749694824,-4.115853309631348,-2.6344308853149414,-4.423459529876709,0.13334059715270996,0.11010850220918655,0.11993566155433655,0.16721650958061218,0.28878912329673767,0.433378130197525,0.2793755531311035,0.26178449392318726,0.23150582611560822,0.1796695739030838,0.12674590945243835,0.11925149708986282,22.099928726990616,19.6775525345733,20.229980582119207,15.876626620142483,17.306435805695198,20.00550525477544,48.05895138175545,0.1181640625,1
-593.468994140625,40.41432571411133,-16.172704696655273,17.539133071899414,-17.713388442993164,11.417946815490723,-17.167232513427734,5.037281036376953,-12.238374710083008,2.8502182960510254,-2.726496458053589,-5.233159065246582,-3.6814887523651123,0.11274990439414978,0.09866277128458023,0.13321179151535034,0.16586829721927643,0.20361073315143585,0.24155007302761078,0.2380102127790451,0.24193619191646576,0.2319321632385254,0.2122926414012909,0.15960168838500977,0.11078987270593643,19.627026489925502,17.372473489974826,17.76205861847575,16.004798647952374,16.671194637318152,19.790624477561884,40.005533342753296,0.10280573918269231,1
-496.93707275390625,59.43217849731445,-15.914779663085938,36.16387939453125,-18.383596420288086,3.1693692207336426,-28.59357261657715,-2.6069729328155518,-14.92402458190918,-1.5493314266204834,-10.862874031066895,-7.700825214385986,-1.826683759689331,0.17113186419010162,0.15662144124507904,0.14854902029037476,0.15956556797027588,0.22800804674625397,0.31295454502105713,0.3010614812374115,0.2686091661453247,0.222517728805542,0.18436852097511292,0.23044319450855255,0.1613333374261856,23.803075017839483,17.787393139740008,19.25504504466004,18.179921113718283,18.11632167582387,20.478338378096193,51.287186660230894,0.11375826322115384,1
-508.6236267089844,39.77448272705078,-10.084406852722168,11.046850204467773,-11.63782024383545,4.794040203094482,-13.688920021057129,-1.654241681098938,-8.34443187713623,0.15079087018966675,-4.0210371017456055,-7.137735366821289,-7.6702752113342285,0.19157402217388153,0.14083291590213776,0.14046792685985565,0.19139643013477325,0.25692224502563477,0.21977679431438446,0.18875901401042938,0.28698742389678955,0.31969204545021057,0.3344042897224426,0.3687496483325958,0.3613792657852173,20.531513345386795,18.006541656976538,19.51179626272982,17.24694837362685,17.95268463175153,20.661877299638054,48.95081463197901,0.14271709735576923,1
-506.8540344238281,66.28423309326172,-19.52676010131836,33.56003189086914,-19.478864669799805,-3.367715835571289,-15.897855758666992,2.4792048931121826,-17.824596405029297,-2.7645585536956787,-9.548166275024414,-3.3999621868133545,-7.767021179199219,0.13326586782932281,0.10020247846841812,0.13539493083953857,0.19545958936214447,0.19722285866737366,0.20235484838485718,0.2078988254070282,0.3123909831047058,0.4131622314453125,0.3049820363521576,0.2100382149219513,0.15419869124889374,21.890111453736022,19.596481712303206,20.833386566932987,17.408394951491,19.42468558735837,19.671763772057524,49.735765839821816,0.08011944110576923,1
-523.3048095703125,50.134117126464844,-7.092649936676025,37.500572204589844,-8.397554397583008,6.7013750076293945,-24.14704704284668,3.418789863586426,-12.9136962890625,-3.6052639484405518,-6.3338446617126465,-4.7701239585876465,-4.491763114929199,0.10108388960361481,0.10478860139846802,0.12775616347789764,0.21839994192123413,0.3345496356487274,0.33163511753082275,0.2862088680267334,0.18829968571662903,0.18657250702381134,0.14328889548778534,0.1440570205450058,0.12208715081214905,22.819279560080776,19.600135747863106,17.271837802752383,16.71248687135229,18.135602930671734,19.692915003099458,50.59144741484531,0.09914362980769231,1
-521.9764404296875,40.14997482299805,-8.96407413482666,25.490259170532227,-14.955965042114258,10.925835609436035,-21.379636764526367,1.1915757656097412,-8.45593547821045,-1.785595178604126,-2.479707956314087,-7.14853572845459,-4.005978107452393,0.19206568598747253,0.21026340126991272,0.21946662664413452,0.2414117306470871,0.2426510453224182,0.2751801908016205,0.29643121361732483,0.25204208493232727,0.27921947836875916,0.32057899236679077,0.30109280347824097,0.2520979940891266,19.210712567745578,16.92275372349186,16.869931755648057,17.028380814850628,16.810970794214924,18.682038785883428,48.86956534536731,0.14679236778846153,1
-515.0740356445312,62.37725067138672,-18.249324798583984,32.6517333984375,-20.970420837402344,9.032549858093262,-27.202789306640625,6.071450233459473,-12.756219863891602,-1.2316622734069824,-7.553335189819336,-9.06742000579834,-5.8083062171936035,0.176695317029953,0.18035653233528137,0.1418902426958084,0.1615852415561676,0.2532618045806885,0.39729565382003784,0.3313441574573517,0.2094382345676422,0.20504680275917053,0.22960607707500458,0.18364983797073364,0.15186484158039093,23.531602354364907,18.320603842880534,17.80646958178166,17.16505017188588,17.5320088579618,19.577590815178386,50.716087665271765,0.10826697716346154,1
-531.3525390625,52.89756774902344,-10.983834266662598,39.81568145751953,-18.13458251953125,12.745746612548828,-35.68528366088867,5.74104118347168,-11.12012004852295,-2.3574535846710205,-8.440291404724121,-6.3027238845825195,-1.79843270778656,0.16051632165908813,0.15452611446380615,0.1253635436296463,0.1508898288011551,0.24408145248889923,0.3249373137950897,0.34389621019363403,0.30227553844451904,0.23011133074760437,0.1489233672618866,0.16002339124679565,0.18570534884929657,23.707997446257448,19.014894076908668,20.070711384581607,18.62823703944039,19.020145642139035,21.11375407862691,54.95300517840741,0.12303185096153846,1
-463.90142822265625,54.0672721862793,-16.842788696289062,17.14950180053711,-16.952728271484375,5.265503406524658,-27.155729293823242,-1.61849045753479,-17.07962417602539,-4.4326934814453125,-8.616727828979492,-7.438446521759033,-5.905980587005615,0.2652507722377777,0.29610979557037354,0.26508745551109314,0.1715608835220337,0.10935943573713303,0.1244121715426445,0.1493787318468094,0.1709504872560501,0.21243207156658173,0.24952809512615204,0.2541212737560272,0.3129649758338928,18.907129375985132,21.280252557262777,22.041004198813656,19.42200510492678,19.679313873117245,20.755992590140178,52.08089332623045,0.11221829927884615,1
-518.4887084960938,68.34346008300781,-16.086223602294922,34.48413848876953,-14.195467948913574,-2.6285014152526855,-19.829782485961914,4.807946681976318,-12.619403839111328,-1.1515148878097534,-4.023350238800049,-8.433915138244629,-8.75654411315918,0.10941512137651443,0.14600640535354614,0.1394634246826172,0.1881069839000702,0.29616838693618774,0.3765192925930023,0.3957923352718353,0.3609258234500885,0.2414444386959076,0.15268340706825256,0.15684197843074799,0.13345864415168762,25.29484168793707,19.294760410724145,19.57282337088654,18.01446721265783,18.531792758141414,19.084574869736972,50.00512369643755,0.07478966346153847,1
-499.3319091796875,49.18988800048828,-15.753996849060059,42.97869873046875,-20.784698486328125,5.232149124145508,-26.99195671081543,5.766106605529785,-16.57963752746582,-3.5726335048675537,-8.382562637329102,-8.518045425415039,-6.204660415649414,0.09985843300819397,0.06908257305622101,0.11219213902950287,0.20125369727611542,0.17969974875450134,0.20684552192687988,0.2705990970134735,0.3288465440273285,0.4696581959724426,0.34364888072013855,0.25113624334335327,0.1760271042585373,22.63149815946042,18.05160653306771,20.55784951233257,17.884624997211212,19.516834916341555,19.698222833638212,51.972640992656636,0.10870643028846154,1
-582.732421875,43.2982177734375,-20.75188636779785,19.090110778808594,-7.210288047790527,1.6712933778762817,-9.214941024780273,-1.7699698209762573,-5.062762260437012,-0.163399800658226,-5.144445896148682,-1.9201382398605347,-2.73185658454895,0.13554085791110992,0.11371894925832748,0.1435752958059311,0.18862159550189972,0.1645352691411972,0.1609339416027069,0.18342390656471252,0.16332396864891052,0.14741308987140656,0.1599932610988617,0.1768990159034729,0.18750520050525665,21.590950461691403,19.511471392379455,19.031855517498222,17.883736012066556,18.459388120785093,19.45534876573834,40.66317565946492,0.06671424278846154,1
-603.7064819335938,39.048553466796875,-13.606242179870605,15.976312637329102,-9.62764835357666,4.248412609100342,-12.34993839263916,-0.13691090047359467,-9.810134887695312,-0.5811996459960938,-3.794797420501709,-6.500890254974365,-3.2014451026916504,0.188297837972641,0.18828555941581726,0.13086681067943573,0.10990938544273376,0.12367472797632217,0.12805865705013275,0.14810602366924286,0.1737302541732788,0.19117441773414612,0.22815187275409698,0.23963803052902222,0.21548956632614136,15.855748034422561,15.324076629475964,16.407060290227747,15.805253520806813,15.569772650959413,16.812848433179628,35.95641058063129,0.08066781850961538,1
-451.73651123046875,49.32853317260742,-20.374252319335938,33.26945495605469,-23.175405502319336,-0.33942994475364685,-12.977781295776367,-2.540391445159912,-15.997639656066895,-5.303578853607178,-8.023858070373535,-8.021821975708008,-9.576983451843262,0.17443037033081055,0.1560564935207367,0.18591298162937164,0.17214958369731903,0.16064581274986267,0.243294820189476,0.3877981901168823,0.30233335494995117,0.21638746559619904,0.20185531675815582,0.22135262191295624,0.20604100823402405,22.509991734601687,20.610255970749648,22.007684505492545,18.325033549107115,20.273643940508556,19.514722608943636,51.780263986066686,0.0963604266826923,1
-523.267578125,67.46304321289062,-14.171916007995605,38.263301849365234,-19.15639305114746,7.269996166229248,-27.423337936401367,2.0812408924102783,-13.197927474975586,-8.092065811157227,-13.56145191192627,-8.81670093536377,-9.077017784118652,0.10443702340126038,0.10961638391017914,0.1416366696357727,0.20976880192756653,0.3443129062652588,0.3560812771320343,0.2798345685005188,0.23922771215438843,0.2104264348745346,0.1952221393585205,0.15368354320526123,0.11342877894639969,25.995544063363308,20.536417026096366,19.284583853313016,17.970771592038197,18.872647173301768,18.136350752476204,51.51708363361899,0.06418644831730769,1
-597.475830078125,45.91341018676758,-9.260869979858398,9.888460159301758,-16.282682418823242,1.1770904064178467,-9.161698341369629,1.5624921321868896,-6.946728706359863,-1.642633318901062,0.7989394068717957,0.21929238736629486,-1.7350883483886719,0.11354541033506393,0.1295238435268402,0.14581237733364105,0.1844295859336853,0.20816490054130554,0.2301289141178131,0.2087472379207611,0.13828040659427643,0.05894553288817406,0.061210997402668,0.12262572348117828,0.12467086315155029,19.289793820407382,15.815327754587802,15.975209804724626,16.42490746476663,16.343410795889373,16.58705733055741,34.54923078658996,0.0349609375,1
-538.0536499023438,46.87586975097656,-20.543733596801758,26.7851505279541,-15.525090217590332,0.03153557330369949,-19.632104873657227,0.017136206850409508,-9.572295188903809,0.4856177568435669,-6.003944396972656,-4.611361980438232,-4.447658538818359,0.17296747863292694,0.1514582633972168,0.140081524848938,0.2055158019065857,0.23356065154075623,0.23144951462745667,0.28111326694488525,0.3018551766872406,0.3883870542049408,0.3853263258934021,0.29441121220588684,0.23130598664283752,18.154905718971502,16.058908275805774,18.323952270101554,15.863306888006012,16.052910305094713,17.229568699315553,47.77031236074885,0.12902268629807692,1
-527.3970336914062,50.69416809082031,-15.127618789672852,24.750322341918945,-18.829166412353516,4.941291809082031,-14.86946964263916,5.511235237121582,-7.245828628540039,-0.8332506418228149,-2.260409355163574,-5.745399475097656,-3.3491549491882324,0.21812765300273895,0.18904535472393036,0.17931807041168213,0.1920587569475174,0.3004663586616516,0.3360450267791748,0.28748947381973267,0.3265915811061859,0.28772470355033875,0.30185312032699585,0.27214717864990234,0.21361209452152252,21.753809376637392,16.89108476352425,18.043835347639483,18.048966104287754,17.940884308185993,18.662216226159504,49.24807647663061,0.12392202524038462,1
-483.729736328125,54.27937316894531,-13.559271812438965,44.11798858642578,-10.668638229370117,2.905186176300049,-27.755220413208008,4.843591690063477,-14.197628021240234,-4.179754734039307,-12.967874526977539,-9.555967330932617,-4.917198181152344,0.1120540052652359,0.10923216491937637,0.106776662170887,0.09439194202423096,0.18463873863220215,0.39468666911125183,0.4203585982322693,0.31434351205825806,0.2214924842119217,0.20482879877090454,0.16110442578792572,0.10631079226732254,25.782186526313364,18.391478574809753,19.232985601257194,16.646952526226624,17.93026635196315,20.648577075087623,50.09330807009265,0.11206805889423077,1
-543.042724609375,67.40532684326172,-16.33251190185547,29.37252426147461,-17.728729248046875,9.729880332946777,-29.351497650146484,7.3845038414001465,-15.445157051086426,5.278397083282471,-4.5527472496032715,-7.327661037445068,-4.343214988708496,0.14926506578922272,0.09771066904067993,0.14242202043533325,0.29874905943870544,0.37492260336875916,0.3574124276638031,0.19770170748233795,0.1781768798828125,0.2186562865972519,0.20156081020832062,0.22863246500492096,0.19210708141326904,24.328831365379553,19.59872214197427,18.854830304742258,18.29899858849192,18.13265824594752,20.03284940863307,52.936035505462314,0.11397611177884616,1
-498.8746337890625,54.22129440307617,-12.276384353637695,26.7928524017334,-21.55127716064453,6.490909576416016,-27.757028579711914,6.918979167938232,-15.644596099853516,-3.590242624282837,-6.857062339782715,-5.252732276916504,-4.823014259338379,0.13221627473831177,0.14154361188411713,0.1675068885087967,0.20045574009418488,0.29041457176208496,0.31113821268081665,0.24192747473716736,0.2355421930551529,0.24859264492988586,0.22841191291809082,0.23126868903636932,0.14859266579151154,22.04468076975043,21.755494244614553,20.86408586462081,18.643607309436916,18.99230499383926,20.652643779418984,53.07980094636756,0.11249624399038462,1
-567.5093994140625,59.1357307434082,-12.36991024017334,22.42423439025879,-18.298873901367188,7.241926670074463,-21.135738372802734,8.906990051269531,-11.831056594848633,3.4930012226104736,-4.194702625274658,-6.027106285095215,-3.1091551780700684,0.1715346723794937,0.16096538305282593,0.14796409010887146,0.18717657029628754,0.2765861749649048,0.3025237023830414,0.23568475246429443,0.2404668927192688,0.2446778118610382,0.205182284116745,0.18461841344833374,0.17189820110797882,19.516285520156508,16.09953035919347,16.661328879216466,15.457704035211403,15.699656500969768,17.32291961451888,44.64130263331911,0.09175555889423077,1
-493.5223693847656,64.5322494506836,-11.348847389221191,30.207176208496094,-15.813602447509766,8.2666015625,-36.508121490478516,3.2756540775299072,-11.798480033874512,-3.084829807281494,-8.295310020446777,-3.9086406230926514,-1.7830370664596558,0.13885878026485443,0.1496327817440033,0.1824137270450592,0.2053581327199936,0.24112924933433533,0.32079488039016724,0.2762714922428131,0.21799705922603607,0.224567711353302,0.225530743598938,0.2505764067173004,0.20814451575279236,24.837933348247756,18.778791806655914,18.139826484092318,17.752137774641717,18.311595947391247,21.008964344765992,50.9526367652008,0.11606069711538461,1
-551.4950561523438,61.721038818359375,0.703769862651825,37.2569694519043,-21.780420303344727,6.85305643081665,-27.37885093688965,6.243287086486816,-14.921338081359863,-6.98399019241333,-8.030465126037598,-5.873104095458984,-2.628857374191284,0.14195682108402252,0.16003254055976868,0.1923784464597702,0.18273158371448517,0.1657063513994217,0.2473709136247635,0.2881068289279938,0.2623460590839386,0.2503006160259247,0.2032487392425537,0.1778368502855301,0.17519986629486084,22.234608582964395,19.566443641377575,18.945686954227167,17.28044888319003,17.70248279761291,19.07803329313693,50.483496836896826,0.11130934495192307,1
-550.2760620117188,73.20991516113281,-12.8284330368042,31.009246826171875,-18.22370147705078,3.398468017578125,-20.07118797302246,8.509305000305176,-16.14141845703125,-5.186717987060547,-6.890798568725586,-6.523764610290527,-3.374083995819092,0.13598108291625977,0.1856674700975418,0.18093347549438477,0.20590046048164368,0.3017071783542633,0.3695348799228668,0.35871514678001404,0.26577749848365784,0.20443439483642578,0.15536049008369446,0.11732898652553558,0.09099309146404266,24.621845762360724,20.84896093866962,19.52706421309286,18.585302874238884,18.37895617059808,19.073721500104693,52.2076422976502,0.08119741586538462,1
-520.20166015625,56.47592544555664,-13.321467399597168,32.61042404174805,-13.4235200881958,1.9603328704833984,-20.373239517211914,1.4097447395324707,-10.700139045715332,-6.363719463348389,-12.222203254699707,-6.534899711608887,-8.968616485595703,0.13298003375530243,0.08861702680587769,0.11020049452781677,0.18678268790245056,0.23498690128326416,0.2946678698062897,0.27450791001319885,0.28435218334198,0.3278064429759979,0.24006815254688263,0.1871953308582306,0.12712928652763367,23.300706494706866,19.174321359121056,20.35270797708022,18.476405710051214,18.522449397097716,21.50641616910855,49.99420632451368,0.10103665865384616,1
-505.95623779296875,63.616241455078125,-25.502248764038086,26.013900756835938,-17.041929244995117,-6.759349346160889,-21.967742919921875,-1.0525318384170532,-10.657487869262695,-7.974203586578369,-9.008954048156738,-5.913660526275635,-9.545121192932129,0.08657635003328323,0.07368818670511246,0.0985015481710434,0.1565748155117035,0.21580660343170166,0.2094428539276123,0.17390742897987366,0.2592639625072479,0.3529619872570038,0.3571780025959015,0.21959106624126434,0.11968683451414108,21.437438445817804,20.185600638273236,22.126985176468303,18.30202278350779,19.536992284766516,20.676011859696946,48.94008173273979,0.07283278245192308,1
-496.9541931152344,70.7458267211914,-27.986248016357422,18.719331741333008,-23.272663116455078,-0.685499906539917,-20.02571678161621,3.1688215732574463,-10.215585708618164,-2.1908929347991943,-5.602236747741699,-3.979407787322998,-7.166085720062256,0.19022655487060547,0.11126291006803513,0.08887765556573868,0.09780416637659073,0.16896462440490723,0.24504967033863068,0.23122204840183258,0.20460307598114014,0.22315643727779388,0.35395216941833496,0.35987430810928345,0.3080553710460663,20.523444565897943,18.317652319175604,20.00553026213805,18.069034575261846,18.100181388676575,19.981365852772853,50.026429987475325,0.08977614182692308,1
-533.1038818359375,63.41813278198242,-11.154851913452148,41.93902587890625,-12.738264083862305,2.680250883102417,-33.07093048095703,7.3574137687683105,-11.57080364227295,0.5866090059280396,-9.057443618774414,-7.607662677764893,-6.490520000457764,0.07710443437099457,0.07463438808917999,0.09494691342115402,0.16050571203231812,0.31501221656799316,0.4419974982738495,0.2809969186782837,0.13325534760951996,0.11908231675624847,0.12070935219526291,0.16124622523784637,0.12412051856517792,25.46503342754838,21.977768322156514,19.92866050506959,18.575413866268768,18.831281976746943,21.65819898651012,52.417620563378705,0.10571664663461539,1
-501.9126281738281,55.739784240722656,-3.18656325340271,32.85771560668945,-15.8289213180542,4.170600891113281,-28.128068923950195,4.732182025909424,-17.439746856689453,-4.0633225440979,-8.945120811462402,-7.616681098937988,-7.333654403686523,0.13268990814685822,0.11379896849393845,0.08813691139221191,0.09939946979284286,0.15759223699569702,0.2606019377708435,0.25101667642593384,0.26254042983055115,0.3200743496417999,0.2939225435256958,0.23002108931541443,0.19630788266658783,23.483631040065227,20.720996837598122,20.266848495679284,17.46544949018298,18.709037661088814,20.550142819547887,51.838785202417185,0.11375450721153846,1
-579.8636474609375,56.123775482177734,-3.5939218997955322,35.39448928833008,-10.787921905517578,4.400119304656982,-18.144643783569336,4.028334617614746,-9.606781005859375,-2.4354166984558105,-7.234745502471924,-7.2322540283203125,-1.310657262802124,0.17204542458057404,0.1583384871482849,0.17070908844470978,0.15392988920211792,0.2462933212518692,0.3254004716873169,0.2413286566734314,0.21414850652217865,0.2965760827064514,0.20682094991207123,0.17019601166248322,0.2055383175611496,23.116068840831645,20.61010288206828,21.665769717247287,19.943330175654694,19.10746210133908,21.2724438053514,51.24328485274906,0.10740309495192307,1
-438.5433044433594,55.5828742980957,-30.063030242919922,42.40647506713867,-18.57172393798828,-0.25409358739852905,-30.53179359436035,-2.1242942810058594,-13.109319686889648,-3.9261202812194824,-11.751903533935547,-5.151057720184326,-5.24937105178833,0.14519117772579193,0.16255557537078857,0.1375666707754135,0.14673753082752228,0.12476253509521484,0.24176053702831268,0.2686176598072052,0.21474356949329376,0.23686577379703522,0.22513093054294586,0.23543812334537506,0.16207019984722137,22.444854361237592,20.042236638578494,19.09314202554999,15.75982973198767,17.753425890551704,19.700616869957653,51.03346774475533,0.08534029447115385,1
-468.1579284667969,63.376953125,-29.722309112548828,24.82366943359375,-22.072843551635742,-5.361807823181152,-27.801776885986328,1.020987629890442,-19.449947357177734,0.6961818933486938,-7.984309196472168,-1.2686636447906494,-3.7184040546417236,0.23900535702705383,0.25718677043914795,0.22273893654346466,0.2210620641708374,0.26083096861839294,0.23688392341136932,0.14981995522975922,0.14019817113876343,0.1795080304145813,0.22074835002422333,0.2000509798526764,0.19071049988269806,21.056353869250437,20.52901924185581,19.860289883209987,18.928389993822993,19.402126898721306,21.156684015627427,53.2890665655988,0.09330303485576923,1
-451.9989318847656,54.034568786621094,-8.474297523498535,27.67583465576172,-14.382059097290039,2.2119574546813965,-32.10142517089844,-2.5021259784698486,-10.55913257598877,-10.042461395263672,-8.779479026794434,-5.533874988555908,-8.469202041625977,0.12301397323608398,0.1002635732293129,0.1564888209104538,0.19897526502609253,0.22385179996490479,0.2801476716995239,0.24541570246219635,0.26457926630973816,0.2763294577598572,0.23372793197631836,0.1863497793674469,0.13007356226444244,24.30184563378954,20.85500858746361,20.599910548443585,18.748533110253504,20.032897406311818,23.12859058439384,51.52425809037569,0.09969951923076924,1
-513.1201782226562,53.436737060546875,-8.998446464538574,34.61125183105469,-11.321078300476074,2.736454486846924,-22.044017791748047,0.9406023621559143,-8.991864204406738,-4.99070930480957,-8.980292320251465,-7.9664411544799805,-6.714399337768555,0.11058248579502106,0.08974073827266693,0.10457903146743774,0.12919123470783234,0.1886405199766159,0.25720056891441345,0.343951016664505,0.34535953402519226,0.2636241614818573,0.16821645200252533,0.1598949134349823,0.17690229415893555,25.895156369377066,22.217296597178926,23.072225766854448,19.959313704121,20.379423636287292,22.23387417385658,52.14741636575127,0.0881084735576923,1
-524.14990234375,54.601165771484375,-15.653244018554688,34.702552795410156,-16.055583953857422,3.542407989501953,-16.511587142944336,-0.283762663602829,-8.4212646484375,-2.5228159427642822,-2.753303050994873,-3.1912152767181396,-7.353621006011963,0.11483480781316757,0.0775952860713005,0.10616150498390198,0.14802291989326477,0.17753998935222626,0.11956706643104553,0.1368626058101654,0.2580922544002533,0.42678847908973694,0.3893158435821533,0.2307223230600357,0.12516328692436218,19.011551449123726,18.984181893935528,20.18701921726765,17.220814437731057,18.198208454926778,19.281309634287656,47.645535700051404,0.0875713641826923,1
-557.7328491210938,35.20506286621094,-18.639625549316406,12.25505542755127,-14.096271514892578,0.7981778979301453,-12.918755531311035,-2.8289573192596436,-9.919922828674316,2.75693941116333,-2.9680018424987793,-4.017103672027588,-0.8973199129104614,0.1160266101360321,0.12301275879144669,0.15680895745754242,0.14956346154212952,0.15131168067455292,0.13070620596408844,0.1102033481001854,0.1555279940366745,0.13015446066856384,0.09323045611381531,0.11074189096689224,0.12463199347257614,21.846706923403413,17.961270491855746,18.199593429976737,18.748225421378756,18.638372223968,19.302930868250066,37.258334309130916,0.04593688484251968,1
-486.13336181640625,69.81613159179688,-21.919401168823242,24.50345230102539,-18.14544677734375,6.32182502746582,-28.998634338378906,0.5472801923751831,-7.37711763381958,-0.986163318157196,-6.5384087562561035,-5.845025539398193,-7.014467239379883,0.09761030226945877,0.10020551085472107,0.14427296817302704,0.21911394596099854,0.24630649387836456,0.30135077238082886,0.3367389440536499,0.34307241439819336,0.34361979365348816,0.2642872929573059,0.15866754949092865,0.13733665645122528,23.758201421526135,17.039642139635166,19.27575274495381,17.459941762852836,18.603109044819714,19.155376621563946,50.216156145897415,0.09468524639423077,1
-501.1678161621094,57.32775115966797,-24.46627426147461,24.645164489746094,-13.643631935119629,2.5876567363739014,-16.60365867614746,1.881833553314209,-8.40575885772705,-3.4635698795318604,-6.628782272338867,-5.739654064178467,-5.2850189208984375,0.17053593695163727,0.15662287175655365,0.14001233875751495,0.12708981335163116,0.1727798581123352,0.2953304350376129,0.39373713731765747,0.3312194049358368,0.2488042116165161,0.1943373829126358,0.16260860860347748,0.15174782276153564,22.24917723764595,17.64078742628689,19.292434058297356,17.193124196171198,17.788949032021538,19.52058615391223,49.1856521269494,0.10996844951923077,1
-511.0440368652344,63.92900466918945,-10.875954627990723,34.948333740234375,-20.63039207458496,7.405783176422119,-27.12018585205078,2.048354387283325,-16.917713165283203,1.6455000638961792,-9.285053253173828,-6.514707088470459,-8.521490097045898,0.07689853012561798,0.0684247836470604,0.07112885266542435,0.07337656617164612,0.1121930181980133,0.27281707525253296,0.35353147983551025,0.27516862750053406,0.27827396988868713,0.20431242883205414,0.21209806203842163,0.1678295135498047,24.305727411547775,18.778149645947323,18.72790426186275,17.258380838600583,17.662458689317805,22.111656697750103,50.38692407992442,0.11680063100961538,1
-469.2077941894531,50.650028228759766,-5.523242473602295,19.109769821166992,-14.86359691619873,5.5039496421813965,-23.138044357299805,4.848066806793213,-17.449434280395508,-4.144565105438232,-6.276675224304199,-6.507216453552246,-6.452728748321533,0.14100636541843414,0.16649487614631653,0.13133500516414642,0.1075681820511818,0.09938500821590424,0.12374977767467499,0.1810181885957718,0.2115994542837143,0.28429940342903137,0.3579687476158142,0.36068782210350037,0.21214555203914642,20.46453024022151,19.568642012521,21.448308297417945,18.57232715943667,18.746685453111965,20.764364250490495,52.44075203147553,0.11953876201923076,1
-539.76611328125,65.5740737915039,-12.506511688232422,26.321414947509766,-27.38759422302246,10.208081245422363,-16.754905700683594,7.241113185882568,-11.00033187866211,0.563096284866333,-3.733612537384033,-9.618416786193848,-7.637662410736084,0.11465813219547272,0.13074299693107605,0.19556447863578796,0.2775185704231262,0.3223171532154083,0.3063994348049164,0.3117610216140747,0.279638409614563,0.2659149169921875,0.22286109626293182,0.16067476570606232,0.1426759660243988,22.347215365572236,18.08125737262879,17.11572166066628,16.294232071132143,16.921562257055612,17.81159920226047,49.783654669079496,0.1032977764423077,1
-573.8951416015625,48.5405387878418,-3.323103427886963,26.52239227294922,-14.154924392700195,9.001307487487793,-22.41105842590332,6.21674919128418,-11.2135648727417,4.855321407318115,-1.5852290391921997,-4.463331699371338,-3.3576583862304688,0.1376783549785614,0.12324564903974533,0.14256280660629272,0.19859683513641357,0.22919028997421265,0.2016819715499878,0.22615863382816315,0.20377014577388763,0.23723997175693512,0.21874214708805084,0.22314804792404175,0.22156377136707306,21.095742389585073,16.811346559351644,18.055233703145454,15.382032753359415,16.57951764776617,20.04987959389307,47.95702656289279,0.1313701923076923,1
-501.6197509765625,46.45899200439453,-3.6069931983947754,35.27182388305664,-17.21525001525879,2.488621711730957,-30.84408950805664,9.161096572875977,-13.988924026489258,-1.96073579788208,-10.31152629852295,-10.421130180358887,-5.62373161315918,0.18625620007514954,0.19046585261821747,0.14514122903347015,0.11130045354366302,0.14732319116592407,0.1782854050397873,0.20213791728019714,0.25269609689712524,0.33367204666137695,0.34069955348968506,0.2551029324531555,0.18681485950946808,22.47937180138016,22.239308192159086,22.60447095600381,20.85517420028836,19.331408445595248,20.157770798057417,54.821024809773455,0.10571664663461539,1
-484.2989196777344,44.20088577270508,-17.718442916870117,31.383047103881836,-18.83814811706543,1.446793794631958,-22.67259979248047,-5.279791355133057,-12.258604049682617,-1.6663768291473389,-7.581167697906494,-4.412750720977783,-5.2531585693359375,0.2216757982969284,0.1748143881559372,0.1528497338294983,0.15604165196418762,0.18148252367973328,0.27346864342689514,0.28368324041366577,0.2818774878978729,0.2566263675689697,0.29231932759284973,0.26852092146873474,0.23263029754161835,21.645719863758636,19.922164238757617,20.556165051714295,18.128841889687358,18.849454481773044,20.348221099170175,51.61371683682135,0.130029296875,1
-594.692626953125,38.55427551269531,-1.0003361701965332,40.73395538330078,-7.805517673492432,11.672565460205078,-22.42284393310547,5.282222747802734,-6.738368988037109,0.2849876880645752,-4.543843746185303,-5.488221168518066,1.6213088035583496,0.12729470431804657,0.13581085205078125,0.20922793447971344,0.2729317843914032,0.29539260268211365,0.3524327278137207,0.2615681290626526,0.26752185821533203,0.32935407757759094,0.3304119110107422,0.271288126707077,0.18147656321525574,20.64419429626709,16.292969679021233,16.886855985733654,16.022041620157356,18.202194001046497,17.822448615143472,50.104674456371626,0.1534968449519231,1
-520.39599609375,63.26786422729492,-16.895462036132812,27.006839752197266,-17.390254974365234,1.5818150043487549,-26.876615524291992,1.7779799699783325,-12.698814392089844,-2.13303542137146,-8.957867622375488,-3.03700852394104,-5.651350498199463,0.09214328229427338,0.08882848918437958,0.1023106724023819,0.09304459393024445,0.10959603637456894,0.24834978580474854,0.3126624524593353,0.42308518290519714,0.338451623916626,0.22067049145698547,0.21015200018882751,0.09705759584903717,22.683282512196623,19.455807592929613,20.59343069241448,18.333843102878983,17.495271571969926,21.735941683091106,49.574211970754455,0.113623046875,1
-649.913818359375,36.04777526855469,4.149059772491455,20.687488555908203,-15.296090126037598,10.750310897827148,-17.424596786499023,10.003082275390625,-10.190253257751465,-1.3868929147720337,-3.418686628341675,-3.420072078704834,-1.3210785388946533,0.08069451153278351,0.15490251779556274,0.2051282674074173,0.16464081406593323,0.14724427461624146,0.1746443659067154,0.1221529170870781,0.10371269285678864,0.1230412945151329,0.13295386731624603,0.21016815304756165,0.11652839183807373,18.415314900913017,16.05691067422687,16.06618039164131,15.999270885636738,16.623983903305593,16.720508182715257,37.90755528667475,0.08777794471153846,1
-544.484130859375,51.069820404052734,-16.94200325012207,35.42951202392578,-14.472758293151855,12.020002365112305,-31.460472106933594,0.3610224723815918,-11.337456703186035,1.0642640590667725,-7.544306755065918,-6.0696868896484375,0.17137791216373444,0.09619881212711334,0.12729205191135406,0.13064011931419373,0.13217326998710632,0.1745264083147049,0.21760961413383484,0.2672991156578064,0.3214845657348633,0.289448618888855,0.28256291151046753,0.37304338812828064,0.17862935364246368,21.543748044196672,17.46039811079992,19.092580561807146,16.999354878548925,18.853210213054172,21.08668711668191,49.94741339877737,0.16495267427884616,1
-506.6719970703125,50.01280975341797,-9.869879722595215,29.965831756591797,-20.07994270324707,9.916751861572266,-27.279203414916992,3.3565359115600586,-18.802738189697266,-1.549047827720642,-5.883610248565674,-8.478214263916016,-8.32005786895752,0.05264078080654144,0.07165657728910446,0.08357642590999603,0.12307851016521454,0.23792679607868195,0.2680208384990692,0.22268207371234894,0.2582460939884186,0.3277525305747986,0.43996691703796387,0.28146034479141235,0.10249470174312592,21.89033534425205,18.848613360366876,20.141188140969643,18.542836211225403,17.611699512413793,19.820429586752486,51.78818609890708,0.1287146935096154,1
-562.6858520507812,51.60118103027344,-7.90003776550293,27.44219398498535,-6.21514892578125,3.2084410190582275,-28.261472702026367,-1.3002233505249023,-8.159003257751465,-4.546936511993408,-9.896100997924805,-5.741647243499756,-6.485655307769775,0.1312130242586136,0.13598954677581787,0.1773754358291626,0.19797584414482117,0.21895161271095276,0.19601106643676758,0.20505648851394653,0.2117006778717041,0.2547982335090637,0.21958616375923157,0.17816121876239777,0.16345517337322235,23.059379210505426,19.593062976845236,19.51619876223461,18.122386157168428,19.051974719925393,19.970954027694663,45.099752009205446,0.07312199519230769,1
-472.9990234375,52.7720832824707,-15.542959213256836,28.959863662719727,-12.902552604675293,1.819801688194275,-31.836599349975586,-1.1517575979232788,-12.57798957824707,-3.9209842681884766,-11.029808044433594,-5.95193338394165,-7.072137355804443,0.109991654753685,0.07668086886405945,0.07389777153730392,0.11178749799728394,0.15143780410289764,0.24267742037773132,0.34517136216163635,0.2897282838821411,0.30100199580192566,0.28752216696739197,0.2721484303474426,0.1904623806476593,23.082055139115806,19.750958021109497,21.419754990808066,18.881020724119377,19.938127837819536,21.371145172784395,52.151616214912316,0.11360802283653847,1
-523.48876953125,52.142311096191406,-12.367894172668457,52.13645553588867,-10.498403549194336,7.752370834350586,-30.665449142456055,3.0407001972198486,-13.826593399047852,-2.3423354625701904,-9.688491821289062,-7.104353427886963,-2.8671631813049316,0.17152811586856842,0.13354597985744476,0.1334412395954132,0.20610220730304718,0.3804900348186493,0.46826910972595215,0.24623095989227295,0.1554243564605713,0.16834881901741028,0.17903926968574524,0.18959370255470276,0.19952666759490967,23.469668732373336,17.113866745839942,18.713198961466556,16.21647920859246,18.09145827281612,19.025635094819222,51.35796819134524,0.11344651442307692,1
-574.0098266601562,63.494163513183594,1.5503780841827393,36.79472351074219,-20.07477569580078,6.398604393005371,-23.493253707885742,7.41877555847168,-16.470876693725586,-3.609118700027466,-9.434459686279297,-6.988590240478516,-2.7520179748535156,0.11630436778068542,0.12179096043109894,0.1542832851409912,0.16569378972053528,0.2711614966392517,0.3093268573284149,0.24948789179325104,0.27696511149406433,0.311027467250824,0.21885430812835693,0.15838956832885742,0.12189958989620209,22.972860789037366,18.422705464654594,20.18033262768282,18.840795461087833,17.81211620892047,19.08124580240026,52.481165679890125,0.09765625,1
-480.4320983886719,53.345787048339844,-23.911672592163086,32.54604721069336,-14.982071876525879,-2.409057855606079,-18.797161102294922,-5.540243625640869,-11.39383602142334,-1.0542691946029663,-7.7238593101501465,-8.066434860229492,-10.571610450744629,0.13647617399692535,0.1310744285583496,0.15098018944263458,0.22090837359428406,0.24517229199409485,0.23233240842819214,0.22200044989585876,0.24592575430870056,0.37475714087486267,0.44469019770622253,0.2636251449584961,0.16643022000789642,20.02033943214474,17.31326759809647,21.166833279453567,17.105150776750662,18.72239392412497,21.236381982946178,47.96671162018626,0.10072490985576923,1
-476.8571472167969,55.741397857666016,-10.48448371887207,32.16245651245117,-17.802526473999023,3.4382801055908203,-22.88329315185547,1.0675568580627441,-11.73204231262207,-4.743261814117432,-6.820306301116943,-7.903870582580566,-7.026467323303223,0.11055520176887512,0.09294646978378296,0.08650368452072144,0.10210854560136795,0.20295189321041107,0.2753556966781616,0.29050925374031067,0.2704866826534271,0.32295554876327515,0.2877335548400879,0.2160617858171463,0.19934025406837463,22.964575155426324,18.508288567085597,19.698542353243514,18.80498760603865,18.23434583699984,20.834552207765295,49.74656699410404,0.10457106370192308,1
-511.39447021484375,53.78004837036133,-19.912593841552734,38.9022216796875,-23.40179443359375,8.948908805847168,-26.24762535095215,8.186184883117676,-15.123848915100098,-0.06359509378671646,-9.416552543640137,-5.491188049316406,-3.442654848098755,0.12465192377567291,0.14303623139858246,0.1517500877380371,0.16791053116321564,0.26456016302108765,0.31449684500694275,0.26050683856010437,0.3005046248435974,0.32201093435287476,0.32874584197998047,0.3317880928516388,0.1944543570280075,21.411491397161402,17.148517808510157,17.90775533470881,16.513075301345957,16.670580906289548,16.587205094447835,48.889489010215485,0.12358774038461538,1
-636.9496459960938,36.32141876220703,-0.26394888758659363,14.55359172821045,-12.26906967163086,-0.8542790412902832,-14.69691276550293,4.2367682456970215,-5.929832935333252,0.9046063423156738,-4.548884391784668,-4.906507968902588,-2.3772025108337402,0.04574079439043999,0.0618753582239151,0.1389419585466385,0.1722560077905655,0.1440747231245041,0.12934595346450806,0.10889043658971786,0.1355728656053543,0.17537569999694824,0.176218643784523,0.14219793677330017,0.05068124458193779,21.231439925238444,19.308752976489885,18.655716423576337,19.74361918940133,18.28060682622843,21.036254964343964,35.69136310131947,0.06999699519230769,1
-518.578857421875,65.75952911376953,-9.987746238708496,25.19847297668457,-18.634830474853516,5.3207268714904785,-18.556394577026367,6.6740264892578125,-12.976967811584473,-1.720542311668396,-6.578584671020508,-8.979001998901367,-7.268963813781738,0.0940704420208931,0.11343912780284882,0.15605591237545013,0.22946833074092865,0.32195186614990234,0.3800758719444275,0.2688288986682892,0.2168520987033844,0.21308697760105133,0.18956555426120758,0.15243607759475708,0.10661258548498154,20.979949112259444,17.469535226019357,17.108352700236363,15.726788093151995,16.119013603088664,17.31807894745692,47.20165175243211,0.09790790264423077,1
-452.15606689453125,52.98970031738281,-26.014251708984375,25.781246185302734,-21.996671676635742,-0.3763563930988312,-30.82221221923828,-4.082086563110352,-18.252357482910156,-0.9237636923789978,-7.3165669441223145,-7.092379093170166,-5.757297992706299,0.2939360737800598,0.28328436613082886,0.1303556263446808,0.126919224858284,0.10611704736948013,0.0989932268857956,0.1398719698190689,0.22685395181179047,0.2410915195941925,0.182294100522995,0.1330367475748062,0.15388604998588562,19.28853418290332,20.593780704428312,21.48647033627234,19.382752630084443,19.615089384655143,21.14272730411779,50.2718240295141,0.08429612379807692,1
-593.98583984375,51.66111373901367,-11.97122573852539,25.108564376831055,-10.499561309814453,5.602300643920898,-16.333786010742188,1.046056866645813,-6.823895454406738,-1.9635547399520874,-6.135131359100342,-6.437075138092041,-3.7748425006866455,0.08785947412252426,0.09110633283853531,0.11911662667989731,0.18883313238620758,0.26079899072647095,0.22865945100784302,0.16727317869663239,0.15865175426006317,0.15619289875030518,0.1799650639295578,0.15623250603675842,0.12455297261476517,20.996138048111888,18.30843528639815,18.22850966039126,16.322508271247386,17.172996613368202,18.88448758655654,42.42880100446623,0.086376953125,1
-511.5563659667969,51.48644256591797,-17.09173583984375,16.585134506225586,-17.207088470458984,0.5201964378356934,-15.47529125213623,-0.19548624753952026,-8.332676887512207,-0.6203006505966187,-1.8589770793914795,-2.0907344818115234,-3.6916165351867676,0.22658789157867432,0.21663938462734222,0.21037203073501587,0.2354513704776764,0.31754836440086365,0.43933549523353577,0.2686576247215271,0.24291196465492249,0.23532292246818542,0.22696362435817719,0.16612409055233002,0.15225951373577118,22.93276321090335,18.88616926477221,18.829377786515852,17.82762835386728,17.608569192969803,19.702507950365696,50.17639613618868,0.12445162259615385,1
-541.1830444335938,52.713111877441406,-19.4912109375,39.192039489746094,-15.532760620117188,5.579934597015381,-24.385128021240234,2.821437120437622,-13.774277687072754,-4.259529113769531,-10.120229721069336,-5.370133876800537,-6.041528701782227,0.07771766930818558,0.11350982636213303,0.16778765618801117,0.16351722180843353,0.201204314827919,0.26329225301742554,0.27659541368484497,0.3561890721321106,0.32485297322273254,0.22409260272979736,0.18445627391338348,0.13255983591079712,22.56819531783374,18.544052808623047,19.323685324678845,16.805659191068102,17.193446595561007,18.032491153132106,48.2742323533581,0.09891826923076923,1
-518.3084716796875,60.49219512939453,-11.096898078918457,39.21983337402344,-15.745406150817871,1.7141329050064087,-22.848873138427734,-1.8444523811340332,-10.359018325805664,-1.4262821674346924,-10.205387115478516,-4.8654866218566895,-2.8838050365448,0.18195216357707977,0.1722281575202942,0.10286238044500351,0.15444914996623993,0.327438086271286,0.3184066712856293,0.24666014313697815,0.24660730361938477,0.23842039704322815,0.1898108273744583,0.19097673892974854,0.2190278172492981,24.42573167814116,18.473212187420554,19.226933103178098,17.742521985245816,18.39843027692563,20.59247239420424,49.35377206337859,0.10923602764423077,1
-545.80224609375,43.97172927856445,-15.32439136505127,47.4317741394043,-12.840083122253418,6.445980072021484,-21.061603546142578,7.454960823059082,-10.56450080871582,-3.485584020614624,-9.053872108459473,-7.075521469116211,-1.9860304594039917,0.1630970686674118,0.13481754064559937,0.1425868272781372,0.2151084542274475,0.29271721839904785,0.2973491847515106,0.27053773403167725,0.3323478698730469,0.38264477252960205,0.3330812454223633,0.29515472054481506,0.21118666231632233,20.670422303690316,15.284400245377807,17.275777290283656,14.969146481963591,16.266444729899106,17.330580294799237,47.624427860883124,0.13310171274038463,1
-524.86083984375,72.23722839355469,-20.214618682861328,30.627126693725586,-18.216190338134766,3.0110769271850586,-25.159006118774414,8.525646209716797,-14.83213996887207,-1.1213583946228027,-8.591121673583984,-6.136666297912598,-5.127964973449707,0.1259617656469345,0.14069995284080505,0.14907784759998322,0.16756798326969147,0.2374439537525177,0.4170466363430023,0.36687102913856506,0.267373263835907,0.223821759223938,0.20965294539928436,0.17115947604179382,0.11925196647644043,24.52787364700371,18.284291736274703,19.136140539232674,17.617191906495236,17.695664424275442,19.12857536529375,51.39001140240949,0.09919245793269231,1
-494.320068359375,56.24497604370117,-2.9357693195343018,27.462371826171875,-3.2810614109039307,-3.8919129371643066,-27.035606384277344,-2.4183878898620605,-10.306039810180664,-1.892177700996399,-9.083802223205566,-5.929718017578125,-5.102855682373047,0.1422259509563446,0.07677232474088669,0.06151117384433746,0.11124234646558762,0.2279869019985199,0.31690841913223267,0.32633331418037415,0.26931387186050415,0.18971681594848633,0.15844589471817017,0.1729154735803604,0.15817973017692566,25.779410938962176,20.45985234864849,21.64218448189615,18.99282847617553,19.629078446999404,22.093558025245343,50.23408999594867,0.08550180288461538,1
-521.2489013671875,62.60991668701172,-15.418669700622559,27.47567367553711,-18.67416000366211,7.5653228759765625,-23.00035858154297,4.041060924530029,-15.8271484375,-2.4252512454986572,-6.690151691436768,-5.998005390167236,-5.4532012939453125,0.18018007278442383,0.12916286289691925,0.09014897793531418,0.14990626275539398,0.21698540449142456,0.19455896317958832,0.15902717411518097,0.1908046454191208,0.26273587346076965,0.31057265400886536,0.2756430506706238,0.24271567165851593,21.412870169756804,19.632846183381886,19.85443795912868,17.531200507392175,18.74825921110004,19.326979796058083,51.55891682715428,0.09224759615384616,1
-517.3966674804688,49.206787109375,-5.349392890930176,25.848098754882812,-11.574575424194336,5.974364280700684,-29.562702178955078,1.185213565826416,-14.791146278381348,-0.05393509566783905,-7.449245929718018,-7.548998832702637,-4.287824630737305,0.15681152045726776,0.11887705326080322,0.11190733313560486,0.11927279084920883,0.14094065129756927,0.14359988272190094,0.18733128905296326,0.2865692973136902,0.3827015161514282,0.2895464599132538,0.31675952672958374,0.2813578248023987,22.760181736181185,17.47920765671942,20.28804738499125,17.98339838040811,18.081058332500568,20.25715247226511,50.52139950086345,0.133544921875,1
-524.26611328125,45.41324996948242,-9.721765518188477,13.189871788024902,-5.019419193267822,-1.1457349061965942,-19.247243881225586,-0.16772957146167755,-10.116180419921875,-1.8818211555480957,-5.195336818695068,-3.716496467590332,-2.9047422409057617,0.1414528489112854,0.10789334774017334,0.12440047413110733,0.14670883119106293,0.1497439295053482,0.20724761486053467,0.2606130838394165,0.19910652935504913,0.1893780529499054,0.1824355125427246,0.1520378291606903,0.14245684444904327,21.294300343842462,19.22648289255475,18.056572368466124,16.9987232262127,18.419079283206248,19.976110832315037,41.106510748748974,0.08753380408653846,1
-561.8858642578125,56.52922821044922,6.209120750427246,46.89064025878906,-16.140216827392578,6.412759304046631,-22.267547607421875,5.603376388549805,-12.65410041809082,-2.313283681869507,-5.432998180389404,-7.889230728149414,-4.555594444274902,0.11087880283594131,0.15788935124874115,0.2794097661972046,0.34464031457901,0.34917664527893066,0.2680196762084961,0.15131719410419464,0.15332704782485962,0.17926013469696045,0.2152852863073349,0.2391047328710556,0.14993764460086823,22.8590578978548,17.977863147408797,18.276324701868926,17.324833144683144,18.950400379373935,19.630135287420558,50.99582476896334,0.10839468149038461,1
-520.47607421875,49.091896057128906,-12.943960189819336,42.019596099853516,-16.472686767578125,2.088535785675049,-29.34618377685547,5.1129302978515625,-13.059955596923828,-3.8441154956817627,-8.064730644226074,-5.740670204162598,-4.175011157989502,0.1469741016626358,0.1535048931837082,0.17959286272525787,0.21361590921878815,0.21614231169223785,0.2336433082818985,0.21724189817905426,0.29765403270721436,0.2843606472015381,0.22845563292503357,0.20237870514392853,0.18971222639083862,20.208276900517124,18.245164749548973,18.88089240760111,16.90578255134809,17.454169722889457,18.659955112856377,49.76629478435052,0.12687049278846155,1
-517.9542846679688,65.57575988769531,-14.95125675201416,31.775428771972656,-19.52778434753418,3.538889169692993,-17.659404754638672,6.645561695098877,-10.073848724365234,-3.6909708976745605,-6.944424629211426,-1.0411174297332764,-8.242670059204102,0.14354978501796722,0.21886610984802246,0.24058176577091217,0.23093080520629883,0.2841487228870392,0.2977353036403656,0.2568657398223877,0.22283196449279785,0.19180884957313538,0.17292030155658722,0.182020366191864,0.11617539077997208,23.538793325824148,19.39495692152717,19.779777455277113,18.78548598637292,19.363436622512893,21.533161951353772,50.842743264052416,0.10083383413461539,1
-523.622314453125,55.13068389892578,-21.834510803222656,27.02583885192871,-21.341249465942383,-1.0085971355438232,-19.435081481933594,2.6717140674591064,-15.387954711914062,-1.674001932144165,-3.426619291305542,-0.06955777853727341,0.0454837791621685,0.1748361587524414,0.16057878732681274,0.1086505800485611,0.15608347952365875,0.27151820063591003,0.2712405025959015,0.19958242774009705,0.2267577350139618,0.2184634655714035,0.1600257158279419,0.15512697398662567,0.13003288209438324,20.992838893912424,18.353947371496506,18.635025477621962,17.940824781572587,17.401609051236733,20.153385274279326,44.27595494748741,0.09877554086538462,1
-486.913330078125,67.44732666015625,-33.38328170776367,30.389799118041992,-11.1153564453125,-2.6368484497070312,-27.110240936279297,4.1429829597473145,-8.64687442779541,0.034495458006858826,-10.299637794494629,-6.840635299682617,-3.7315731048583984,0.18737947940826416,0.13290685415267944,0.1388031542301178,0.16564497351646423,0.3078092932701111,0.4431682229042053,0.35615959763526917,0.26062172651290894,0.22449399530887604,0.1662004292011261,0.1644822359085083,0.15107204020023346,26.188123334538254,19.888211990831707,19.733679807669805,17.60552869190176,18.464504071217394,20.387372415130873,50.46331785187103,0.09508338341346154,1
-490.4635009765625,70.67562866210938,-14.15658187866211,29.666275024414062,-15.029895782470703,1.5454871654510498,-16.419445037841797,3.451089382171631,-12.643619537353516,-0.9033571481704712,-9.154128074645996,-5.542287826538086,-8.261845588684082,0.12834292650222778,0.1601109504699707,0.2215234786272049,0.2741585969924927,0.3163646161556244,0.3445749282836914,0.3187315762042999,0.23645628988742828,0.19112634658813477,0.14778301119804382,0.16613474488258362,0.13445962965488434,25.02257333177748,18.0607082733245,17.652464659982876,17.841375112914726,18.306839557151836,22.197635955512965,51.10663304824053,0.08873948317307692,1
-558.643310546875,64.72625732421875,-12.18278694152832,26.935277938842773,-15.34969425201416,4.242735862731934,-30.610979080200195,9.535709381103516,-16.993440628051758,-1.00777006149292,-5.484200477600098,-3.2016541957855225,0.3803632855415344,0.13258418440818787,0.13653747737407684,0.18980896472930908,0.20550253987312317,0.22424528002738953,0.31852245330810547,0.2933918833732605,0.20869094133377075,0.23664452135562897,0.2536935806274414,0.27292490005493164,0.17461474239826202,22.281910319051278,17.548780787096778,17.16320654668791,15.821516322188762,16.565998945692094,19.641995137752797,48.714333426419216,0.13345853365384616,1
-489.28271484375,61.761993408203125,-20.142608642578125,28.964441299438477,-23.015151977539062,1.680073857307434,-21.44110107421875,1.2065354585647583,-13.782814025878906,-1.6558325290679932,-6.215733051300049,-8.109392166137695,-11.781386375427246,0.10190314054489136,0.08851128816604614,0.11546015739440918,0.14269493520259857,0.20271168649196625,0.32177454233169556,0.3702656328678131,0.24507643282413483,0.2277218997478485,0.30060648918151855,0.2156958431005478,0.13933828473091125,23.000122650975182,18.9331624148466,19.89570019360993,17.83110704709377,18.13499080849004,18.980020368690134,51.07816759191025,0.08417217548076923,1
-495.9305725097656,53.2512092590332,-6.139517784118652,43.699317932128906,-9.634188652038574,2.182180166244507,-29.224294662475586,4.247477054595947,-14.609496116638184,-3.966667652130127,-10.697516441345215,-7.097523212432861,-5.324985504150391,0.13427233695983887,0.16663582623004913,0.17310188710689545,0.19835670292377472,0.20724712312221527,0.27201059460639954,0.29982733726501465,0.3027859628200531,0.2610374093055725,0.16282488405704498,0.1441841572523117,0.10843914747238159,25.442864543822903,17.76851376270512,19.261060053724453,16.89211383167784,17.94915357667026,21.700673025457085,50.419150307937606,0.10703876201923077,1
-567.3671264648438,50.5426025390625,-11.383773803710938,33.59547805786133,-13.46528148651123,12.992059707641602,-27.264408111572266,5.237018585205078,-6.458001136779785,-3.3557217121124268,-7.151651859283447,-5.854794502258301,-3.437896966934204,0.13439717888832092,0.1409938931465149,0.10729611665010452,0.1914680153131485,0.3664437234401703,0.45238250494003296,0.3015787899494171,0.1733434647321701,0.15298818051815033,0.12896132469177246,0.15596705675125122,0.17391496896743774,23.097490506397598,18.676139874935757,18.67563834297617,17.098895404049298,17.509002296992886,19.030867069549366,50.08388887611793,0.1378455528846154,1
-510.37554931640625,63.72788619995117,-18.961795806884766,32.493019104003906,-20.666898727416992,0.8210316300392151,-23.560775756835938,1.6681417226791382,-11.47714900970459,-2.5773708820343018,-5.990447044372559,-2.7934813499450684,-4.911433219909668,0.13040213286876678,0.14945320785045624,0.13894018530845642,0.17579717934131622,0.20036739110946655,0.2987633943557739,0.3333895802497864,0.3270905911922455,0.309436559677124,0.22803013026714325,0.16841745376586914,0.12022048979997635,22.147035150658233,18.41302401155408,19.442389362225594,17.858489857877075,17.376557354392997,19.009569977978146,48.896170991053104,0.10345177283653846,1
-596.8433837890625,56.88493728637695,-13.937201499938965,31.542322158813477,-11.930706977844238,6.945683479309082,-18.131385803222656,3.3790500164031982,-10.279065132141113,2.5271522998809814,-2.743140697479248,-3.974133253097534,-2.125382661819458,0.14453038573265076,0.15682293474674225,0.30525723099708557,0.30944278836250305,0.28804928064346313,0.20344586670398712,0.1974870264530182,0.1906561702489853,0.17725342512130737,0.19887086749076843,0.2181718945503235,0.14379975199699402,19.781251768022983,15.058933207545012,16.62983086986208,15.348110250396001,15.62760325511121,17.574226682301592,43.52856512182431,0.09440354567307692,1
-543.7181396484375,57.218849182128906,-5.095077991485596,33.2990837097168,-13.420458793640137,3.4652724266052246,-28.67423439025879,10.513209342956543,-12.078617095947266,-0.27503371238708496,-6.48906946182251,-7.0128374099731445,-4.2870097160339355,0.08751082420349121,0.0787506029009819,0.13989777863025665,0.20241129398345947,0.2829399108886719,0.3434503972530365,0.27857697010040283,0.229604572057724,0.23431257903575897,0.18552963435649872,0.1512995958328247,0.10050871968269348,23.89842732114262,20.214619591359448,18.458279922154343,18.277176547061583,18.00373959659542,18.924289716005408,51.90660218008155,0.096240234375,1
-534.035400390625,45.80724334716797,-13.907933235168457,40.105262756347656,-11.697507858276367,7.458674430847168,-21.323341369628906,4.097188472747803,-13.471078872680664,-2.3365375995635986,-5.243310928344727,-5.496734142303467,-2.932695150375366,0.18012890219688416,0.17108698189258575,0.21299976110458374,0.2846403419971466,0.2737353444099426,0.22879120707511902,0.24023883044719696,0.2691774368286133,0.23253093659877777,0.23888705670833588,0.309285044670105,0.2750212550163269,20.85327777183387,16.57767611860619,18.400340964367512,16.633741360401686,17.037314042533456,18.42628716277153,49.890228114785536,0.12998422475961538,1
-466.0458679199219,52.52111053466797,-14.982536315917969,19.248600006103516,-23.421749114990234,1.5424286127090454,-12.833809852600098,-2.3526744842529297,-12.832261085510254,-5.446009159088135,-2.432852268218994,-2.2791988849639893,-6.537300109863281,0.26887238025665283,0.29041337966918945,0.22335918247699738,0.21139393746852875,0.22652921080589294,0.2482253462076187,0.2492845356464386,0.29157358407974243,0.34525883197784424,0.3655110001564026,0.31569746136665344,0.2388821244239807,19.499919043259524,17.466813860398123,18.346193237101147,17.417716243763845,17.35629599316161,19.40798098597222,47.82265724950959,0.12532677283653845,1
-639.5958862304688,54.245540618896484,-8.42845630645752,35.96582794189453,-10.761610984802246,3.6121840476989746,-21.616901397705078,6.555708408355713,-10.214090347290039,-0.12977845966815948,-4.5743088722229,-5.548272132873535,-2.7412521839141846,0.206985741853714,0.18602299690246582,0.19332003593444824,0.21299335360527039,0.2303522825241089,0.2326391041278839,0.20412787795066833,0.19304828345775604,0.22813478112220764,0.2486547976732254,0.24332351982593536,0.21378663182258606,20.37294723313541,16.232403615521665,17.97151494943857,16.427717529334178,17.11203264576597,16.977653619024753,44.66585251936389,0.08881460336538462,1
-607.443603515625,78.55436706542969,-15.302657127380371,33.678367614746094,-23.38884925842285,11.246296882629395,-22.994678497314453,15.19742488861084,-16.3783016204834,1.520693302154541,-3.7619411945343018,-5.596676349639893,-2.4669480323791504,0.1520879566669464,0.18936856091022491,0.261043906211853,0.38042187690734863,0.38101810216903687,0.2744876444339752,0.18545591831207275,0.19418735802173615,0.24351739883422852,0.2698003053665161,0.28001442551612854,0.2154347449541092,23.3148730870686,18.010332978182298,17.42629108918885,17.273995572707832,17.76935808083456,19.495251294788943,52.35674861756263,0.10862004206730769,1
-479.17645263671875,47.86634826660156,-12.331850051879883,36.62178039550781,-21.12103843688965,6.235023021697998,-28.268617630004883,5.274354934692383,-13.530329704284668,-2.836488723754883,-11.249724388122559,-6.519660949707031,-7.793508529663086,0.10810741037130356,0.07206336408853531,0.06561150401830673,0.0955122634768486,0.18702566623687744,0.29611101746559143,0.2059462070465088,0.23428525030612946,0.28858304023742676,0.3173300325870514,0.20669884979724884,0.15205468237400055,25.46865358601506,20.16049103445806,21.67765163540955,18.833518779849992,19.34229898273858,21.5891858589371,52.53344260262909,0.11625600961538461,1
-555.0260620117188,26.92239761352539,-3.008984327316284,32.91387176513672,-11.979866981506348,15.532676696777344,-32.07042694091797,10.64863109588623,-8.363118171691895,2.554544687271118,-3.914865255355835,-3.8823018074035645,2.6155757904052734,0.1622876524925232,0.15460684895515442,0.17648263275623322,0.23076407611370087,0.26877710223197937,0.250580757856369,0.21433541178703308,0.24419789016246796,0.31161144375801086,0.32884663343429565,0.38209131360054016,0.27091124653816223,19.428510440252413,14.634416289726358,15.760517986579064,14.89951980008164,16.741228375718567,19.159189649822622,50.227637207860425,0.20505934495192307,1
-530.4817504882812,52.91386032104492,-11.320947647094727,51.3929328918457,-17.774372100830078,1.9847983121871948,-32.2031135559082,11.237655639648438,-17.365386962890625,2.0965096950531006,-6.1873555183410645,-8.36751651763916,-4.33416748046875,0.10625480860471725,0.08414256572723389,0.13720344007015228,0.23470854759216309,0.3304688632488251,0.3749363422393799,0.2862316071987152,0.14518584311008453,0.15253287553787231,0.20127928256988525,0.1732582002878189,0.16594645380973816,23.895496300502828,20.090645747287923,18.778754855133,17.91226524093946,18.70945843498893,19.23213964568727,52.16298650831841,0.11141826923076924,1
-480.4638366699219,57.984161376953125,-19.87272071838379,43.206478118896484,-16.781307220458984,-3.660719394683838,-25.290935516357422,-0.248138427734375,-15.626808166503906,-7.927181243896484,-10.243321418762207,-5.2598443031311035,-7.509118556976318,0.14200225472450256,0.15461061894893646,0.1606406420469284,0.1648050993680954,0.20208638906478882,0.29647594690322876,0.34556183218955994,0.27394917607307434,0.3369629383087158,0.31277599930763245,0.16749027371406555,0.14251810312271118,22.972330563421817,18.171390315568637,20.497501455921043,17.75353100747485,17.937193951380678,19.87340840147003,50.31864339139194,0.0890850360576923,1
-614.7640380859375,38.707157135009766,-12.528883934020996,18.11993980407715,-8.29970932006836,2.062978744506836,-8.556796073913574,0.402191162109375,-6.2269697189331055,-0.5665669441223145,-3.759598731994629,-2.8447792530059814,-3.7383873462677,0.12091536819934845,0.11643391847610474,0.1464967578649521,0.1671200692653656,0.1614636480808258,0.17940185964107513,0.19491267204284668,0.19521614909172058,0.1851981282234192,0.1769275665283203,0.13101769983768463,0.11729622632265091,18.917161534115053,16.49836257637052,16.141902699985597,15.949457498762296,16.27452885518507,16.919966196689877,35.09042268670563,0.04740084134615385,1
-538.8573608398438,57.31474685668945,-17.088924407958984,32.572349548339844,-16.02642822265625,1.380232572555542,-22.983524322509766,4.5913848876953125,-10.418843269348145,2.506110906600952,-4.636875152587891,-4.172404766082764,-4.987522602081299,0.18338672816753387,0.13949358463287354,0.1460636407136917,0.22793233394622803,0.3092974126338959,0.23857557773590088,0.16961346566677094,0.18730738759040833,0.2335822433233261,0.22993624210357666,0.22643832862377167,0.1850954294204712,23.78590921592059,20.118069630945577,18.938542108093532,18.627117134977745,18.392389121903726,21.670618651138522,51.575929886495,0.1244854266826923,1
-449.1194152832031,47.53566360473633,-14.066253662109375,34.52639389038086,-19.93512535095215,-9.343810081481934,-19.537010192871094,-3.954277992248535,-8.411702156066895,-6.200806617736816,-8.04434871673584,-3.159644365310669,-5.871129989624023,0.16850577294826508,0.1976911723613739,0.12641285359859467,0.13705411553382874,0.22245794534683228,0.2726364731788635,0.2406838834285736,0.1895478516817093,0.1759553700685501,0.1849457025527954,0.23538343608379364,0.19407020509243011,23.313171997768993,21.978621166691696,21.968075508209147,18.635199871450844,20.02007648732962,23.569385072561097,51.286072662964386,0.106396484375,1
-481.9512939453125,50.53726577758789,-3.1984829902648926,29.33639144897461,-12.854582786560059,5.737517833709717,-29.847944259643555,4.6202073097229,-15.025910377502441,-1.5037169456481934,-9.866430282592773,-5.278683662414551,-6.133011341094971,0.15254689753055573,0.13573090732097626,0.13162042200565338,0.17910592257976532,0.22097177803516388,0.22438055276870728,0.20448216795921326,0.16396579146385193,0.23392164707183838,0.2982203960418701,0.39647382497787476,0.26505857706069946,23.712525744681937,19.256628974820195,19.36988935642068,18.826582005742786,18.02847315136848,23.62851048015696,52.15681119846331,0.15824068509615385,1
-536.615478515625,59.190486907958984,-24.954687118530273,40.33643341064453,-23.543256759643555,14.697813987731934,-19.070993423461914,3.7611007690429688,-15.532183647155762,-1.7040737867355347,-8.168014526367188,-8.6236572265625,-5.9205708503723145,0.15578019618988037,0.20704375207424164,0.1883840560913086,0.17145936191082,0.2233603447675705,0.33694714307785034,0.3482933044433594,0.3250873386859894,0.3121257424354553,0.29053202271461487,0.2292109876871109,0.15476258099079132,22.835768298277614,18.08745043677733,19.22990918751122,17.000376517020996,17.526413274066215,19.52515591727439,51.51082184515258,0.13154296875,1
-619.728515625,59.90163040161133,-16.54673194885254,22.29180908203125,-8.218637466430664,0.7024639248847961,-17.978946685791016,-3.5119707584381104,-6.581860542297363,0.6675732731819153,-5.855599403381348,-0.403504878282547,0.15273214876651764,0.14719849824905396,0.1389474868774414,0.18584804236888885,0.21797817945480347,0.20309136807918549,0.20647330582141876,0.1851065307855606,0.12624230980873108,0.15038049221038818,0.15273678302764893,0.1468588262796402,0.1426059454679489,21.568532411275886,18.250162499522496,19.02964024655481,17.85674236351864,18.29148183272193,19.929145416007277,41.554231426979506,0.058759014423076926,1
-511.40325927734375,42.47697448730469,-11.84847354888916,38.603477478027344,-17.883607864379883,8.223094940185547,-25.10430908203125,4.7236809730529785,-12.114191055297852,-2.140378475189209,-11.309818267822266,-8.566987991333008,-5.6530442237854,0.10478843003511429,0.08569929748773575,0.07957104593515396,0.07978963851928711,0.13778404891490936,0.24972842633724213,0.2688417136669159,0.3116743862628937,0.380810022354126,0.38512369990348816,0.3113398253917694,0.22841067612171173,21.59414180188342,17.47196279688795,19.405431958395617,16.465565692060018,16.887783788611923,21.038580116106445,49.41205894031833,0.15179912860576922,1
-544.693359375,44.067012786865234,-4.361257553100586,46.139408111572266,-20.70890998840332,14.582093238830566,-31.943809509277344,7.766480445861816,-17.0727596282959,-2.7397220134735107,-7.863564968109131,-9.880961418151855,-4.43775749206543,0.07023334503173828,0.0596332810819149,0.0859135314822197,0.14087031781673431,0.1938900500535965,0.2623941898345947,0.2827979624271393,0.38263195753097534,0.3909774720668793,0.29180705547332764,0.20689448714256287,0.11046449840068817,22.126268379903543,18.835736834615645,20.98403380507911,17.581395839501763,19.258518925549517,21.287007113933843,52.70999932592386,0.15972806490384617,1
-508.6727294921875,48.43901824951172,-7.449115753173828,33.599754333496094,-20.876646041870117,5.811535835266113,-26.745128631591797,2.5980825424194336,-11.120443344116211,-0.9083553552627563,-10.3699951171875,-7.234384059906006,-1.209870457649231,0.15487371385097504,0.08087955415248871,0.089573934674263,0.14739438891410828,0.26256176829338074,0.3345944583415985,0.2003241926431656,0.2626364529132843,0.36052006483078003,0.32208022475242615,0.2471560537815094,0.19415144622325897,22.25217700494319,18.12879857140573,19.957071168969026,17.864879692852845,17.62248491925296,18.322660091374047,51.09015763116894,0.10148362379807692,1
-560.242919921875,65.9143295288086,6.432831287384033,31.9420108795166,-15.347912788391113,9.023037910461426,-34.8839225769043,8.489049911499023,-10.935199737548828,-5.879709243774414,-7.715837478637695,-5.567066669464111,-5.567776679992676,0.20605722069740295,0.14870522916316986,0.16124814748764038,0.21634721755981445,0.31275689601898193,0.37453821301460266,0.24272459745407104,0.1982901692390442,0.17735573649406433,0.16450315713882446,0.18105019629001617,0.21213841438293457,25.20331225334088,19.196214198941338,19.185955975409925,19.42542220792366,18.46253174400572,21.268271071918793,52.89006564337209,0.10367713341346153,1
-548.41552734375,35.56077194213867,-11.733094215393066,24.304962158203125,-16.055191040039062,5.543140411376953,-20.287857055664062,3.9564743041992188,-8.008758544921875,-1.5923265218734741,-6.644113540649414,-8.363669395446777,-4.905234336853027,0.1832224577665329,0.15069469809532166,0.1000741496682167,0.12534184753894806,0.22575850784778595,0.3575434386730194,0.30351194739341736,0.27798280119895935,0.2721225321292877,0.28840383887290955,0.20985053479671478,0.15110088884830475,23.740827727708535,19.923667803887696,20.460620550973868,18.422399889964442,19.414570233952144,21.357554301429136,46.9675883575462,0.11144456129807692,1
-560.7659301757812,44.03858184814453,-13.110225677490234,17.44032096862793,-6.246729850769043,-5.363959312438965,-14.132633209228516,-1.951433539390564,-4.848121166229248,-0.9766276478767395,-10.743245124816895,-6.912453651428223,-4.991603374481201,0.0963873341679573,0.057877108454704285,0.040755949914455414,0.048865970224142075,0.11815425008535385,0.300769180059433,0.3284708559513092,0.24267950654029846,0.1581501066684723,0.1189873218536377,0.13815419375896454,0.11168115586042404,20.987617366075426,18.42492919603796,18.42916430800783,17.17626994075857,17.81751252352879,18.41207726513205,38.727945548233336,0.048174579326923074,1
-538.0387573242188,20.716445922851562,-15.326258659362793,28.899282455444336,-12.560941696166992,10.234574317932129,-14.255558967590332,5.8795294761657715,-6.59661865234375,0.3262700140476227,-6.3890228271484375,-6.271785736083984,-1.525607943534851,0.15837335586547852,0.17406539618968964,0.2406948208808899,0.2347576767206192,0.2654091417789459,0.2557682693004608,0.20390768349170685,0.23275043070316315,0.2507350444793701,0.30166947841644287,0.43330809473991394,0.21379348635673523,18.219786768442567,18.676519082019244,20.510196071862406,17.25510670480859,18.65410530207399,20.36575210016976,50.2462738184507,0.16453200120192307,1
-481.8565673828125,47.897216796875,-4.190083026885986,41.47726821899414,-16.608562469482422,-2.782280921936035,-26.261734008789062,2.3517005443573,-15.106475830078125,-5.49931526184082,-7.554463863372803,-6.592166900634766,-9.436692237854004,0.09745772927999496,0.08213373273611069,0.13009124994277954,0.16874822974205017,0.21932701766490936,0.25776076316833496,0.24730359017848969,0.26745983958244324,0.24428781867027283,0.2458747774362564,0.22548626363277435,0.1400459110736847,24.97322833182068,21.28182604102162,20.81435529233045,18.347004059832404,19.543300319800725,23.104599065091026,51.91287925306111,0.11802133413461538,1
-531.8652954101562,47.47978591918945,-6.621114730834961,33.054954528808594,-11.133886337280273,1.1884690523147583,-17.869375228881836,4.662754535675049,-9.712821006774902,-2.934257745742798,-5.425671577453613,-4.799442291259766,-4.220376491546631,0.13914503157138824,0.13842184841632843,0.15085481107234955,0.23169471323490143,0.2890569567680359,0.27956125140190125,0.22135195136070251,0.2528456151485443,0.3291465938091278,0.2836443781852722,0.26341524720191956,0.21358947455883026,21.63678569600169,18.331594352740417,18.24593301249258,17.344411684158548,17.826583706075674,17.662065416631894,49.21707152852594,0.12584510216346154,1
-595.7650146484375,29.42828941345215,-1.738206148147583,10.662992477416992,-10.085776329040527,7.406027317047119,-12.998745918273926,4.3250555992126465,-9.041298866271973,-0.23409922420978546,-2.295210123062134,0.8037204742431641,1.734849214553833,0.16494978964328766,0.1690763384103775,0.18208181858062744,0.17404620349407196,0.16679581999778748,0.13074631989002228,0.12393291294574738,0.16663600504398346,0.18360337615013123,0.18897724151611328,0.1835016906261444,0.1546063870191574,18.315337444140614,16.268865839932808,16.10998839609665,15.441855317030322,16.032854758049545,17.26989295624871,35.61523996390832,0.082373046875,1
-501.96258544921875,65.6115493774414,-21.084054946899414,26.318992614746094,-18.20111656188965,9.414773941040039,-21.385244369506836,2.8416144847869873,-12.780848503112793,1.7032439708709717,-4.766773223876953,-5.380712985992432,-8.045433044433594,0.13462866842746735,0.12473312020301819,0.14181828498840332,0.17935234308242798,0.23880316317081451,0.31347358226776123,0.30255624651908875,0.2666473984718323,0.3122778832912445,0.320024311542511,0.2856815457344055,0.19302697479724884,21.986531094521133,17.378599527130426,18.431068644718568,16.05496311001397,18.10842743602771,19.561808570412136,49.24331077902914,0.10824068509615385,1
-513.6947021484375,57.59931564331055,-4.084484100341797,33.19721221923828,-12.966832160949707,9.273313522338867,-26.353269577026367,4.747612953186035,-14.755369186401367,-2.8345947265625,-7.29533052444458,-8.622115135192871,-6.677450656890869,0.0934944599866867,0.08400247991085052,0.08887437731027603,0.10935230553150177,0.1984081268310547,0.3483717143535614,0.3256024420261383,0.27995842695236206,0.25525984168052673,0.19599969685077667,0.1548565775156021,0.10075054317712784,24.687960255685372,19.763558642892434,19.98871238769036,17.085855563598116,18.4019275041309,20.59546641243325,50.844775627096574,0.10918344350961538,1
-666.1707763671875,21.35626792907715,2.0477380752563477,22.389873504638672,-3.1843087673187256,4.851718902587891,-8.905691146850586,3.375417947769165,-2.8418121337890625,-1.2326254844665527,-1.848763108253479,-2.8612334728240967,0.798757791519165,0.15325993299484253,0.12287317961454391,0.122479647397995,0.1381763368844986,0.20358869433403015,0.2513611316680908,0.16818395256996155,0.15016816556453705,0.14274592697620392,0.1671779304742813,0.1647774577140808,0.18145039677619934,20.708940515804706,17.656541783963508,17.378070548005024,17.62842540514769,17.83944540937189,17.788653791069805,37.93999819379892,0.07357647235576924,1
-498.5848388671875,64.74713897705078,-16.022539138793945,29.050983428955078,-18.64151954650879,8.659762382507324,-35.65494155883789,0.09567999839782715,-13.45957088470459,-6.5515522956848145,-7.767826557159424,-4.547059059143066,-3.7543959617614746,0.08546001464128494,0.1479031890630722,0.1605731099843979,0.1371617317199707,0.19246906042099,0.30542704463005066,0.35152363777160645,0.2893422245979309,0.32836320996284485,0.2824414074420929,0.1990247368812561,0.10825744271278381,22.851097043801573,18.980548124207,20.39302074018162,18.553980517904808,19.516198029273536,21.50893240309925,50.83564358372819,0.13330829326923077,1
-484.308349609375,48.869667053222656,1.2811429500579834,27.8731632232666,-19.495431900024414,3.0762619972229004,-26.260143280029297,0.8681069016456604,-16.613378524780273,-5.1754984855651855,-6.768249988555908,-8.515748023986816,-7.1639628410339355,0.12163680046796799,0.10827721655368805,0.16264137625694275,0.17233577370643616,0.1701207011938095,0.1554347425699234,0.1493382602930069,0.24804657697677612,0.39136797189712524,0.34469208121299744,0.19375662505626678,0.12418940663337708,22.339664986749153,21.715778646789808,21.821431175108263,20.621808533075615,18.952179980336357,21.380498654421604,52.35475416495541,0.12560096153846154,1
-458.0835876464844,61.32908248901367,-25.890636444091797,31.759063720703125,-26.75571060180664,3.063878059387207,-24.199312210083008,-1.0032035112380981,-14.720776557922363,-2.5070571899414062,-6.573936939239502,-4.9535017013549805,-9.441789627075195,0.19596150517463684,0.12766200304031372,0.10817892849445343,0.14730265736579895,0.24340172111988068,0.28587350249290466,0.197051003575325,0.21524491906166077,0.26558011770248413,0.27945518493652344,0.29788437485694885,0.2730139493942261,19.953691578796132,20.22617747297187,20.277925765186534,17.346156925230172,18.556199570497835,21.46539160075859,50.82511124168362,0.11228215144230769,1
-494.0433349609375,59.29531478881836,-23.986135482788086,45.994171142578125,-18.881084442138672,0.47936734557151794,-24.927310943603516,-2.6320712566375732,-13.121440887451172,-0.20875637233257294,-8.785148620605469,-5.222833633422852,-5.149928569793701,0.17059873044490814,0.1323249489068985,0.18088994920253754,0.2806326448917389,0.34346190094947815,0.34299540519714355,0.336649626493454,0.2974715530872345,0.23174647986888885,0.16589626669883728,0.19975322484970093,0.25025850534439087,23.597485597219453,18.536460727210034,19.378538989897866,17.90243650597938,18.43827795951695,19.169496446286946,50.52291400775237,0.09123722956730769,1
-480.6951904296875,52.72671127319336,-14.260930061340332,31.76506996154785,-15.284464836120605,-6.820240020751953,-13.27590274810791,-2.089747428894043,-13.286375999450684,-5.351368427276611,-7.424988269805908,-4.962100982666016,-7.267155647277832,0.14568445086479187,0.12544237077236176,0.12305610626935959,0.17741000652313232,0.16243717074394226,0.2667181193828583,0.3565288782119751,0.25410979986190796,0.24130631983280182,0.2164287269115448,0.17976844310760498,0.19567637145519257,23.747451155027534,21.092030042376667,20.5581852996211,18.02872519952833,19.1265872007493,20.78369204368527,49.96690548255859,0.08179462139423077,1
-478.4576416015625,51.766212463378906,-14.153741836547852,47.02389144897461,-20.23674201965332,-2.1855623722076416,-23.061370849609375,-1.260573387145996,-13.628307342529297,-1.943500280380249,-7.650631904602051,-4.549396991729736,-5.857145309448242,0.12658725678920746,0.12823952734470367,0.12201733142137527,0.18534089624881744,0.22711646556854248,0.33915868401527405,0.3550891876220703,0.25881457328796387,0.2770262062549591,0.2600557506084442,0.214478999376297,0.1634073406457901,22.613251467962705,19.331842170893665,19.21011932570139,17.19866476784057,18.63604070652047,21.211948729335838,49.943126421655094,0.10523587740384616,1
-504.71441650390625,46.702022552490234,-10.153715133666992,32.13407516479492,-20.482107162475586,3.951517343521118,-15.060155868530273,1.340148687362671,-11.284972190856934,-3.5854249000549316,-4.69596004486084,-4.936228275299072,-4.397819995880127,0.22883431613445282,0.17914621531963348,0.22567397356033325,0.33109867572784424,0.2598273754119873,0.23384445905685425,0.23011846840381622,0.2563383877277374,0.3608558773994446,0.3399052619934082,0.28471750020980835,0.23680070042610168,21.219954409500623,17.96239560292525,19.91607108021599,18.249892098644374,17.738873695697176,18.485234058304957,50.561505790301155,0.1091045673076923,1
-480.9269104003906,61.468841552734375,0.7251831293106079,17.630626678466797,-12.083375930786133,0.9461764097213745,-29.602418899536133,-0.8004673719406128,-15.861215591430664,-4.141385555267334,-6.6395769119262695,-8.57897663116455,-7.644177436828613,0.15609386563301086,0.18170231580734253,0.10758931189775467,0.07306646555662155,0.11372760683298111,0.20169657468795776,0.20413300395011902,0.18984320759773254,0.25431910157203674,0.27129796147346497,0.2691934406757355,0.21627724170684814,22.130010217143564,21.81383429591498,21.232686841476223,19.768883699707335,18.668311691845368,21.547806773709176,51.03963348230031,0.0963604266826923,1
-546.6423950195312,53.699684143066406,0.5156949758529663,33.236515045166016,-2.109182357788086,3.2082982063293457,-23.99913215637207,6.1120076179504395,-9.314752578735352,-1.6742247343063354,-5.792001724243164,-7.36843729019165,-2.9118447303771973,0.09351098537445068,0.10579502582550049,0.1273583173751831,0.2262219786643982,0.36242347955703735,0.3906700909137726,0.2899300158023834,0.20603302121162415,0.20098447799682617,0.16485729813575745,0.17960867285728455,0.10863729566335678,23.878845984274726,21.311920831972973,20.023004484445472,19.05362176453012,19.203280636234854,21.268537682034857,53.431175343693575,0.09875676081730769,1
-557.4315185546875,73.75074768066406,-5.788361072540283,34.59864044189453,-15.823633193969727,7.46342134475708,-28.732328414916992,8.741121292114258,-16.2426700592041,-1.4652671813964844,-5.154870986938477,-5.975227355957031,-1.9936680793762207,0.1342242956161499,0.12329946458339691,0.15899834036827087,0.2954372465610504,0.3677508234977722,0.37049970030784607,0.196402445435524,0.14600792527198792,0.15280000865459442,0.17148864269256592,0.23797199130058289,0.1951218545436859,22.681727956529127,17.620149628969347,18.24537380300468,17.478707314577928,18.02080867698642,18.471685511559127,50.870853703952776,0.09816331129807693,1
-649.3707885742188,50.90853500366211,-19.509597778320312,34.097469329833984,-12.257000923156738,5.854949951171875,-23.162755966186523,6.7821173667907715,-6.792778015136719,2.536691904067993,-6.3701629638671875,-6.774858474731445,-1.1550058126449585,0.14549918472766876,0.12235143780708313,0.15749695897102356,0.1544906347990036,0.17839054763317108,0.26414304971694946,0.21683543920516968,0.12073719501495361,0.15326355397701263,0.17116189002990723,0.16340576112270355,0.1865108609199524,20.34779066572153,17.604711094452224,18.32943219894455,16.08682586170752,16.28537786598015,17.034497533173806,42.904394324581126,0.08327448918269231,1
-582.1210327148438,71.40958404541016,1.7788618803024292,39.934391021728516,-17.022483825683594,5.1890788078308105,-25.912580490112305,14.342411994934082,-20.009912490844727,-2.395721673965454,-1.285709261894226,-4.449463844299316,-3.3500258922576904,0.1965693086385727,0.22856371104717255,0.2761407196521759,0.304996132850647,0.3014232814311981,0.3464728891849518,0.3691542446613312,0.25264060497283936,0.20032556354999542,0.16729208827018738,0.1788724958896637,0.191110759973526,22.89016257766371,16.071357304373024,17.67503010964799,16.078744911790135,18.080505438069913,16.852569938694284,51.186187768668596,0.084130859375,1
-476.2441101074219,66.0009536743164,-19.85125160217285,31.74828338623047,-17.616483688354492,1.8069920539855957,-36.26880645751953,2.5677082538604736,-13.235152244567871,-4.464308738708496,-8.990227699279785,-11.110464096069336,-6.082595348358154,0.12225259840488434,0.14143234491348267,0.12165115773677826,0.15046924352645874,0.1635412573814392,0.2465905100107193,0.31920915842056274,0.32627812027931213,0.2795446515083313,0.17116312682628632,0.11493390053510666,0.0827992781996727,22.984778913225966,19.83994112258704,19.96131182250409,17.983850426840938,18.966842165136033,18.416480981038337,52.26777806909226,0.0746807391826923,1
-618.8426513671875,46.82451629638672,-2.739391803741455,38.336177825927734,-2.5101406574249268,2.8555781841278076,-15.28057861328125,2.2623937129974365,-6.356448650360107,-3.0144412517547607,-6.678235054016113,-4.458469867706299,1.3104090690612793,0.29660817980766296,0.2670808434486389,0.24189122021198273,0.2774242162704468,0.3020608425140381,0.2777758538722992,0.21897950768470764,0.22789253294467926,0.2281080037355423,0.1733636111021042,0.21083486080169678,0.25139370560646057,22.458077029672395,18.026318792439767,18.132641545895478,17.61433988184557,19.2923263427383,20.40494846940391,48.79303334329902,0.10663686899038462,1
-503.9941711425781,68.25128936767578,-12.840004920959473,26.919374465942383,-11.127573013305664,2.181124448776245,-26.694530487060547,0.3886723518371582,-8.117563247680664,-4.908709526062012,-6.8238325119018555,-4.600985050201416,-3.888889789581299,0.19389651715755463,0.24098113179206848,0.2591254413127899,0.22343809902668,0.2459641993045807,0.35453617572784424,0.30948588252067566,0.2553398907184601,0.21098217368125916,0.21127073466777802,0.179036483168602,0.17654819786548615,25.685872361394896,18.50310649397283,18.735666853922844,17.88778869095154,18.695729686966644,18.772391135003186,51.45606875721536,0.07205153245192308,1
-456.3109436035156,43.51275634765625,-27.34490203857422,40.376983642578125,-27.33714485168457,-1.1865863800048828,-32.28612518310547,-3.326234817504883,-17.656824111938477,0.12856386601924896,-12.370956420898438,-2.8903489112854004,-6.566056728363037,0.16286835074424744,0.19313810765743256,0.14727921783924103,0.08997148275375366,0.08473473787307739,0.12969855964183807,0.1546001434326172,0.23950667679309845,0.3211609423160553,0.3248828947544098,0.31211280822753906,0.20690849423408508,20.323610359160938,22.69677279180759,24.149675167453392,20.488470460630552,20.324890589858303,25.035246118399076,53.819099621271064,0.13802584134615384,1
-647.1744995117188,47.532711029052734,-9.746736526489258,30.117694854736328,-10.34029483795166,13.285786628723145,-22.52105140686035,9.05842113494873,-8.374273300170898,5.1206817626953125,-2.9094443321228027,-5.505839824676514,3.9506995677948,0.3002941310405731,0.2238304316997528,0.25200456380844116,0.2885681390762329,0.40392830967903137,0.3432588279247284,0.2796299159526825,0.24232317507266998,0.21750439703464508,0.20193111896514893,0.21588684618473053,0.3382887542247772,20.116831083363614,12.916163671813763,15.715750809212478,14.267460926810806,15.900899633074054,15.058796302485455,47.75500384162075,0.13553560697115385,1
-439.1968078613281,53.13897705078125,-38.171409606933594,11.519816398620605,-22.66221046447754,1.2190276384353638,-9.958906173706055,-5.266609191894531,-5.172257900238037,-2.3677828311920166,-9.879281997680664,-16.050981521606445,-10.55547046661377,0.19241753220558167,0.12257379293441772,0.1004626452922821,0.19223085045814514,0.2908118963241577,0.2600990831851959,0.20239387452602386,0.18320102989673615,0.22497674822807312,0.288998544216156,0.28941866755485535,0.27148428559303284,17.952426550177105,21.962685295339202,21.186796563637,19.407247507078285,20.34428143008074,22.372227971074704,51.25685096108758,0.11243239182692308,1
-475.564697265625,64.54931640625,-24.343372344970703,24.34600067138672,-21.160654067993164,2.753537654876709,-22.457008361816406,-4.410220146179199,-13.770447731018066,-0.05536945164203644,-4.328897476196289,-4.137882232666016,-3.8331198692321777,0.21951048076152802,0.215623676776886,0.23531474173069,0.1675940454006195,0.2040959894657135,0.3114563524723053,0.3046724498271942,0.27009305357933044,0.1991959810256958,0.1780032366514206,0.13536761701107025,0.14124895632266998,22.542439623829893,17.688262983092695,18.27334778187083,17.08206211265854,17.254748449287217,18.932829950830005,51.65761193619622,0.10865760216346154,1
-485.01953125,51.22210693359375,-14.792339324951172,31.45636558532715,-12.217453956604004,6.06321382522583,-23.124650955200195,2.9821712970733643,-8.650872230529785,-2.0695576667785645,-7.246457576751709,-6.686277389526367,-6.290014743804932,0.07988016307353973,0.07088708877563477,0.10311639308929443,0.19311437010765076,0.27272164821624756,0.26020804047584534,0.22677448391914368,0.2701176702976227,0.28913795948028564,0.289646178483963,0.26381680369377136,0.14370226860046387,22.85006440363792,19.509428683554887,20.12118767391429,17.97085670293704,17.827735178365153,20.581301230716157,50.86343401152601,0.11671424278846154,1
-567.3535766601562,63.39097213745117,-2.6032304763793945,19.95640754699707,-16.120861053466797,3.800124168395996,-20.12225914001465,10.159395217895508,-13.736377716064453,-1.954888939857483,-4.931877136230469,-7.6042680740356445,-3.921175956726074,0.11829052865505219,0.12093529850244522,0.1762673407793045,0.17302896082401276,0.2076471447944641,0.26080629229545593,0.27085092663764954,0.21990257501602173,0.22023209929466248,0.24568504095077515,0.189895898103714,0.1426560878753662,22.981989513671042,18.852402757519066,19.450853092827504,19.489455526329277,18.488587573662574,18.978954623048594,50.459356973960865,0.07086463341346154,1
-583.4307250976562,57.20270919799805,3.1535964012145996,42.775272369384766,-13.782792091369629,5.930568218231201,-30.94133949279785,8.879111289978027,-13.576601028442383,0.3825145959854126,-5.961142539978027,-6.013542652130127,-2.437089204788208,0.1364143341779709,0.14744426310062408,0.23810771107673645,0.35235899686813354,0.3368256092071533,0.22092394530773163,0.15526986122131348,0.1572394222021103,0.18678230047225952,0.21623647212982178,0.22227881848812103,0.16294904053211212,24.191806812813162,20.91531404897221,19.337808218678493,18.563563147383427,19.188971114602488,21.75600393849908,53.35342110308113,0.12863206129807692,1
-504.8497619628906,65.32140350341797,-17.993541717529297,27.820980072021484,-6.327819347381592,-2.129136800765991,-32.596900939941406,-0.23564881086349487,-8.725275993347168,-2.753474235534668,-9.50157642364502,-4.3721466064453125,-4.359894752502441,0.1027018204331398,0.09881573170423508,0.1083475723862648,0.17783665657043457,0.3172290027141571,0.43952760100364685,0.3563191890716553,0.2557457387447357,0.1413588672876358,0.13285702466964722,0.13845495879650116,0.09586550295352936,25.487544384860914,21.310583093435525,20.849888671798244,19.27590748706771,20.51179283985412,20.326342967566987,52.43419795174645,0.07559344951923076,1
-540.5614624023438,62.819122314453125,-7.834434986114502,29.911582946777344,-13.49830150604248,8.052489280700684,-29.267065048217773,11.469812393188477,-14.222997665405273,-1.044767141342163,-7.481876850128174,-7.187901973724365,-2.1526594161987305,0.12399125844240189,0.09974405914545059,0.10797028243541718,0.18733538687229156,0.3595505654811859,0.4317185580730438,0.29577136039733887,0.18467125296592712,0.20442156493663788,0.15809668600559235,0.1273604780435562,0.14992138743400574,24.32405625248644,19.51022320137839,18.85025198421837,18.45653026534403,17.670859630558105,19.208699853885992,52.936064403559364,0.10548377403846154,1
-494.7865295410156,57.82242965698242,-13.014588356018066,35.10625076293945,-13.007373809814453,-0.019580546766519547,-28.589603424072266,4.86868953704834,-13.217046737670898,-2.9051034450531006,-8.827241897583008,-7.3828959465026855,-7.370667934417725,0.11172538250684738,0.09849952906370163,0.11053580790758133,0.16952084004878998,0.25235995650291443,0.3021191358566284,0.2653738558292389,0.29774099588394165,0.2554013431072235,0.22386594116687775,0.2276340276002884,0.1389537751674652,23.824297744843772,17.490180770307422,18.878958315928195,16.886816874148888,18.54665634351931,20.140765844988827,49.78315905216943,0.10425931490384616,1
-483.23822021484375,58.3375244140625,-28.306135177612305,29.646015167236328,-27.56753158569336,10.271278381347656,-28.482460021972656,2.6345157623291016,-12.962520599365234,-1.704110026359558,-6.400819778442383,-5.911219120025635,-5.9171905517578125,0.13092580437660217,0.10654205083847046,0.11852101981639862,0.1157722994685173,0.13706886768341064,0.16563837230205536,0.22585760056972504,0.2820488512516022,0.34523072838783264,0.2864367961883545,0.2569456100463867,0.24047419428825378,20.734076289999134,20.021517171107035,20.81895636047716,17.549762931678316,18.029537977653376,20.45727560923846,51.72882499445779,0.12547325721153846,1
-702.9940795898438,42.66082763671875,-13.1716890335083,16.107362747192383,-4.958216190338135,0.10196025669574738,-10.4073486328125,2.382096529006958,-7.012306213378906,-0.9329990148544312,-4.847217559814453,-4.616364479064941,-2.6607866287231445,0.073099784553051,0.0819624587893486,0.11055587232112885,0.1925186812877655,0.26133018732070923,0.1623855084180832,0.09465021640062332,0.08890845626592636,0.07414424419403076,0.04435143992304802,0.06224317103624344,0.10262531787157059,19.60625105096585,17.85561651396821,16.46013894922604,15.942240415444349,16.113842920531972,16.064774461139155,32.76057407039676,0.028932601686507936,1
-492.7686767578125,67.01622009277344,-13.586743354797363,19.456987380981445,-19.658283233642578,9.185697555541992,-23.74884605407715,4.13111686706543,-7.676461696624756,-1.453261137008667,-1.981606364250183,-4.884102821350098,-9.096473693847656,0.14275367558002472,0.1660374253988266,0.2184094339609146,0.3319447338581085,0.3893386125564575,0.34240010380744934,0.30892038345336914,0.3009454011917114,0.2837744951248169,0.19153863191604614,0.1854306161403656,0.1657809615135193,24.380446827044796,17.017411981518325,19.074226751269418,17.266217146851556,18.588492701714124,20.72169720846759,49.75259422191954,0.10503305288461538,1
-543.2093505859375,41.258277893066406,0.1945411115884781,29.165952682495117,-6.586859703063965,3.7567546367645264,-19.085432052612305,1.1312180757522583,-7.2952799797058105,-4.422755718231201,-4.972877025604248,-4.675078868865967,-5.239058971405029,0.11166584491729736,0.12673631310462952,0.1486826390028,0.18037313222885132,0.33681800961494446,0.38345223665237427,0.333981454372406,0.29437923431396484,0.34256306290626526,0.335183322429657,0.2248689979314804,0.1556677371263504,22.934430502202094,18.680008608071688,17.0979730041398,17.323163191106424,17.304967026290413,17.94091807342273,49.486306739213795,0.12993915264423078,1
-542.085205078125,32.9659423828125,-2.458437919616699,22.535350799560547,-12.507150650024414,6.354257583618164,-20.682621002197266,2.9060099124908447,-12.4912748336792,-2.434969186782837,-4.204781532287598,-5.375828742980957,-3.3069047927856445,0.08552098274230957,0.058400027453899384,0.06749776750802994,0.11954592168331146,0.1999228447675705,0.17638731002807617,0.1803315430879593,0.21940478682518005,0.2689542770385742,0.24432115256786346,0.17104682326316833,0.17493218183517456,22.851327512864554,20.041046414644825,21.75132621459146,18.986140721875394,19.66035241738904,20.910628445995748,45.63816757467434,0.10595327524038461,1
-514.4094848632812,67.80879211425781,-11.131223678588867,28.8123722076416,-19.49874496459961,8.357805252075195,-28.245040893554688,3.821277141571045,-10.464592933654785,-5.142704486846924,-9.855968475341797,-7.767683506011963,-7.64356803894043,0.16150115430355072,0.16057738661766052,0.15899644792079926,0.1932312250137329,0.3111732602119446,0.3211803138256073,0.21390140056610107,0.19962185621261597,0.22908081114292145,0.18701647222042084,0.1306808590888977,0.12463372945785522,25.010600079176907,20.42299123502437,19.35942239221734,18.979780574113754,19.15496253699677,21.317732769208963,51.88519546707819,0.1035419170673077,1
-530.9747314453125,50.92013168334961,-15.376413345336914,39.96217346191406,-12.743868827819824,5.840656757354736,-23.68232536315918,7.546055316925049,-7.396216869354248,-0.7962064146995544,-7.103914737701416,-8.369099617004395,-7.147189140319824,0.166660875082016,0.17307519912719727,0.24168628454208374,0.2723444402217865,0.26849597692489624,0.3373243510723114,0.3148386478424072,0.2539520859718323,0.2496975213289261,0.179138645529747,0.1753937155008316,0.17263853549957275,24.914651884969505,20.132855277619253,18.616609476992934,17.23325714028718,19.089308697311107,20.128006544879415,52.74199994305509,0.12530423677884617,1
-519.00732421875,40.656707763671875,3.7814693450927734,11.796419143676758,-23.883169174194336,11.044546127319336,-22.12453842163086,1.6774696111679077,-9.305307388305664,-0.9515776634216309,-2.7671005725860596,-3.4499425888061523,-6.993338584899902,0.13722240924835205,0.1319637894630432,0.217117041349411,0.23317600786685944,0.20963525772094727,0.19949746131896973,0.22058922052383423,0.2432919293642044,0.25042924284935,0.28414952754974365,0.26634177565574646,0.1829296499490738,20.008667240131064,17.33090472901925,18.80033769136411,17.119101691061477,17.47048538924886,19.870034986098293,43.59485999500864,0.11269155649038462,1
-504.8182067871094,71.76863098144531,-12.584228515625,20.631153106689453,-15.955293655395508,-3.3739895820617676,-20.497817993164062,1.1852233409881592,-12.553275108337402,-2.899141311645508,-7.767165184020996,-4.01535701751709,-4.604217052459717,0.1892928183078766,0.20978106558322906,0.2117253839969635,0.19635798037052155,0.21665266156196594,0.24734549224376678,0.25655296444892883,0.22673609852790833,0.22207395732402802,0.2986590564250946,0.2457662969827652,0.21738824248313904,23.54969840638694,19.8355720431355,20.556450832011972,17.829275816291773,19.57600335614764,18.250457847874532,49.99173944628434,0.07862079326923077,1
-477.2945251464844,58.786251068115234,-12.506722450256348,32.883880615234375,-26.18920135498047,6.260679244995117,-29.385482788085938,1.1991249322891235,-17.460691452026367,-4.0757551193237305,-4.686210632324219,-4.398190021514893,-5.7615156173706055,0.12267469614744186,0.0709429457783699,0.07296028733253479,0.12273853272199631,0.20835307240486145,0.29543203115463257,0.2948695719242096,0.28528228402137756,0.29907849431037903,0.30287283658981323,0.3203582465648651,0.2566729187965393,23.959786332587964,18.36645409321796,19.2671436082498,16.630429578140422,18.064146340822454,22.03327347343777,51.19171932060013,0.1482609675480769,1
-562.092041015625,28.897424697875977,-7.508610725402832,22.17938995361328,-18.053184509277344,2.7972068786621094,-13.925017356872559,5.062101364135742,-10.306533813476562,-3.9068095684051514,-2.228170394897461,-2.9831454753875732,-5.448364734649658,0.09457441419363022,0.09424752742052078,0.10724180936813354,0.1626114696264267,0.2268753945827484,0.16913092136383057,0.1487583965063095,0.15580396354198456,0.19510222971439362,0.2553321421146393,0.19232359528541565,0.1540258675813675,19.927235610862716,16.145677206722826,17.391986023013928,16.11881521126578,17.403494811860753,17.367305355572174,36.93390885314504,0.08379657451923077,1
-547.5806884765625,65.63482666015625,-7.80167818069458,32.552860260009766,-13.118673324584961,4.661139488220215,-19.799238204956055,3.7700796127319336,-14.24421215057373,-1.125160574913025,-5.780835151672363,-5.246074199676514,-7.165658950805664,0.0813157856464386,0.07111238688230515,0.09463844448328018,0.18297983705997467,0.34391748905181885,0.4377259910106659,0.30030596256256104,0.1843814253807068,0.155088871717453,0.19008184969425201,0.17085085809230804,0.08737003803253174,24.31203796796243,19.15410851844897,18.768742899548432,17.772924557101177,18.125965023862584,19.495698031136698,50.29354838103321,0.09584585336538462,1
-472.6966247558594,53.05936813354492,-8.882491111755371,24.383214950561523,-23.06307601928711,4.018089771270752,-27.283124923706055,3.067986488342285,-14.875391006469727,-2.573638439178467,-11.159518241882324,-7.347169876098633,-4.271840572357178,0.18764212727546692,0.13487879931926727,0.12054736167192459,0.12610454857349396,0.1453741043806076,0.19140930473804474,0.21780122816562653,0.22432206571102142,0.31330645084381104,0.369888037443161,0.31935515999794006,0.2678137421607971,23.064593002157935,18.99334704604607,20.73740544798144,18.698289369500827,18.793618233595364,20.486617504943077,53.22811360222091,0.13702298677884617,1
-533.7984619140625,68.4177017211914,-19.3248233795166,30.39626121520996,-14.095519065856934,6.6472272872924805,-25.60797119140625,3.2502973079681396,-11.897420883178711,-4.960914134979248,-7.701230525970459,-5.6860575675964355,-5.892880916595459,0.15768304467201233,0.12378610670566559,0.10543417185544968,0.14883802831172943,0.24817508459091187,0.3178887665271759,0.2237154245376587,0.21047700941562653,0.23539109528064728,0.24595005810260773,0.1948702484369278,0.21104252338409424,21.560909686468744,19.491427565243928,19.69008520113639,16.767179261899837,18.6034418494825,17.13933035558425,49.49269792995909,0.07696814903846154,1
-485.3216247558594,51.02142333984375,-6.769988059997559,25.43621253967285,-23.16391372680664,-2.0791220664978027,-29.348859786987305,-0.47530531883239746,-14.141119003295898,-7.924582004547119,-5.623055458068848,-7.647895336151123,-5.247704029083252,0.21199339628219604,0.1479569375514984,0.10204868018627167,0.12486503273248672,0.19464492797851562,0.2087092101573944,0.15211167931556702,0.12827108800411224,0.15900152921676636,0.1988915055990219,0.21141958236694336,0.2433161735534668,18.42117575947184,23.08207726198167,21.831392013807907,19.299138673612475,20.108473982564004,19.454923492466452,51.68854103021956,0.09605618990384615,1
-660.9736938476562,39.19062805175781,-7.660005569458008,39.6927604675293,-15.043434143066406,16.87209129333496,-20.555400848388672,12.200242042541504,-10.518905639648438,2.1100504398345947,-4.7150726318359375,-7.339437484741211,1.4978152513504028,0.20595505833625793,0.19302108883857727,0.24408556520938873,0.24732598662376404,0.2719718813896179,0.29716143012046814,0.307414710521698,0.2982977032661438,0.260579913854599,0.24540266394615173,0.2596035897731781,0.2699151337146759,20.584786620059408,17.425829475499484,17.42748019391755,18.30212610562598,16.744720901261896,18.66384811223212,50.252582124709285,0.1480994591346154,1
-527.2815551757812,52.43011474609375,-13.12189769744873,48.98521041870117,-13.960193634033203,-2.1822566986083984,-29.033470153808594,0.6282789707183838,-16.974763870239258,-4.297682762145996,-9.318016052246094,-5.44478178024292,-3.411860227584839,0.1485975980758667,0.18297608196735382,0.11010400950908661,0.10132445394992828,0.1397138386964798,0.27051857113838196,0.39920327067375183,0.2511516809463501,0.18479108810424805,0.14924022555351257,0.14817900955677032,0.1688835471868515,23.991387694513058,21.081340350646098,21.885981682313286,18.217767997294345,20.142653427270048,21.203240360087136,52.73552865459828,0.08382286658653847,1
-514.3277587890625,54.563480377197266,-14.776033401489258,32.2447624206543,-20.38988494873047,4.639154434204102,-22.246564865112305,0.8367789387702942,-12.984376907348633,-0.22693857550621033,-6.908319473266602,-4.99192476272583,-7.078751087188721,0.09387576580047607,0.09137609601020813,0.11087097227573395,0.14261265099048615,0.14890210330486298,0.19928143918514252,0.2301374226808548,0.24170345067977905,0.28651997447013855,0.33834391832351685,0.3480079770088196,0.21235951781272888,21.34492992543349,18.830956147508676,20.181809874041193,17.598466518891275,17.838531322718186,21.074172553861104,51.06955177212536,0.13357872596153847,1
-531.695068359375,59.34558868408203,-4.650524616241455,44.761722564697266,-16.6806640625,9.891782760620117,-38.08918380737305,9.609854698181152,-16.87055206298828,1.0033929347991943,-5.174164295196533,-11.242257118225098,-4.295718193054199,0.07499098032712936,0.0953121930360794,0.12489771842956543,0.23466278612613678,0.3889006972312927,0.39922258257865906,0.25904563069343567,0.1428215205669403,0.13372939825057983,0.13282930850982666,0.11486973613500595,0.08653952926397324,25.21801251589739,19.955666623891933,18.44267611395235,17.357353491455758,18.05340556372805,19.79329638770824,52.93654982727526,0.10076622596153846,1
-630.60302734375,50.14797592163086,2.4045896530151367,41.3116340637207,-10.696859359741211,11.516698837280273,-23.43035316467285,11.68015193939209,-9.940634727478027,0.5611345767974854,-3.8368117809295654,-6.547115325927734,-2.4565703868865967,0.19502988457679749,0.1472313553094864,0.21343068778514862,0.3663555979728699,0.535889744758606,0.333768755197525,0.17597661912441254,0.1947338581085205,0.19671125710010529,0.16895727813243866,0.15904106199741364,0.23254457116127014,22.363030166885828,17.403425767034037,17.12508446442128,17.007388260843236,17.96193265746356,19.039712641508505,51.9896330399834,0.11344275841346153,1
-653.3727416992188,34.16285705566406,-14.745962142944336,28.088382720947266,-8.57930850982666,11.615135192871094,-19.516965866088867,8.042831420898438,-5.5409674644470215,3.581939220428467,-2.896247386932373,-4.097635746002197,2.102325439453125,0.23152147233486176,0.1990673542022705,0.2179984450340271,0.23112334311008453,0.26671499013900757,0.24372999370098114,0.18729618191719055,0.19156357645988464,0.2221374362707138,0.24192938208580017,0.27529674768447876,0.31899788975715637,19.836064887615912,14.469269706434254,16.185969068331794,15.957563615748471,17.8209474056667,18.03521228669208,47.45196808929472,0.14296875,1
-675.492431640625,27.54767417907715,-9.526872634887695,31.539520263671875,-10.671823501586914,13.625004768371582,-15.313128471374512,10.874401092529297,-7.814211845397949,-1.172473669052124,-4.548496723175049,-3.7885243892669678,-0.7923412919044495,0.11469296365976334,0.1372450590133667,0.15867476165294647,0.21493081748485565,0.21215908229351044,0.14805199205875397,0.11473406851291656,0.14368095993995667,0.19959545135498047,0.2143612653017044,0.20640751719474792,0.13229498267173767,20.47514669969975,17.36982361338311,17.13367943441295,16.547491668940058,17.59572953508268,17.83034301398725,40.908241809964736,0.090869140625,1
-521.395263671875,60.29474639892578,-13.414071083068848,30.479997634887695,-22.034299850463867,12.042510032653809,-31.935972213745117,3.223597288131714,-13.706769943237305,-1.7426307201385498,-4.265499114990234,-5.698236465454102,-5.199554443359375,0.24572284519672394,0.1672106385231018,0.16577944159507751,0.21077251434326172,0.29150572419166565,0.3513549864292145,0.30482712388038635,0.2973770499229431,0.2669963538646698,0.25223085284233093,0.21961796283721924,0.260904997587204,23.400672562587744,17.708451134420375,18.01628601551036,17.508416366189547,17.698165053475034,19.868988978939228,50.96153024149165,0.14278846153846153,1
-525.88818359375,41.844757080078125,-6.361003875732422,34.30510711669922,-18.604053497314453,16.02141761779785,-31.959468841552734,12.50985050201416,-15.975794792175293,-1.4047805070877075,-8.02849006652832,-8.94874382019043,-3.9741928577423096,0.11010880023241043,0.10027438402175903,0.13447648286819458,0.1433693766593933,0.1978050321340561,0.24756255745887756,0.2628780007362366,0.37127697467803955,0.3846092224121094,0.3199692964553833,0.23177073895931244,0.13402757048606873,20.44366546875767,18.2757894156234,18.85494642349942,17.520174716359268,16.727024880541272,20.089592830682296,51.92513979255599,0.17664513221153846,1
-485.5791015625,56.169395446777344,-22.180971145629883,39.90609359741211,-20.623403549194336,2.854576826095581,-31.21226692199707,0.7093827128410339,-12.400078773498535,1.1783597469329834,-8.629444122314453,-5.244821071624756,-4.884207248687744,0.1222309097647667,0.1205931305885315,0.14991118013858795,0.2087506800889969,0.2819836735725403,0.3236490488052368,0.32282671332359314,0.28852379322052,0.2717858850955963,0.23280251026153564,0.21254271268844604,0.16451458632946014,24.435756524257236,18.989484489920066,19.4808972583325,17.788071241026646,17.836001242022945,20.490052496401333,50.31652307414304,0.12972881610576922,1
-546.4505615234375,58.13615417480469,-17.61028480529785,27.452144622802734,-11.113448143005371,5.2768964767456055,-15.224285125732422,5.300333023071289,-11.056164741516113,-1.476248860359192,-5.569223880767822,-6.428421974182129,-7.463481903076172,0.11512468010187149,0.11325760185718536,0.1529759168624878,0.3193274438381195,0.3570403456687927,0.36667725443840027,0.33122900128364563,0.27380743622779846,0.19008874893188477,0.19603785872459412,0.1896360218524933,0.15196579694747925,22.19943111167156,17.041552893325154,18.13080733722246,16.81812736587045,16.752621790069117,16.434704313686943,47.212527775351646,0.07847806490384615,1
-563.4268188476562,60.952083587646484,-16.711896896362305,21.931888580322266,-8.685323715209961,3.993439197540283,-20.502662658691406,-0.4708841145038605,-5.673635959625244,-0.3375898003578186,-8.46561336517334,-4.801263809204102,-4.958972930908203,0.13580173254013062,0.1758309304714203,0.22737905383110046,0.23491398990154266,0.2536519467830658,0.2539674639701843,0.18080191314220428,0.17273938655853271,0.18867707252502441,0.19931234419345856,0.1725756824016571,0.13026583194732666,21.286736601139744,16.577519335743048,15.712003874233176,15.77159048629156,17.423164259276792,17.842700829294483,40.71497972440413,0.08100210336538462,1
-563.5140991210938,72.06610107421875,-6.809479713439941,36.553382873535156,-13.361968040466309,1.0045255422592163,-27.295866012573242,3.2823574542999268,-10.069610595703125,0.3724106252193451,-8.970069885253906,-5.766794204711914,-1.9126259088516235,0.17332984507083893,0.14672376215457916,0.1986723691225052,0.2687181532382965,0.3396211564540863,0.35917341709136963,0.2398189902305603,0.13457515835762024,0.13016510009765625,0.17093254625797272,0.2121327519416809,0.21060730516910553,23.36594055629642,18.622153925729023,18.572271448816313,19.575214986084738,18.34658270495834,17.545279794246287,51.12114850636059,0.07127779447115384,1
-508.56707763671875,56.38538360595703,-19.03515625,34.51340103149414,-9.994218826293945,6.901719093322754,-20.83563995361328,4.623772621154785,-9.882048606872559,-1.5599384307861328,-12.330843925476074,-9.274879455566406,-8.662064552307129,0.1460113674402237,0.15629440546035767,0.13466782867908478,0.12641161680221558,0.18361559510231018,0.37264522910118103,0.35592731833457947,0.30032286047935486,0.25857028365135193,0.22738181054592133,0.20269714295864105,0.1619257777929306,23.388840123512384,19.889172115014905,19.77658376372112,18.054482400216905,18.53431803198764,21.03220423705277,50.35413775844677,0.10513822115384615,1
-495.259765625,53.48741912841797,8.93445873260498,35.63658142089844,-17.45612144470215,5.78144645690918,-35.083465576171875,-6.316116809844971,-14.01941204071045,-6.031280040740967,-7.846184730529785,-4.381006240844727,-8.075573921203613,0.1607246845960617,0.14891548454761505,0.1698015034198761,0.1894748955965042,0.18658094108104706,0.2113501876592636,0.2503074109554291,0.25474512577056885,0.28512895107269287,0.25358590483665466,0.22947293519973755,0.2244807779788971,23.667613922591123,19.645046282556127,21.273437721769376,18.587734387734535,19.14291606259937,20.65198488679159,52.13183855980884,0.0980694110576923,1
-481.1581115722656,52.507957458496094,-4.216787338256836,28.191064834594727,-20.837169647216797,8.26819896697998,-35.11149215698242,7.105391979217529,-16.91988754272461,1.2825907468795776,-6.159728527069092,-8.93250846862793,-4.990746974945068,0.10595891624689102,0.1230873391032219,0.1892051249742508,0.19602404534816742,0.229121595621109,0.2570250928401947,0.23633889853954315,0.33893319964408875,0.29182153940200806,0.26846814155578613,0.18919897079467773,0.09501101076602936,23.0667628300879,18.378197663194666,18.95992332727939,17.579220711922343,17.395370137830067,21.10132540422253,52.23486507441621,0.14771259014423077,1
-668.5900268554688,43.06895446777344,-4.0860276222229,21.055673599243164,-12.544690132141113,5.080381393432617,-23.566753387451172,3.1230037212371826,-10.147154808044434,2.064974069595337,-2.3416264057159424,-4.56702995300293,1.3985804319381714,0.09647832810878754,0.10877496749162674,0.19000639021396637,0.26211467385292053,0.21023841202259064,0.16903890669345856,0.11818931996822357,0.13453951478004456,0.15894155204296112,0.1440611481666565,0.13759799301624298,0.10655056685209274,19.097972708680526,18.32168297452281,18.45185431217763,17.080647248767377,17.245172793973424,18.32889786362532,40.966872577736076,0.08211763822115385,1
-502.4381103515625,54.83550262451172,-7.818143367767334,28.137197494506836,-8.101434707641602,-6.477667331695557,-18.2811279296875,2.5902621746063232,-11.04995346069336,-4.256915092468262,-7.392907619476318,-5.3209686279296875,-9.305684089660645,0.07562734931707382,0.09309229999780655,0.12964920699596405,0.1678752303123474,0.18695269525051117,0.1892668604850769,0.24085627496242523,0.3458552360534668,0.3394819498062134,0.25815340876579285,0.1992783099412918,0.11339665949344635,24.83747681865162,21.616302369560085,23.547640630333948,19.760197137608543,21.073625040682334,20.769211681266665,52.82446433796939,0.06230844350961538,1
-505.0636901855469,63.02726745605469,-4.36057710647583,26.337947845458984,-16.65458106994629,-2.4955086708068848,-27.19830322265625,1.8690979480743408,-8.42015266418457,-7.79695463180542,-7.5031232833862305,-8.556828498840332,-9.77212905883789,0.18789054453372955,0.18487632274627686,0.18534381687641144,0.1434081643819809,0.15856975317001343,0.29969677329063416,0.3281332850456238,0.22430849075317383,0.19226452708244324,0.16197162866592407,0.1652955561876297,0.1968626081943512,23.51670080318535,21.31447988793911,21.317389250431212,20.42623405217308,19.78815340916289,18.91445340831184,52.040493900999024,0.06667292668269231,1
-559.5263671875,38.822505950927734,-5.920679569244385,12.184087753295898,-11.451147079467773,4.299536228179932,-16.410062789916992,0.6427584290504456,-10.973657608032227,1.4967385530471802,-2.125331401824951,-2.078192710876465,-2.142396926879883,0.09709928184747696,0.08648581802845001,0.09819532185792923,0.1265394687652588,0.16319891810417175,0.21775129437446594,0.1956569403409958,0.1382787674665451,0.12631429731845856,0.12996694445610046,0.13703472912311554,0.14657849073410034,21.983754499804327,17.922349539078766,18.764137245840775,17.8288288839461,18.049896991815253,19.03985832047818,39.39382559319536,0.06931340144230769,1
-554.1474609375,38.450374603271484,-15.4605131149292,20.659767150878906,-15.2905912399292,14.132448196411133,-17.313217163085938,7.720139026641846,-4.665777683258057,1.5342392921447754,-5.521671295166016,-7.588333606719971,-3.9831910133361816,0.16629953682422638,0.13812848925590515,0.16968664526939392,0.18418505787849426,0.1809779405593872,0.22574397921562195,0.282722532749176,0.5143475532531738,0.40219125151634216,0.30672797560691833,0.3138730823993683,0.24125051498413086,21.569253683916415,17.39562742128943,20.200222967070122,17.15685011837117,17.337917228916915,19.072157215541562,50.30262641078157,0.14541766826923078,1
-604.642578125,51.20393753051758,2.2942655086517334,30.191999435424805,-8.918851852416992,5.8836140632629395,-17.925573348999023,3.1738295555114746,-12.180416107177734,-0.2811738848686218,-4.9296345710754395,-6.382241725921631,-6.8298234939575195,0.10281365364789963,0.1004863828420639,0.16578035056591034,0.21884410083293915,0.2539357841014862,0.3532939851284027,0.2700510323047638,0.11968470364809036,0.11750277131795883,0.18878595530986786,0.19578242301940918,0.15182268619537354,23.02360498823904,18.607045523517815,18.142193133314382,16.897919554322364,17.857300675991617,16.792363641962307,47.48854713052089,0.09069636418269231,1
-537.5481567382812,34.85831069946289,-6.993832588195801,17.953657150268555,-12.871971130371094,10.966115951538086,-19.973487854003906,4.120849609375,-10.186120986938477,1.4256107807159424,-6.223852157592773,-6.34486198425293,-5.656784534454346,0.17404751479625702,0.13206544518470764,0.13166837394237518,0.14978057146072388,0.15586215257644653,0.1774786412715912,0.2401794046163559,0.3485487997531891,0.42963260412216187,0.388229638338089,0.31911787390708923,0.2801402509212494,20.84954717309814,18.842195567175082,20.15738839976909,18.09311595287368,18.213974511469267,20.55753824309369,50.55737291923215,0.16678560697115385,1
-641.7178344726562,39.0356559753418,0.929534912109375,41.1168212890625,-12.767105102539062,12.700782775878906,-29.46681785583496,7.205592632293701,-10.88272762298584,-2.1043007373809814,-6.068669319152832,-5.328777313232422,-0.9512277245521545,0.14373713731765747,0.1250007152557373,0.21146973967552185,0.2756718099117279,0.3159884512424469,0.2696290910243988,0.17222626507282257,0.15822751820087433,0.17967373132705688,0.20778007805347443,0.24303966760635376,0.23084726929664612,20.233760079435413,16.488356304316117,16.78865160371961,15.15688859680908,16.20463318670543,18.043303013543895,44.67955339198043,0.1184833233173077,1
-497.7271728515625,51.95209503173828,-10.129040718078613,26.261066436767578,-11.25882339477539,-0.7517533302307129,-24.164880752563477,0.9438140392303467,-8.952066421508789,-5.9488205909729,-13.651026725769043,-8.248506546020508,-9.193375587463379,0.07115158438682556,0.06749063730239868,0.07155746221542358,0.0974695086479187,0.1468997746706009,0.2728723883628845,0.3954773247241974,0.38451042771339417,0.3496786952018738,0.27957475185394287,0.27429038286209106,0.15630336105823517,23.776146162325865,19.790239700061942,20.60729239308025,17.260612316325126,18.088268861380833,21.425129285848044,49.32758552955084,0.114111328125,1
-580.1985473632812,76.27387237548828,-13.458597183227539,32.5953254699707,-30.424026489257812,16.470048904418945,-27.962995529174805,9.929261207580566,-16.45748519897461,3.155726432800293,-4.8327765464782715,-3.5869839191436768,-2.2052724361419678,0.1213739663362503,0.15915630757808685,0.24927300214767456,0.3573002517223358,0.3303971290588379,0.18583007156848907,0.17255763709545135,0.23390012979507446,0.2307807207107544,0.2701561748981476,0.3263750672340393,0.2524522542953491,22.702438589187132,16.958496418688213,18.86128303720076,17.41696790175803,17.937415315193352,19.034541700856806,53.018032088251516,0.12259239783653846,1
-590.8671875,39.5128173828125,-2.0176944732666016,1.0554676055908203,-11.75288200378418,2.484877109527588,-8.618326187133789,1.038722038269043,-3.2935574054718018,-3.8094937801361084,-0.5385618805885315,0.7039154171943665,-0.4484110176563263,0.09758096188306808,0.11567176133394241,0.1723233461380005,0.18807166814804077,0.2098703682422638,0.2038588523864746,0.22529001533985138,0.16749142110347748,0.11320021003484726,0.09179167449474335,0.09969228506088257,0.10286545753479004,17.882453728194854,13.81674089553161,15.05117289595646,15.245033416235117,15.833282596545482,15.508649043893518,31.07215865362238,0.05691481370192308,1
-511.20330810546875,58.070980072021484,-6.5912861824035645,37.617610931396484,-7.667245864868164,-3.4815797805786133,-24.39217185974121,2.7246034145355225,-13.88731575012207,-4.068913459777832,-8.947785377502441,-6.253068447113037,-5.722518444061279,0.16525889933109283,0.13483498990535736,0.1586616188287735,0.15764012932777405,0.16197873651981354,0.24967844784259796,0.37079519033432007,0.3253522217273712,0.23900993168354034,0.1685050129890442,0.13635535538196564,0.18698638677597046,24.74897384752165,19.594084356894697,19.87974047469002,17.220152157206737,18.78609899617836,18.746842329139376,50.81137900758764,0.06940730168269231,1
-519.3493041992188,51.865970611572266,-1.2039964199066162,31.863521575927734,-18.540746688842773,10.01976203918457,-29.84305191040039,6.606051445007324,-18.180795669555664,0.07345844805240631,-6.100673675537109,-10.08813190460205,-4.259004592895508,0.1337597668170929,0.1236838847398758,0.09467289596796036,0.08478473126888275,0.1333409994840622,0.2606416642665863,0.3198133409023285,0.29982778429985046,0.30479690432548523,0.30787208676338196,0.22706368565559387,0.11404304951429367,22.609601677464227,17.810108392439115,19.870047315471282,17.995681561445327,18.35631174997405,20.450926425415094,53.181390935122415,0.1433631310096154,1
-531.242431640625,57.33419418334961,-6.423850059509277,36.74360656738281,-11.198280334472656,-0.48597976565361023,-37.91836929321289,2.674717426300049,-10.837213516235352,-6.614509105682373,-6.799810409545898,-5.670970439910889,-2.597714424133301,0.21373017132282257,0.2719045579433441,0.24134761095046997,0.1611098051071167,0.16776737570762634,0.2240602821111679,0.2405090481042862,0.29331254959106445,0.26298224925994873,0.17375707626342773,0.15289585292339325,0.15469692647457123,21.39042363552358,18.042828180911624,19.549528664572904,17.74832531713767,18.636531162179157,18.448140719074928,51.54623898712439,0.09490309495192308,1
-570.3856811523438,38.7938117980957,-3.8519656658172607,22.83502769470215,-10.828351974487305,15.292296409606934,-15.864645004272461,6.906630039215088,-12.7313871383667,-0.20474185049533844,-5.970946311950684,-9.321757316589355,-2.906285285949707,0.14300726354122162,0.1385912448167801,0.16560307145118713,0.19533473253250122,0.3459608256816864,0.29927879571914673,0.21557319164276123,0.3160896599292755,0.31856775283813477,0.24800711870193481,0.20891346037387848,0.18357577919960022,21.09889949021435,16.222572941623106,17.24606002202725,16.396134703267258,17.438004782145374,18.92643988079532,47.831853418678314,0.14220252403846154,1
-509.5485534667969,75.03694915771484,-15.802525520324707,18.026052474975586,-22.061349868774414,7.254265785217285,-23.18827247619629,1.502827525138855,-15.456620216369629,-7.984971046447754,-3.6833345890045166,-5.331143379211426,-7.9900946617126465,0.12259010225534439,0.08933772891759872,0.12271523475646973,0.2584052085876465,0.3109443187713623,0.32327187061309814,0.22271385788917542,0.20745877921581268,0.20545490086078644,0.17073439061641693,0.14878614246845245,0.16628865897655487,21.842746489618673,18.36940954456393,17.64544860523391,15.800121868952706,16.329893730245477,18.27524181069307,46.16288859905087,0.09447490985576923,1
-493.2029724121094,63.3060302734375,-28.373123168945312,45.526126861572266,-21.989439010620117,-4.250493049621582,-26.30650520324707,3.4763426780700684,-14.484628677368164,1.6510530710220337,-10.85887336730957,-5.736663818359375,-2.4682140350341797,0.15269164741039276,0.15432778000831604,0.18273618817329407,0.2239598035812378,0.16620853543281555,0.2117709070444107,0.23797465860843658,0.29279303550720215,0.31411075592041016,0.2595449686050415,0.17916345596313477,0.13836567103862762,21.922841204498475,19.00892354395852,20.223876621535393,17.30525260568238,16.971872021316084,20.454141887790644,50.74149851308259,0.09534630408653846,1
-503.49188232421875,42.2136116027832,4.256600856781006,30.273967742919922,-10.204803466796875,18.36173439025879,-24.22388458251953,4.54047155380249,-7.868030548095703,-0.7326202392578125,-1.7160807847976685,-7.578421592712402,-2.1001102924346924,0.13801775872707367,0.15105144679546356,0.16530442237854004,0.28115710616111755,0.4506782591342926,0.4613982141017914,0.3384586572647095,0.25466305017471313,0.24253910779953003,0.2109454870223999,0.17336875200271606,0.15242020785808563,23.522794455866986,19.067324941791313,18.557383959910645,18.300303960087525,18.236338532763583,19.57342494161532,53.97511907707848,0.1334247295673077,1
-512.3191528320312,41.428836822509766,-1.6845550537109375,48.67448043823242,-21.793617248535156,5.929597854614258,-28.66379165649414,3.5087742805480957,-17.986635208129883,-3.2240469455718994,-8.093646049499512,-5.564038276672363,-1.281889796257019,0.11783938854932785,0.1196146085858345,0.20023083686828613,0.18595343828201294,0.207413911819458,0.27268320322036743,0.27153855562210083,0.32100924849510193,0.36388254165649414,0.26108425855636597,0.24992910027503967,0.21313995122909546,24.170830099915136,20.248596048763204,21.50611741725826,19.220370394692313,19.448170626955427,21.793893222027094,54.20379488213569,0.14300255408653847,1
-539.1537475585938,65.0381851196289,-10.225282669067383,36.532413482666016,-12.929232597351074,4.908422470092773,-25.571165084838867,3.753618001937866,-11.163323402404785,1.0847060680389404,-6.454512119293213,-6.59531307220459,-5.457426071166992,0.06793607771396637,0.09930790215730667,0.21754062175750732,0.3297966718673706,0.3547198474407196,0.358645498752594,0.20934556424617767,0.18810753524303436,0.2207861989736557,0.16995389759540558,0.15012307465076447,0.1062621921300888,24.05305008633153,20.228235671837027,18.586606545171897,18.56458497556246,18.547687701679017,21.374076045976416,52.21919418476053,0.10947265625,1
-545.7509155273438,64.9836196899414,-12.897812843322754,24.858455657958984,-20.147903442382812,10.294824600219727,-22.049644470214844,11.527294158935547,-12.580349922180176,-2.5111050605773926,-6.428582668304443,-8.076662063598633,-4.632218360900879,0.11793659627437592,0.10330703854560852,0.11180584132671356,0.1343260556459427,0.24869701266288757,0.3094465732574463,0.24022549390792847,0.23027130961418152,0.24601198732852936,0.2853580713272095,0.22749051451683044,0.15866439044475555,24.68753657673771,21.89004346242476,20.41858218540133,19.07984885107279,18.35913856775143,20.67587380164267,52.936991664112526,0.100927734375,1
-469.91033935546875,46.59717559814453,-12.485928535461426,31.289152145385742,-18.847963333129883,-0.059034671634435654,-28.364383697509766,-0.4991733729839325,-12.945363998413086,-6.606192111968994,-9.181146621704102,-3.1368510723114014,-6.952221393585205,0.15736384689807892,0.15276798605918884,0.18960878252983093,0.1553613245487213,0.1279366910457611,0.13176488876342773,0.17400972545146942,0.24277430772781372,0.29040834307670593,0.25959062576293945,0.275281697511673,0.22472317516803741,19.97992668924256,19.662453129571272,21.269563578230763,18.026164770719326,19.192816323571485,22.31998689243188,49.982846795878814,0.14894080528846154,1
-560.2787475585938,35.79512405395508,0.8757887482643127,21.066844940185547,-11.85931396484375,10.388526916503906,-19.89461898803711,9.50513744354248,-11.220573425292969,-1.0564779043197632,-7.277472972869873,-6.5856170654296875,-3.152312755584717,0.09958033263683319,0.08605308830738068,0.11462301760911942,0.09875715523958206,0.18133316934108734,0.3008279502391815,0.3057188391685486,0.27648210525512695,0.246471107006073,0.20549994707107544,0.18195761740207672,0.10795313864946365,22.591726171655885,18.422273112228783,18.750870695962806,17.741308957713947,16.991910725098734,20.719133365010784,45.28978053448874,0.12703200120192307,1
-537.1854858398438,47.6219596862793,-9.072635650634766,23.393417358398438,-11.69905948638916,7.60354471206665,-24.465595245361328,2.3919553756713867,-9.856649398803711,-5.906276702880859,-4.01709508895874,-7.247493267059326,-4.665704727172852,0.1798875331878662,0.20292557775974274,0.2656545639038086,0.2741418778896332,0.25434327125549316,0.23581942915916443,0.3324218690395355,0.3736526072025299,0.28166303038597107,0.22926953434944153,0.22096265852451324,0.20536363124847412,21.27890573159298,17.922915237252766,20.543348674034217,17.62147939776172,19.985590904758176,19.019726052465053,52.46018804587895,0.13936298076923076,1
-529.4120483398438,62.28812026977539,-5.891496658325195,26.256765365600586,-17.53936195373535,7.4718170166015625,-18.11742401123047,-0.9524304866790771,-15.401982307434082,-7.265879154205322,-6.9532341957092285,-5.383580684661865,-6.12742805480957,0.1292939931154251,0.16660045087337494,0.19036194682121277,0.14889700710773468,0.1905669867992401,0.28555312752723694,0.3870849609375,0.391326367855072,0.2166321575641632,0.12811966240406036,0.09465302526950836,0.11378613859415054,25.07411875963536,20.349902366632598,21.68793433715717,19.41071171074102,19.919975801620055,20.035845967915712,50.775040345248485,0.08458909254807692,1
-512.98095703125,57.37589645385742,-12.603507995605469,16.062198638916016,-14.522956848144531,-0.24687312543392181,-22.467376708984375,-1.9260493516921997,-9.084592819213867,-3.6376283168792725,-3.8800368309020996,-5.882715702056885,-5.591913223266602,0.11928576976060867,0.15363779664039612,0.20555999875068665,0.294246643781662,0.2523403465747833,0.22128012776374817,0.23273809254169464,0.249062642455101,0.33197125792503357,0.31114810705184937,0.21158725023269653,0.14495208859443665,19.81557848457541,19.942454492550635,19.784808063870965,18.53989891229824,17.445071275659487,19.840524620084743,47.76682124983202,0.10485652043269231,1
-573.6765747070312,51.571929931640625,-9.712132453918457,37.4156379699707,-9.462368965148926,5.23588228225708,-21.85824203491211,6.138041019439697,-12.458422660827637,-2.808809518814087,-9.440542221069336,-6.817496299743652,-4.222883701324463,0.1684567928314209,0.18136581778526306,0.23444657027721405,0.2574128806591034,0.2896372377872467,0.3116527795791626,0.3142927289009094,0.2816433012485504,0.2500542402267456,0.24802431464195251,0.27674928307533264,0.2502959072589874,22.697714984285476,20.166906985598555,19.60784651468972,17.85801773604292,19.504973753939648,19.81542703626107,52.14912613929278,0.13089317908653847,1
-533.8819580078125,55.117149353027344,1.3080759048461914,29.74965476989746,-10.63674545288086,3.563593864440918,-24.088903427124023,5.205428123474121,-13.395964622497559,-6.165539264678955,-9.423246383666992,-10.334798812866211,-3.812631845474243,0.2057333141565323,0.1546890288591385,0.11158495396375656,0.1397235244512558,0.23963242769241333,0.33153235912323,0.2899772822856903,0.24287289381027222,0.27489757537841797,0.30387261509895325,0.2388063371181488,0.22189371287822723,22.398893793126888,19.61642797958658,19.656262918641282,17.63669410180834,17.473877878861735,16.663867891336892,49.66742130756987,0.09160907451923077,1
-490.2064514160156,66.43974304199219,-15.87886905670166,27.51358413696289,-17.73250961303711,3.638593912124634,-22.161418914794922,2.550391435623169,-14.046841621398926,-3.2342140674591064,-8.025858879089355,-7.204190731048584,-10.577837944030762,0.12172207981348038,0.11391663551330566,0.1177583858370781,0.1711270660161972,0.21629735827445984,0.2713318467140198,0.34575968980789185,0.37499913573265076,0.3510791063308716,0.26144540309906006,0.1842336803674698,0.12553641200065613,23.679234793048497,18.531757478880582,19.241807116611277,17.028096780209353,17.975540811575186,19.6574055392291,49.157971239104604,0.10465745192307692,1
-567.8814086914062,67.16500854492188,-12.059810638427734,32.202247619628906,-18.102832794189453,14.827054977416992,-20.285951614379883,7.833586692810059,-13.914530754089355,1.1092917919158936,-4.675477027893066,-7.902092933654785,-3.0411126613616943,0.13324081897735596,0.12494182586669922,0.16574688255786896,0.2223697006702423,0.31699272990226746,0.39252999424934387,0.27571818232536316,0.2169487625360489,0.22231444716453552,0.187788724899292,0.13530202209949493,0.12518513202667236,23.845064454699997,17.84734662645656,18.59770473390085,17.250972590276817,19.14236769062995,19.218638754347328,51.90488200832162,0.08477689302884615,1
-486.02362060546875,47.15972900390625,0.2779935300350189,21.829957962036133,-15.676440238952637,9.791184425354004,-24.99079704284668,12.077345848083496,-11.742406845092773,-2.3401057720184326,-6.448514938354492,-6.521966934204102,-3.3276455402374268,0.12059217691421509,0.18141232430934906,0.18439865112304688,0.22681476175785065,0.2589462101459503,0.32466551661491394,0.28925737738609314,0.3125288486480713,0.3152208626270294,0.2536344528198242,0.24470439553260803,0.170897975564003,25.67101761277336,19.07965767598589,19.84849948673458,19.085339348438307,18.28410381471258,20.57250888508119,53.640169132672774,0.13977989783653846,1
-523.029296875,54.535911560058594,-11.883475303649902,38.772438049316406,-20.856220245361328,10.761734008789062,-31.565839767456055,10.170389175415039,-17.29079246520996,4.331486701965332,-7.844810962677002,-8.515924453735352,-3.8351516723632812,0.15858304500579834,0.13544856011867523,0.12681140005588531,0.17615677416324615,0.2989746630191803,0.3167986273765564,0.22684144973754883,0.19409558176994324,0.24916939437389374,0.24053654074668884,0.2508295774459839,0.1579238474369049,25.636967169540053,18.193564412566648,18.448055220626625,18.327286115150493,17.769636101743835,20.98143823661009,52.94477286684887,0.1399188701923077,1
-517.5438842773438,63.533714294433594,-17.30740737915039,31.843347549438477,-20.87782859802246,7.3050994873046875,-24.904617309570312,4.403496742248535,-17.497425079345703,-2.2339916229248047,-8.169129371643066,-6.231455326080322,-3.373044967651367,0.18318317830562592,0.19620777666568756,0.18393369019031525,0.1869649738073349,0.20006364583969116,0.27163925766944885,0.30261287093162537,0.37245866656303406,0.2926664650440216,0.2821483910083771,0.2805097699165344,0.21667182445526123,21.94580442323486,16.51857602390919,17.618162143272535,15.776798995349656,16.262321736734915,18.561298731354068,49.6784124939732,0.11548602764423077,1
-604.5162353515625,54.856971740722656,-9.838968276977539,28.82050323486328,-12.929681777954102,-0.29831424355506897,-11.970962524414062,5.760157108306885,-13.920295715332031,-3.1513612270355225,-6.0557990074157715,-3.462202548980713,-2.691241979598999,0.1094164103269577,0.0991215854883194,0.115946926176548,0.1988598108291626,0.3134472072124481,0.32336175441741943,0.2151758372783661,0.15811215341091156,0.15798412263393402,0.10704479366540909,0.09144987910985947,0.09516940265893936,19.71724710853818,17.19159939564967,16.545763451138683,15.388646588596743,16.450180502270886,16.20593515533862,41.077491884675766,0.05732797475961538,1
-552.3959350585938,57.7884407043457,-15.136778831481934,39.63567352294922,-15.290979385375977,5.869686126708984,-31.134475708007812,8.565245628356934,-15.708634376525879,0.19837775826454163,-6.931257724761963,-6.207096099853516,-1.2374407052993774,0.1805030107498169,0.1038254052400589,0.0935148224234581,0.17035165429115295,0.2973964214324951,0.36511746048927307,0.23299551010131836,0.25773486495018005,0.2807621359825134,0.2821339964866638,0.2469276487827301,0.20393821597099304,24.416665001379602,19.915493501655266,20.686322648076676,18.8354276066867,18.97035395799677,21.239060629593066,54.25931878856979,0.12545823317307692,1
-660.4102172851562,35.05687713623047,-18.43421745300293,27.97901153564453,-12.852682113647461,9.492268562316895,-19.91698455810547,6.546908855438232,-5.28300142288208,1.3103783130645752,-1.8234976530075073,-2.5135889053344727,1.2754037380218506,0.19806283712387085,0.1671251803636551,0.20215551555156708,0.23493993282318115,0.26588737964630127,0.2954052984714508,0.28627848625183105,0.21963831782341003,0.19073861837387085,0.17904476821422577,0.21460522711277008,0.2569350302219391,21.068461737615802,17.55982455136719,18.189253516611203,17.262123195433073,18.781240567986593,18.107669907937996,45.9164585603263,0.11934344951923077,1
-535.9376220703125,61.33761215209961,-7.046614170074463,43.04264450073242,-16.22043800354004,5.287350654602051,-31.117292404174805,8.786020278930664,-13.532763481140137,-5.804352283477783,-5.653645038604736,-7.016861915588379,-7.014608860015869,0.1451844722032547,0.12926630675792694,0.11216823011636734,0.17282061278820038,0.3049032688140869,0.437567800283432,0.3296760320663452,0.15963956713676453,0.15796002745628357,0.16008612513542175,0.09808411449193954,0.09826083481311798,23.32552830708993,18.66860167785893,18.031026884893535,17.79013229241144,17.429018116608326,17.394109533647978,51.54528818987318,0.08719200721153846,1
-554.02783203125,65.5988998413086,-15.36687183380127,40.07724380493164,-12.127341270446777,4.8562235832214355,-30.16335105895996,6.281742095947266,-9.618081092834473,0.404317170381546,-4.647974491119385,-7.384997367858887,-5.694482803344727,0.10955005139112473,0.09198697656393051,0.12903450429439545,0.2612276077270508,0.43742045760154724,0.4132017195224762,0.21753805875778198,0.21900415420532227,0.20730653405189514,0.15640415251255035,0.18469184637069702,0.22170142829418182,23.654993415942357,18.173649043276242,19.5612932662828,17.636202639630135,18.077043561721272,18.650162999748805,51.32004380360834,0.08534780649038462,1
-532.070556640625,70.05546569824219,-15.108512878417969,36.00299072265625,-13.693351745605469,2.4680278301239014,-15.689873695373535,5.939430236816406,-16.44310188293457,-5.263220310211182,-8.30897331237793,-5.2417144775390625,-7.6644792556762695,0.10955361276865005,0.11364130675792694,0.13547419011592865,0.151041641831398,0.24908044934272766,0.3975646197795868,0.3653795123100281,0.27333271503448486,0.18702110648155212,0.11190152913331985,0.09841156005859375,0.10769884288311005,25.20239327375521,19.205996964493714,20.90200314959158,17.820780629775673,19.199686235121185,19.102572501812812,51.42060851021484,0.067919921875,1
-553.9028930664062,57.11369705200195,0.5307877659797668,41.757080078125,-10.115857124328613,-1.7027487754821777,-23.45612335205078,5.331081867218018,-14.62216854095459,-2.0122487545013428,-9.764002799987793,-2.1334304809570312,-2.579043388366699,0.1363191157579422,0.10494722425937653,0.13253886997699738,0.18462209403514862,0.2722480297088623,0.33954286575317383,0.2525787651538849,0.17345930635929108,0.18120881915092468,0.22624792158603668,0.20714013278484344,0.14573103189468384,24.978052247887103,19.965049630303657,20.269945289417656,18.27204873982158,19.298890825917397,22.26388348140246,52.76035110680606,0.12923302283653845,1
-581.0905151367188,61.82160568237305,-17.073719024658203,29.2056827545166,-14.329107284545898,3.9945218563079834,-18.00870704650879,6.650102138519287,-14.280902862548828,0.2566095292568207,-4.318889617919922,-7.440744400024414,-6.623139381408691,0.10442578047513962,0.11279992014169693,0.17910127341747284,0.27307721972465515,0.3181903064250946,0.2788097858428955,0.20840173959732056,0.17816272377967834,0.19120915234088898,0.15377391874790192,0.10624071210622787,0.11926964670419693,22.180292327728086,18.248303552870134,16.6109604397186,16.211176676372197,16.418551159226134,17.141956528168073,44.82317612573184,0.06108022836538462,1
-542.2208251953125,65.92035675048828,-11.299846649169922,36.65086364746094,-19.858301162719727,-2.211587905883789,-18.010866165161133,6.095576286315918,-15.868877410888672,-3.5289249420166016,-5.1495513916015625,-2.863713264465332,-5.916574954986572,0.17653913795948029,0.20270122587680817,0.2873903512954712,0.2788117825984955,0.26894211769104004,0.31954437494277954,0.30340462923049927,0.24593818187713623,0.19105584919452667,0.18134380877017975,0.20547065138816833,0.1735297441482544,22.028454578254312,16.42706856885023,18.49383692255299,17.797726394620238,18.32597542834366,19.298649883435708,49.77546328086425,0.10143103966346154,1
-470.751708984375,49.212547302246094,-5.396586894989014,34.87681198120117,-13.578800201416016,3.0961005687713623,-29.140132904052734,2.7909841537475586,-13.182552337646484,-5.646219730377197,-7.533631801605225,-8.115188598632812,-5.047856330871582,0.12052816897630692,0.09728579968214035,0.11803378164768219,0.14719988405704498,0.17635761201381683,0.32092615962028503,0.33885544538497925,0.2170751541852951,0.1892918050289154,0.2132575362920761,0.24893543124198914,0.18463581800460815,23.509596710887067,20.57343468531248,21.711115584600027,18.14317558295047,19.91730768797427,20.803779309137973,52.59195739588707,0.10539738581730769,1
-642.9568481445312,20.423673629760742,2.448655366897583,30.9954891204834,-6.470328330993652,11.627288818359375,-10.538395881652832,4.451011657714844,-5.566784858703613,-0.2311835139989853,-3.003084659576416,-3.941052198410034,0.6093459725379944,0.24656234681606293,0.21324744820594788,0.21125851571559906,0.2210109531879425,0.25540003180503845,0.35243117809295654,0.2791624069213867,0.3194243311882019,0.2698613107204437,0.24006818234920502,0.21915030479431152,0.21462081372737885,17.84162675589424,16.00102823318154,16.351462704345465,14.509116165971818,16.48603656469018,15.934686350961465,42.640608601882064,0.11640249399038462,1
-627.6495971679688,41.95724868774414,-8.355283737182617,30.79819679260254,-8.639805793762207,8.624885559082031,-21.163799285888672,7.318452835083008,-5.396613121032715,4.5063652992248535,-3.4124209880828857,-5.517767906188965,-2.8048884868621826,0.11724449694156647,0.12174073606729507,0.15008388459682465,0.21130959689617157,0.3058547377586365,0.3056933879852295,0.21901051700115204,0.1870749294757843,0.16348405182361603,0.15908247232437134,0.1817971169948578,0.13532863557338715,20.64357915752876,16.63182253145439,17.166554186302296,16.583546242362647,17.078028800835973,17.969794785887718,43.006951531375094,0.09913236177884616,1
-522.0054321289062,67.38915252685547,-19.423086166381836,25.025245666503906,-8.50866413116455,-6.1550517082214355,-24.440128326416016,-0.34871920943260193,-6.181370258331299,1.260017991065979,-5.608743667602539,-7.084179878234863,-6.197301864624023,0.1754031479358673,0.19909952580928802,0.25153034925460815,0.29103559255599976,0.3170095682144165,0.24338692426681519,0.2008647620677948,0.15823139250278473,0.2356853485107422,0.2403765320777893,0.21369265019893646,0.20520173013210297,22.232819463884454,19.163184866389887,18.28417308074308,17.402052891402644,17.696706061128392,18.840088469372482,48.961396939119545,0.06940730168269231,1
-565.631591796875,73.49152374267578,-9.566274642944336,32.846046447753906,-26.867021560668945,9.943264961242676,-26.44876480102539,8.84742259979248,-13.673370361328125,0.4414931535720825,-3.796401023864746,-5.102160453796387,-3.3218019008636475,0.1756431758403778,0.16582722961902618,0.13867123425006866,0.17250698804855347,0.29653826355934143,0.3993420898914337,0.3018343448638916,0.24128518998622894,0.20093989372253418,0.18193979561328888,0.1780911087989807,0.1752001941204071,21.695429809899423,17.44468802412155,16.544525436601866,17.094891354678733,17.260647091880287,17.99501062994998,50.13560295269116,0.09901592548076923,1
-551.4788208007812,69.02053833007812,-12.687342643737793,25.737546920776367,-19.186372756958008,10.855328559875488,-28.208572387695312,4.711085796356201,-9.646503448486328,-0.20032431185245514,-5.520562171936035,-7.222377777099609,-3.397559642791748,0.21286079287528992,0.15019114315509796,0.15823370218276978,0.24135690927505493,0.37036433815956116,0.36471909284591675,0.20550546050071716,0.1913646012544632,0.18530961871147156,0.09812881797552109,0.12446243315935135,0.21391411125659943,22.198035878013975,16.671200818377976,17.70571847363504,16.503845200396135,17.170734937035792,17.744251100050395,49.24375086243098,0.08787184495192307,1
-541.2232055664062,53.813987731933594,6.479211807250977,39.288394927978516,-15.155014991760254,8.510305404663086,-29.221437454223633,11.70429801940918,-14.068719863891602,-4.165659427642822,-7.678822994232178,-10.061281204223633,-5.500669956207275,0.11146996170282364,0.09075994789600372,0.10507693886756897,0.18061548471450806,0.3664655387401581,0.447147399187088,0.2982291281223297,0.19396930932998657,0.23633626103401184,0.2061009407043457,0.18217025697231293,0.13582108914852142,26.050912183710246,18.55785218733365,19.044978024672474,17.914623122552293,18.95253447505252,20.119408912778518,52.55944534853758,0.10828200120192308,1
-666.8065185546875,22.053152084350586,-6.980137348175049,30.26763153076172,-5.031306743621826,9.059857368469238,-17.412519454956055,5.937861442565918,-6.495457649230957,-1.038225531578064,-5.622185707092285,-4.046628952026367,0.32569098472595215,0.19434121251106262,0.14575667679309845,0.12088150531053543,0.136442169547081,0.17728246748447418,0.21666891872882843,0.17997382581233978,0.20048251748085022,0.2155165672302246,0.18900954723358154,0.19115188717842102,0.20994319021701813,19.445247008451467,16.902161304821988,17.134611086052995,15.90169470564166,17.176329890528397,18.669997105885297,38.293292983412776,0.10262545072115385,1
-493.5882873535156,50.93244934082031,-15.426176071166992,39.397586822509766,-15.666040420532227,-0.41617438197135925,-19.64903450012207,4.952561378479004,-13.48963451385498,0.5327466726303101,-6.405511856079102,-7.630919456481934,-7.540286064147949,0.07818873971700668,0.12369375675916672,0.1485334038734436,0.2133777141571045,0.2880389988422394,0.34659165143966675,0.33099547028541565,0.26374807953834534,0.2326311320066452,0.1531568318605423,0.14489220082759857,0.10098091512918472,24.200396043172447,19.12767482487481,19.4115394024337,18.219087491405684,18.940530772720965,20.667835911588195,50.62528666996165,0.10994966947115385,1
-549.5488891601562,62.33888626098633,-9.337333679199219,36.86296463012695,-9.858839988708496,10.181270599365234,-22.50432014465332,6.675521373748779,-12.856368064880371,0.5216600298881531,-3.8837637901306152,-7.083138942718506,-7.410974025726318,0.09498786926269531,0.09369612485170364,0.09238400310277939,0.24062995612621307,0.38917770981788635,0.348287433385849,0.2797476053237915,0.1812172681093216,0.16510018706321716,0.1287926584482193,0.1751098483800888,0.12587909400463104,23.244479017684075,17.90894718244427,17.643927886783906,17.29913612463413,17.149342714298978,19.286791752642838,49.08593447247866,0.10911207932692307,1
-566.19091796875,37.86723709106445,-9.671977996826172,42.1038703918457,-12.187943458557129,4.031111240386963,-16.77292251586914,4.013808250427246,-11.867149353027344,-0.7677435278892517,-5.052208423614502,-7.583331108093262,-4.547311782836914,0.20379433035850525,0.1672039031982422,0.1987268030643463,0.2773492932319641,0.37407150864601135,0.3847910463809967,0.24987977743148804,0.20965200662612915,0.2357693761587143,0.2733931243419647,0.25465092062950134,0.2334064394235611,21.101596672890715,19.1303732713371,18.266480996371758,17.721760845840933,19.03204249970791,18.73745537300478,50.82501691042999,0.13026968149038462,1
-559.460205078125,48.93326187133789,0.6176542043685913,24.95197868347168,-7.011571407318115,3.5415995121002197,-22.492637634277344,2.682492971420288,-12.995832443237305,-4.746872901916504,-5.309020042419434,-3.9982478618621826,-2.780108690261841,0.23201215267181396,0.20493929088115692,0.2304569035768509,0.22798852622509003,0.22930018603801727,0.19391131401062012,0.16627565026283264,0.18692123889923096,0.18068282306194305,0.2027193158864975,0.284391313791275,0.2903861403465271,21.258198483611782,17.83203024600096,19.230193458748438,16.76381913950996,17.861192853925296,20.630104372091836,46.512945613891624,0.11979041466346153,1
-492.41314697265625,44.33430099487305,-15.417899131774902,27.463178634643555,-22.104963302612305,8.453755378723145,-23.61830711364746,2.4647645950317383,-15.470978736877441,-1.6810240745544434,-8.183884620666504,-10.510790824890137,-6.900211334228516,0.3078773021697998,0.25235703587532043,0.19592523574829102,0.16585464775562286,0.17665496468544006,0.17158767580986023,0.2078477293252945,0.33133363723754883,0.2946125268936157,0.26636362075805664,0.23886729776859283,0.28426265716552734,19.54165558795882,21.093842246723515,21.19059344206232,18.022643780166874,19.131110717480997,20.32340922791318,52.705840957952205,0.13890099158653846,1
-523.4744262695312,53.67594909667969,-9.563213348388672,35.75735855102539,-9.347536087036133,3.3097119331359863,-21.240678787231445,5.870096683502197,-16.571731567382812,-0.567301332950592,-9.767813682556152,-8.743913650512695,-6.981332778930664,0.12506279349327087,0.11702924966812134,0.12033484131097794,0.13581183552742004,0.2491675764322281,0.36911478638648987,0.32581156492233276,0.27571430802345276,0.23911647498607635,0.21360492706298828,0.21057400107383728,0.1639774888753891,27.278505371725114,21.421065005421553,20.276036241944695,18.285837543593264,20.431692721210663,22.331121152029567,52.4279324850597,0.1013934795673077,1
-533.2631225585938,59.581825256347656,-22.932790756225586,35.67812728881836,-19.257972717285156,11.18317985534668,-27.104297637939453,6.709410667419434,-8.56290340423584,-0.09165062755346298,-6.823044300079346,-8.308989524841309,-7.2453813552856445,0.12113361060619354,0.10251539945602417,0.11065143346786499,0.1245642900466919,0.15580330789089203,0.2012796401977539,0.24274301528930664,0.3520442247390747,0.4489794671535492,0.3340955078601837,0.19698311388492584,0.15370702743530273,21.8608552901261,19.06661553111495,20.556697640594574,17.579086488859538,17.48353618531718,19.793602032927108,50.96350593307499,0.13438626802884615,1
-555.2557983398438,59.774776458740234,-15.779304504394531,25.913711547851562,-18.25543212890625,8.337224006652832,-15.857863426208496,10.85531234741211,-9.347278594970703,4.372282981872559,-5.330137252807617,-6.894429683685303,-5.287020206451416,0.16700398921966553,0.16491581499576569,0.18671561777591705,0.23870304226875305,0.45035675168037415,0.36121922731399536,0.25931602716445923,0.23001757264137268,0.27138933539390564,0.14525309205055237,0.16544410586357117,0.27843236923217773,24.001569786725423,17.80236115047134,17.543450463256022,17.878079321952367,18.1787607889225,18.42476448013501,52.00535248029545,0.11667668269230769,1
-687.1738891601562,39.75020980834961,-7.610383987426758,14.831507682800293,-7.183994770050049,9.854602813720703,-7.801354885101318,4.433004379272461,-6.252892017364502,-3.151906728744507,-4.1142072677612305,-4.783375263214111,-3.561343193054199,0.1381630152463913,0.14883527159690857,0.10842647403478622,0.12121270596981049,0.19674630463123322,0.2461075782775879,0.21397891640663147,0.16532287001609802,0.13718639314174652,0.11761218309402466,0.11155756562948227,0.09417743980884552,19.187216156130678,15.3350115986648,15.799334531439875,15.258842777058081,16.87814739019652,16.81181727227881,34.07149156044875,0.06180138221153846,1
-552.25634765625,68.24705505371094,-28.280397415161133,16.634679794311523,-16.201704025268555,-4.972766876220703,-17.232650756835938,-6.7758259773254395,-5.158932685852051,-4.805392742156982,-7.593990325927734,-3.7625458240509033,-1.2401018142700195,0.49193599820137024,0.48920994997024536,0.45023593306541443,0.4200271964073181,0.4830705225467682,0.5180149078369141,0.46470823884010315,0.525998055934906,0.5688409805297852,0.525617241859436,0.5909097194671631,0.6040839552879333,15.093314278266584,13.69407395730365,15.552972709196071,14.979948963374136,17.160989004928826,18.03201190848126,61.89717892217892,0.23506986177884615,1
-441.16802978515625,96.58206176757812,-6.379495620727539,4.666160583496094,-0.6174911260604858,-1.010326862335205,-14.507267951965332,-9.928583145141602,0.9560738205909729,-3.7984893321990967,0.05292833596467972,-0.03156791999936104,-7.786318778991699,0.5804964303970337,0.5743019580841064,0.5723084807395935,0.5254136323928833,0.47524595260620117,0.45596981048583984,0.4790726900100708,0.4902103543281555,0.47536513209342957,0.5062153339385986,0.5488623976707458,0.5822203755378723,14.770565780437442,13.620671488598305,17.188517659744157,16.20205455780706,18.477219756178112,19.05577924514653,54.854959506857995,0.18265474759615385,1
-480.6609191894531,75.44794464111328,-6.2827982902526855,9.977314949035645,3.210434913635254,0.2182532697916031,-6.180596828460693,-0.8977987170219421,0.7492597103118896,-7.233278751373291,-4.103093147277832,2.553560972213745,-5.50041389465332,0.5168567299842834,0.5725046992301941,0.6082404851913452,0.6230031847953796,0.5869398713111877,0.5330091118812561,0.5355985164642334,0.6085326671600342,0.6259438395500183,0.6362432837486267,0.6045892238616943,0.5144295692443848,12.714488449030915,12.51160143056266,15.992550829406722,14.089581767501938,17.13242155595971,17.96347132984461,53.25245986783644,0.2466496394230769,1
-456.7922058105469,73.1509017944336,-17.446104049682617,17.1907901763916,-2.8782405853271484,-11.861283302307129,-13.2644624710083,-11.724228858947754,-4.927057266235352,-11.283039093017578,-9.259063720703125,-4.282240390777588,-9.737117767333984,0.33236390352249146,0.36226686835289,0.35098227858543396,0.34464189410209656,0.3874487578868866,0.4298263490200043,0.42937371134757996,0.5805379748344421,0.7638369798660278,0.6154291033744812,0.4843035340309143,0.36457112431526184,16.82216386186487,15.210902067530084,19.76136730559845,16.21014731771391,18.407631315233434,19.616201067856178,58.46070349624474,0.20865384615384616,1
-498.68310546875,86.42528533935547,-16.40804100036621,5.557543754577637,-7.883966445922852,-1.7181267738342285,-16.163619995117188,-10.035634994506836,-7.978614330291748,-3.934720993041992,-6.266695499420166,-7.843230247497559,-5.2645182609558105,0.380191445350647,0.46108710765838623,0.4581463038921356,0.4139518141746521,0.46097633242607117,0.5407220125198364,0.6152374148368835,0.5246277451515198,0.5717803835868835,0.5341446399688721,0.47108563780784607,0.39236047863960266,16.486068818758767,14.60006390021176,16.739257158706664,15.799026481021576,17.082648861399452,16.7365059658044,59.93684412215752,0.2052734375,1
-435.17877197265625,105.65282440185547,-9.0584716796875,12.5519380569458,-3.708087205886841,-5.096523761749268,-12.918510437011719,-13.60017204284668,-0.5276053547859192,-10.047740936279297,-1.245124340057373,1.8286372423171997,-14.088415145874023,0.4471285343170166,0.3953607678413391,0.3731049597263336,0.38834330439567566,0.40707334876060486,0.44950780272483826,0.4263426661491394,0.4625864028930664,0.5817509889602661,0.6040604114532471,0.5754355192184448,0.48307880759239197,14.175813147419234,15.215415567211494,19.28126446757259,17.965057396607016,19.395089352439655,20.612314582295824,50.32187789990161,0.18803335336538463,1
-475.8874816894531,54.775814056396484,-12.273322105407715,14.429338455200195,-8.80428409576416,-0.21675902605056763,-6.637848377227783,-11.918210983276367,-8.236218452453613,-0.3839699327945709,-5.55955171585083,-3.1764559745788574,-2.2905290126800537,0.529841423034668,0.4715083837509155,0.47020673751831055,0.488794207572937,0.5199732184410095,0.5294052362442017,0.5879079103469849,0.5443480014801025,0.5840178728103638,0.6557319164276123,0.6681188344955444,0.7016162872314453,14.194693179858834,13.178010883708268,16.08121079336213,16.161707577707034,17.111646157189533,19.01485979303527,52.748170915040234,0.28131385216346155,1
-512.9165649414062,74.7086410522461,-18.945026397705078,9.270204544067383,-7.901583194732666,4.44623327255249,-13.8218994140625,-4.085376739501953,-5.289703369140625,-5.42872953414917,-6.482630252838135,-5.785761833190918,-2.564293146133423,0.40788185596466064,0.3819747269153595,0.41602566838264465,0.3986978828907013,0.4265388250350952,0.4600961208343506,0.4576778709888458,0.48489511013031006,0.6280670762062073,0.7151561379432678,0.6053734421730042,0.4264731705188751,13.587831575542907,13.595525819079306,17.130364980699067,15.702609667119805,17.16658730444998,16.471072162961544,56.188898025783224,0.22911283052884615,1
-421.3576354980469,87.84983825683594,-10.619660377502441,10.578014373779297,0.05041022598743439,-10.265796661376953,-6.23965311050415,-4.1730732917785645,-2.725740432739258,-1.243004322052002,0.8265883326530457,0.11300835013389587,-4.935941696166992,0.5372560024261475,0.5206153392791748,0.5185765027999878,0.5034413933753967,0.42091578245162964,0.42462605237960815,0.45846790075302124,0.468485563993454,0.4912441372871399,0.5517266392707825,0.5767917037010193,0.5057780146598816,15.346907246558024,15.591275963679683,18.19597968953636,16.140465583613242,19.158686248965353,20.245407215076288,51.96958344920419,0.19031325120192308,1
-435.79681396484375,84.69779968261719,8.243709564208984,18.52079200744629,-4.019572734832764,8.425407409667969,-17.506502151489258,2.9585628509521484,-5.66157865524292,-7.2890543937683105,-1.9808913469314575,-0.06931142508983612,-0.9159724116325378,0.5242064595222473,0.48922625184059143,0.5217461585998535,0.4870177209377289,0.4448528587818146,0.4231363534927368,0.464308500289917,0.5193305015563965,0.5570867657661438,0.5623214244842529,0.6048838496208191,0.6142808198928833,13.3723107324619,13.615260592908854,17.057282364429348,13.87628457021326,17.729524543372086,18.924459212615368,58.97875338550612,0.22122521033653847,1
-512.5303344726562,61.19858932495117,-16.55141830444336,19.7359561920166,-3.3587114810943604,-9.18415641784668,-13.823680877685547,-7.52482795715332,2.0035946369171143,-1.6521517038345337,-7.4441046714782715,-1.449057698249817,-6.74277925491333,0.5799251794815063,0.4923623204231262,0.4841000437736511,0.40660274028778076,0.37836799025535583,0.4178951680660248,0.5128748416900635,0.6076011061668396,0.5525616407394409,0.6557037234306335,0.6188966631889343,0.5428110957145691,14.190466761393004,14.025292304468362,15.782506912200768,15.709085414011106,17.51015013402615,19.253644445964262,61.469113935227064,0.24615384615384617,1
-403.1109313964844,109.4568099975586,-7.037272930145264,12.737019538879395,-3.2374355792999268,-5.581234931945801,-15.266888618469238,-9.54421329498291,1.944128394126892,-4.0326385498046875,-2.1710011959075928,0.23769420385360718,-5.291823863983154,0.46099692583084106,0.42005693912506104,0.4087403416633606,0.3832957446575165,0.37524592876434326,0.402476966381073,0.41206568479537964,0.5056276917457581,0.4558034837245941,0.5530583262443542,0.6526269316673279,0.49800679087638855,14.333560820790135,15.946271252877859,18.952078792625354,17.327652062206937,18.237468936842365,18.072654027001047,51.70075215210001,0.18406700721153846,1
-450.8319091796875,87.17752838134766,-1.5666793584823608,-7.508116722106934,-8.518893241882324,7.653690814971924,-1.9697526693344116,-5.786279201507568,-5.326918125152588,0.7517716288566589,-0.06511183828115463,-0.43000826239585876,-1.689161777496338,0.5034765601158142,0.5032492280006409,0.5409289598464966,0.5507096648216248,0.5708861351013184,0.5003686547279358,0.4866217076778412,0.5639562010765076,0.5739803314208984,0.5812740325927734,0.6102811694145203,0.5668215751647949,15.11918799225069,13.263564118719506,16.033143197370393,15.839075177058119,17.246312606638153,17.34161440580715,52.54541744567569,0.21835186298076922,1
-414.2554626464844,94.74237060546875,-3.2509238719940186,9.796686172485352,-3.260521411895752,-5.453304290771484,-6.947577953338623,-8.366336822509766,-9.863198280334473,-6.162653923034668,-0.0902310162782669,-2.290126085281372,-7.361268520355225,0.5067642331123352,0.49699166417121887,0.4179381728172302,0.44777002930641174,0.44237416982650757,0.4349575936794281,0.45839932560920715,0.458935409784317,0.4663742184638977,0.4516635835170746,0.43885499238967896,0.4415415823459625,14.57391835089649,16.33100232603742,19.903986020865013,16.763004441353715,17.831205040782425,17.967857545936567,53.18065512775596,0.18603891225961539,1
-434.301513671875,90.78229522705078,-6.135261535644531,8.263016700744629,-5.2227277755737305,-4.3470048904418945,-12.744475364685059,-6.750635623931885,-1.8272038698196411,-5.6298418045043945,0.1360088586807251,-0.05404283478856087,-7.959860324859619,0.5015513300895691,0.48236000537872314,0.49123746156692505,0.4716426730155945,0.44461268186569214,0.4781157672405243,0.5169450640678406,0.5071128010749817,0.478231817483902,0.46483495831489563,0.5032515525817871,0.5421199798583984,14.68246177254593,12.908278753174665,18.176852686213802,17.108725116766127,19.145274977386297,21.010767195874212,56.35110505687662,0.20157001201923078,1
-555.953369140625,65.5748519897461,-26.905305862426758,2.962334394454956,-11.650944709777832,7.595756530761719,-15.186298370361328,0.18041405081748962,-1.2379547357559204,0.5886154770851135,-7.487008571624756,-6.819432735443115,3.037085771560669,0.580092191696167,0.4540646970272064,0.4241991937160492,0.3625289499759674,0.3999149799346924,0.44238170981407166,0.4853588938713074,0.4881844222545624,0.553202748298645,0.6813341379165649,0.6027051210403442,0.6065871119499207,15.005440160696631,12.463896088910987,14.414784568395275,14.67523493087174,17.217651603236494,15.725046715485426,63.62914905322426,0.2524601862980769,1
-510.33551025390625,100.9056167602539,-17.21923828125,8.40642261505127,-14.6864652633667,-16.365201950073242,-21.731233596801758,-12.82906436920166,1.5458242893218994,-5.325016498565674,-13.503636360168457,-8.436859130859375,-4.581727504730225,0.42600345611572266,0.4589782953262329,0.3372444212436676,0.31331536173820496,0.4134383499622345,0.615305483341217,0.647260844707489,0.5811317563056946,0.5170021057128906,0.4527111053466797,0.38853809237480164,0.4336431622505188,18.198636450099773,15.884283952940883,17.261363687109014,18.547521429954042,19.242605392933534,19.2367431273463,57.52142280056,0.1913348858173077,1
-457.4027099609375,92.70671844482422,2.8931081295013428,10.729087829589844,0.8329311013221741,-13.555716514587402,-5.1677069664001465,-2.17562198638916,-3.378952741622925,-1.6399050951004028,3.877601146697998,0.3749307692050934,-4.030400276184082,0.5600285530090332,0.5488023161888123,0.5802801847457886,0.5432534217834473,0.5146479606628418,0.5215165019035339,0.5412811636924744,0.5310380458831787,0.5170952677726746,0.5317836403846741,0.48119938373565674,0.48104187846183777,16.532817805371998,14.499918916666205,17.792204835113935,16.11146582237731,19.12284605740825,19.656537238437863,52.41135536720272,0.18269981971153845,1
-459.8665771484375,52.155914306640625,-11.057878494262695,16.281814575195312,3.152597665786743,-8.4230375289917,-8.101189613342285,-4.404759883880615,-5.066241264343262,-2.264167070388794,-0.2274090051651001,-2.160423755645752,-4.369081020355225,0.5519288778305054,0.4610740840435028,0.4558323323726654,0.4552525281906128,0.47665902972221375,0.4779970943927765,0.5231256484985352,0.5215178728103638,0.5525371432304382,0.6162940859794617,0.6095972061157227,0.6225025653839111,13.234233467379088,13.251080193601796,16.628769519885694,14.81784704952173,18.102611082063987,18.334387266451856,51.726475845968196,0.27273888221153847,1
-438.8971862792969,78.76795959472656,13.776275634765625,17.40483856201172,-2.171936511993408,7.066562652587891,-18.287900924682617,-3.738959312438965,-7.484470367431641,-12.56689739227295,-2.8557724952697754,-0.5954623222351074,-0.2534433901309967,0.42817506194114685,0.48714834451675415,0.5483205914497375,0.4664989709854126,0.37714090943336487,0.3777379095554352,0.4186204671859741,0.42023858428001404,0.42194291949272156,0.47355636954307556,0.5411520600318909,0.4669345021247864,14.52378698600121,15.056041886712427,20.428865175544537,16.112837075745226,20.480892665624737,20.73345260237977,55.60915608333408,0.22442157451923078,1
-459.2337951660156,101.54652404785156,-3.7295196056365967,-3.2270662784576416,-5.900857448577881,8.059290885925293,0.6474949717521667,-4.059916019439697,0.26584213972091675,5.087716102600098,0.46792906522750854,1.2499804496765137,-0.5238125324249268,0.4929558336734772,0.5329365730285645,0.5436171293258667,0.47750458121299744,0.48971378803253174,0.532317578792572,0.6143309473991394,0.5987826585769653,0.5816159248352051,0.6461524963378906,0.680222749710083,0.6045273542404175,15.909621676842097,12.953916046392935,15.08806414476127,15.067155868806346,17.266043874693608,17.099343023453116,54.30866700543309,0.1921912560096154,1
-454.8102111816406,92.09444427490234,-1.238991141319275,0.6707343459129333,3.3843114376068115,-13.443190574645996,-29.72756004333496,-10.677611351013184,-7.3249101638793945,-3.899533748626709,1.504404067993164,-2.4048988819122314,-9.411822319030762,0.5133947730064392,0.4290149509906769,0.36108726263046265,0.33883988857269287,0.36220744252204895,0.34219422936439514,0.31027939915657043,0.35130640864372253,0.4055916965007782,0.4695449769496918,0.519485592842102,0.5079631805419922,17.049590456558626,16.637832410330123,20.463923042972677,19.550088234053774,20.40197915094294,21.593825350943547,50.52589201488143,0.20199068509615384,1
-449.7789306640625,85.96559143066406,-1.3112430572509766,2.576188802719116,-1.405606985092163,3.788281202316284,-4.157405376434326,-4.722284317016602,-2.578925132751465,-3.0167620182037354,-3.938768148422241,-0.7003499865531921,-2.3255298137664795,0.5599256157875061,0.5671994090080261,0.4997260570526123,0.4989161491394043,0.5250760316848755,0.5039349794387817,0.5092296600341797,0.5578576326370239,0.6254940629005432,0.6084874868392944,0.63899165391922,0.5787039995193481,15.387899603527229,13.157764302728866,16.034703729399567,15.030620251498833,17.923774120397066,17.71374961447134,53.79743775824897,0.21275165264423077,1
-401.6650085449219,93.0735855102539,-11.621150970458984,0.6733126640319824,-6.443691253662109,-0.651675283908844,-14.358866691589355,-9.220735549926758,-5.686795234680176,-4.460205078125,1.218829870223999,-2.3041434288024902,-9.60022258758545,0.578670859336853,0.44428905844688416,0.4146261215209961,0.4142099916934967,0.3895115554332733,0.382205605506897,0.4108877182006836,0.4969775378704071,0.5151955485343933,0.449946790933609,0.5062150359153748,0.553787112236023,13.132716468537089,15.164039352995003,18.69936265528807,17.919417584876143,19.54677527209887,19.628407335933503,54.059260675000495,0.22511268028846154,1
-511.14105224609375,77.0885238647461,-18.335289001464844,12.10233211517334,-2.7140579223632812,-8.293150901794434,-12.234034538269043,-13.02957820892334,-6.458399295806885,-9.115771293640137,-12.489455223083496,-3.01826810836792,-2.3309831619262695,0.45300284028053284,0.4140770137310028,0.4158543646335602,0.40520671010017395,0.3741121292114258,0.4736183285713196,0.5528509616851807,0.47756102681159973,0.5775196552276611,0.6133080720901489,0.5949459671974182,0.5012392401695251,16.06676581710757,14.442528408311137,17.482588036728675,15.243939784881633,17.669735368873443,18.18073756499544,58.09480843199171,0.19965069110576922,1
-523.447265625,76.404052734375,-12.956892013549805,8.856017112731934,-16.105487823486328,-8.022639274597168,-19.079402923583984,-8.901687622070312,-12.459245681762695,-5.77775239944458,-9.199873924255371,-5.862719535827637,-3.1942548751831055,0.49101710319519043,0.3877960443496704,0.4374339282512665,0.4376964569091797,0.3741067945957184,0.41402602195739746,0.49422532320022583,0.4714287221431732,0.5813233852386475,0.6192731261253357,0.5225425362586975,0.5422850251197815,16.27390813832208,14.04550731572447,17.78033713863656,17.326652219423867,17.309814993108635,19.110931974845382,57.30769144586067,0.2224609375,1
-426.8526306152344,100.960693359375,1.5226985216140747,4.495262145996094,1.5173567533493042,-4.900311470031738,-20.182613372802734,-5.460869789123535,-4.498406887054443,0.4289422929286957,-4.831308841705322,5.616443634033203,-6.457211494445801,0.47736477851867676,0.49898868799209595,0.336340069770813,0.3076988160610199,0.3490336835384369,0.38171932101249695,0.3503608703613281,0.43150830268859863,0.46337035298347473,0.4524410367012024,0.4836599826812744,0.44659316539764404,16.647088179360477,13.354527489139869,19.074227652242623,17.83559565828054,19.310703104336806,17.947702657714274,59.33650870075642,0.2009953425480769,1
-450.9215087890625,90.46870422363281,3.9581758975982666,11.5296049118042,2.047116756439209,1.5581786632537842,-8.249469757080078,-6.550748348236084,-3.871927499771118,-1.4883126020431519,-1.4538843631744385,2.202058792114258,-0.4944349527359009,0.5626970529556274,0.5231819748878479,0.545050859451294,0.5327875018119812,0.4753572940826416,0.4805689752101898,0.4904730021953583,0.5136827826499939,0.575096845626831,0.5532194972038269,0.5194084644317627,0.5335066318511963,14.776518517966268,13.197801044978503,16.770727714204433,15.257471439282769,17.99045440159932,18.207939483050442,51.17051178686986,0.19737079326923077,1
-470.4286193847656,76.21599578857422,-23.31575584411621,19.94696617126465,-11.885441780090332,-4.7696757316589355,-20.65980339050293,-8.630325317382812,-12.427416801452637,-3.866960287094116,-6.7974534034729,-5.692422866821289,-6.810646057128906,0.36601755023002625,0.3190930187702179,0.31916558742523193,0.3249025046825409,0.40352100133895874,0.5425674319267273,0.4453831911087036,0.37186399102211,0.5427128672599792,0.6768799424171448,0.6348128318786621,0.43783751130104065,16.08545101757623,15.897012846657631,19.170574521230503,16.06947974479576,18.41796038177787,19.234017243112707,60.66563557997438,0.20759840745192307,1
-489.5882263183594,61.04973602294922,-21.824399948120117,14.814576148986816,-7.277251243591309,1.1397403478622437,-19.589197158813477,-3.0840485095977783,-6.1737823486328125,-5.352019786834717,-9.42741584777832,-7.557680130004883,-3.3588650226593018,0.42482995986938477,0.3950366973876953,0.4006580412387848,0.3933738172054291,0.3690895736217499,0.4074254631996155,0.48079749941825867,0.5892661809921265,0.76095050573349,0.6508038640022278,0.5072498321533203,0.434684157371521,14.0658997768734,14.03899349311896,17.692832815677964,15.401571554256348,17.3370437181839,18.583557026139115,61.237577170134124,0.24603740985576922,1
-449.0998840332031,92.78646850585938,15.77920150756836,10.428345680236816,-1.8446162939071655,-4.896665573120117,-15.267802238464355,-14.969439506530762,-9.565787315368652,-3.128506660461426,1.9188520908355713,-2.9785664081573486,-6.255498886108398,0.38506612181663513,0.4041861295700073,0.45280978083610535,0.45961108803749084,0.41597479581832886,0.395986407995224,0.47318822145462036,0.5876016616821289,0.5792761445045471,0.47202807664871216,0.49425259232521057,0.4891972541809082,16.27254428032146,15.543953541390232,19.938845802978577,16.84491401068761,18.00228101325153,19.083718046712875,50.38736116970627,0.19422325721153846,1
-447.1068420410156,94.58609771728516,-0.637166440486908,6.692202091217041,1.7305277585983276,-5.9790778160095215,-10.19025707244873,-9.53194808959961,0.10843142122030258,-3.7164435386657715,0.2730538845062256,3.2626287937164307,-5.721182346343994,0.46209070086479187,0.48971027135849,0.4698752760887146,0.45451492071151733,0.5130163431167603,0.45853516459465027,0.41698122024536133,0.44687604904174805,0.46723636984825134,0.48880043625831604,0.5481145977973938,0.4736824631690979,15.07526390025655,14.664404061595288,17.902566157344552,15.821119185965479,17.236893021707544,18.656731329223412,51.05629303811052,0.19144756610576924,1
-472.56341552734375,65.816650390625,-11.030664443969727,16.812307357788086,-5.452949047088623,-3.7580816745758057,-16.3977108001709,-11.403825759887695,-5.809497356414795,-9.57815170288086,-12.589229583740234,-7.428854942321777,-4.520758152008057,0.3488263785839081,0.3142779767513275,0.38733989000320435,0.3666428029537201,0.30799105763435364,0.3558322489261627,0.41279909014701843,0.4957939088344574,0.7433829307556152,0.615414023399353,0.45395559072494507,0.4118953049182892,16.210146094838397,15.229687425393479,19.938455697136536,16.20521813882643,18.29780971645361,17.631209365839055,60.76837824514612,0.22143179086538461,1
-432.0697021484375,79.23627471923828,1.396620512008667,15.808777809143066,-1.4636198282241821,-1.886462926864624,-18.063920974731445,-8.827171325683594,-9.176780700683594,-9.567352294921875,-1.5188180208206177,-0.05546886846423149,-9.015911102294922,0.506252646446228,0.4792623519897461,0.44760605692863464,0.3577366769313812,0.34689489006996155,0.37467440962791443,0.45063796639442444,0.43656226992607117,0.45116740465164185,0.49796611070632935,0.5498497486114502,0.5488358736038208,14.379741781086713,14.180182007402298,19.141124281281222,16.394123240504307,19.2589982684301,20.276717878575017,51.3235400895907,0.23329702524038462,1
-512.7767944335938,72.96502685546875,-24.18638801574707,12.620969772338867,-3.183300256729126,-0.5627800822257996,-15.223267555236816,-4.175738334655762,-3.625251054763794,-5.09569787979126,-7.5554518699646,-2.5990896224975586,-2.411112070083618,0.463789165019989,0.41411828994750977,0.4204007685184479,0.4104902148246765,0.4102516174316406,0.4111729562282562,0.4496327340602875,0.5221258997917175,0.660882830619812,0.7268778085708618,0.6163438558578491,0.5537213087081909,13.760231930951797,13.326626510702274,17.060504695793746,15.314981053321409,17.092108825308802,17.1313390321026,61.67901552123869,0.22259990985576922,1
-467.3948059082031,85.14566802978516,4.911018371582031,4.431340217590332,-1.7687232494354248,7.768183708190918,-9.588831901550293,-4.714539051055908,-1.9262852668762207,5.44082498550415,1.0592677593231201,-0.18279296159744263,-1.767276406288147,0.6934277415275574,0.6281201243400574,0.4854605197906494,0.3540155291557312,0.3500421345233917,0.3596726655960083,0.3743000328540802,0.4057842493057251,0.40817707777023315,0.4464012384414673,0.4784366488456726,0.49661606550216675,16.80118553562354,12.906374020881191,16.88108941357718,15.027771459699334,18.527149879354937,19.08599947265134,54.3459697598428,0.21532827524038461,1
-499.3645324707031,80.07564544677734,-14.024736404418945,23.694658279418945,-8.060336112976074,10.585078239440918,-13.561355590820312,-4.069817066192627,-9.24445915222168,-6.015580654144287,-16.192697525024414,-5.203867435455322,-5.110352516174316,0.1513979434967041,0.11845599114894867,0.11775543540716171,0.13121066987514496,0.14665310084819794,0.15771186351776123,0.3725115954875946,0.30756574869155884,0.23097491264343262,0.24961233139038086,0.2168503999710083,0.16054557263851166,28.70967181807497,21.293189309956198,22.9075516832809,19.770472787771645,22.538978777228827,22.938381311961606,49.386961023160254,0.053147536057692304,1
-452.0035095214844,74.69051361083984,-23.66794204711914,30.84668731689453,-15.297417640686035,-1.8324346542358398,-30.63201332092285,-9.399808883666992,-7.7330780029296875,-7.444464683532715,-10.723784446716309,-1.7695178985595703,-6.345098495483398,0.19691888988018036,0.21172934770584106,0.20508110523223877,0.24167700111865997,0.2165655791759491,0.19365347921848297,0.2226453423500061,0.23281046748161316,0.1687256246805191,0.2059195339679718,0.38259807229042053,0.3179149329662323,29.88195923239121,18.807232369170116,19.04041968702341,18.868558500467415,21.17577573521475,21.262297238393966,50.16565490463225,0.07734375,1
-478.11322021484375,93.81484985351562,-4.840778827667236,10.541156768798828,-23.77703857421875,-3.1660208702087402,-31.217498779296875,-6.362188816070557,-0.8461058139801025,-3.3575692176818848,-10.454270362854004,3.726426362991333,3.2692947387695312,0.21171413362026215,0.3084181249141693,0.2519211769104004,0.23322947323322296,0.19124190509319305,0.15287238359451294,0.2324657440185547,0.26740217208862305,0.21019329130649567,0.2004319131374359,0.2958349883556366,0.2680245041847229,27.628697557110243,19.72306985336606,18.908404326620516,21.404011026292487,22.618674970942497,21.459782084883848,50.87129747746456,0.05824819711538461,1
-496.8107604980469,91.59801483154297,-11.837141036987305,22.64120101928711,-2.0732405185699463,-0.11637429147958755,-6.455225467681885,-6.980197429656982,-16.34117317199707,-11.886293411254883,-15.256204605102539,-1.9602106809616089,-2.5319747924804688,0.18836815655231476,0.16325224936008453,0.13955385982990265,0.08061490952968597,0.12812989950180054,0.177898570895195,0.1473885029554367,0.1937226951122284,0.27671006321907043,0.31292223930358887,0.24436451494693756,0.23200523853302002,28.476984531836358,19.423192427310166,22.515239805680707,20.314911026064856,21.571189494092785,23.986372248554858,47.27984327714207,0.045631760817307694,1
-495.6813659667969,98.2809829711914,-21.244836807250977,-7.001206398010254,-8.613099098205566,-5.733101844787598,-18.65108871459961,-8.822823524475098,-7.204184532165527,-5.756626605987549,-11.443293571472168,-4.746312618255615,-1.5839722156524658,0.3632810413837433,0.34063926339149475,0.2659931778907776,0.24836128950119019,0.1475566327571869,0.17581500113010406,0.179085835814476,0.18284526467323303,0.2241489291191101,0.3665623366832733,0.31101030111312866,0.21475352346897125,27.544057479562962,18.922130313278256,18.1766222823653,17.21558836197239,21.09895920032065,20.126209429349323,45.43620593780717,0.06145958533653846,1
-476.8897705078125,96.05286407470703,-24.766971588134766,4.543874740600586,3.6026864051818848,5.587841033935547,-14.063261032104492,-0.8078203797340393,-8.844104766845703,-6.760478973388672,-14.14862060546875,0.8038718104362488,-7.053805828094482,0.14807529747486115,0.17155544459819794,0.21085195243358612,0.16427911818027496,0.20900900661945343,0.1845424920320511,0.22516204416751862,0.28866976499557495,0.2336314469575882,0.19631615281105042,0.1901831179857254,0.21267551183700562,28.6755082341887,19.957694091465406,19.842047002972148,19.320225771736695,21.81706390460499,20.982476572804067,47.457811595621976,0.05107797475961538,1
-430.12396240234375,87.70890808105469,-26.642866134643555,12.234495162963867,-11.886737823486328,-1.0213289260864258,-15.091951370239258,-5.617971420288086,-16.378150939941406,-10.750943183898926,-23.364572525024414,-6.645895957946777,-6.444193363189697,0.21045224368572235,0.3330780863761902,0.2949039340019226,0.23034369945526123,0.14097172021865845,0.14995622634887695,0.21256063878536224,0.18509410321712494,0.07935921102762222,0.09542679786682129,0.1923234611749649,0.14434945583343506,31.522830394083883,22.65149857290203,22.45889965979507,23.917882973035894,23.116210292148985,23.891679189059403,51.108586674120055,0.05096153846153846,1
-492.8812561035156,91.90279388427734,-9.40022087097168,25.446258544921875,-3.0291080474853516,-20.37444305419922,-34.448883056640625,-2.434565305709839,-4.881924629211426,-1.0831630229949951,-11.160609245300293,-3.325848340988159,0.585106611251831,0.2547212541103363,0.3485201597213745,0.32069265842437744,0.2579974830150604,0.15125387907028198,0.11144866049289703,0.16830457746982574,0.08905670046806335,0.0666089802980423,0.12345674633979797,0.17392697930335999,0.17765916883945465,30.641817815037978,23.041864125218765,20.73731199798113,20.631600847196662,21.88521224223614,21.755720823115304,49.10335970531318,0.039599609375,1
-477.8023986816406,92.9815673828125,-5.3734002113342285,-1.3983023166656494,-13.241945266723633,-5.303355693817139,-33.203895568847656,-9.840139389038086,-9.850102424621582,-14.382149696350098,-8.986614227294922,0.25462478399276733,-4.410576820373535,0.21484734117984772,0.35210591554641724,0.39298364520072937,0.273264616727829,0.20415955781936646,0.2108842432498932,0.16767437756061554,0.12536579370498657,0.06872174143791199,0.11832468211650848,0.2061987668275833,0.15963031351566315,28.425354760505098,22.258484999964654,20.009168033229457,19.698432674819113,22.06154884371774,21.980936878176873,49.23138850195933,0.05885291466346154,1
-471.82427978515625,93.63664245605469,-13.88713264465332,19.7690372467041,10.42798137664795,-15.3367280960083,-22.121997833251953,-11.146188735961914,-14.257864952087402,-6.126077175140381,-17.98063087463379,-7.697821140289307,2.207777738571167,0.34540319442749023,0.31343990564346313,0.17168563604354858,0.08620725572109222,0.0841897502541542,0.15911360085010529,0.2052842080593109,0.1841210573911667,0.10283803939819336,0.212387353181839,0.29743432998657227,0.24103742837905884,29.058476965819086,20.749119801967687,21.005375487829674,20.51537724430893,22.459603593597052,23.21095991840322,48.009639281545994,0.04456129807692308,1
-463.4855041503906,87.61417388916016,-7.2545599937438965,36.260162353515625,-8.56501579284668,-4.273766040802002,-27.645193099975586,-5.320228576660156,-3.148792028427124,-5.551369667053223,-12.356099128723145,2.838667869567871,-1.6532762050628662,0.1412389874458313,0.303478479385376,0.2517683207988739,0.2631823718547821,0.25668805837631226,0.1573002189397812,0.14357909560203552,0.24398531019687653,0.3367903232574463,0.4247063100337982,0.30241262912750244,0.13206592202186584,28.75785869075391,17.30831608167936,17.41437834233629,17.489093325808785,20.21729529273398,20.470809119111173,49.12841389680626,0.05626878004807692,1
-491.15142822265625,65.08142852783203,-7.01255989074707,31.934152603149414,-13.670463562011719,18.29857635498047,-15.148360252380371,-1.9876375198364258,-11.902830123901367,-8.29736042022705,-20.01090431213379,-4.136053562164307,-1.0778697729110718,0.19707411527633667,0.14920613169670105,0.1343221217393875,0.1351231336593628,0.17421378195285797,0.17100243270397186,0.4159806966781616,0.40690287947654724,0.18516118824481964,0.18028505146503448,0.23778505623340607,0.20694446563720703,29.219121737119227,19.6399180232248,21.721039691913635,18.910620806121425,20.707056596921163,21.094076975191506,50.44789354650315,0.08955453725961539,1
-459.6094970703125,63.27404022216797,-7.192843914031982,30.24688720703125,-18.209875106811523,1.4359999895095825,-33.16511917114258,-6.2762932777404785,-1.6623352766036987,-4.012950897216797,-9.341721534729004,-0.8363449573516846,1.2527035474777222,0.28681856393814087,0.3331888020038605,0.29044947028160095,0.29210105538368225,0.2208823710680008,0.16811786592006683,0.17785829305648804,0.25012242794036865,0.20274187624454498,0.2616334557533264,0.32084426283836365,0.21586762368679047,27.377332329729615,16.313758236611275,17.675586565068176,18.523708424651815,20.156832786024,19.303077075439216,49.73363488968261,0.09310021033653847,1
-458.331298828125,74.01122283935547,-16.39794158935547,34.598167419433594,-20.195972442626953,-0.2178078293800354,-28.604244232177734,-0.007498756051063538,-11.160514831542969,-1.4314128160476685,-9.131804466247559,-1.693759560585022,-0.6514395475387573,0.28765928745269775,0.24449361860752106,0.18321825563907623,0.21443404257297516,0.19293513894081116,0.18883496522903442,0.2424612045288086,0.2754366099834442,0.22085870802402496,0.41158419847488403,0.46915337443351746,0.28922486305236816,26.053712544850296,13.877082985958172,15.188875009612948,16.65681867851956,17.53056491280965,18.273673660810072,49.32936274316539,0.10048076923076923,1
-550.2025756835938,48.3320426940918,-11.354138374328613,13.845338821411133,-12.10844898223877,-4.530615329742432,-20.310836791992188,-5.129959583282471,-7.311506271362305,-5.644193172454834,-6.4298176765441895,0.3821777403354645,-1.4741528034210205,0.20050440728664398,0.21269892156124115,0.17569808661937714,0.1438412219285965,0.13080906867980957,0.16189153492450714,0.13848277926445007,0.10103026777505875,0.12856142222881317,0.22559775412082672,0.1482945680618286,0.09711243957281113,23.29552548592217,16.75260685241926,17.682540068430296,17.93264823803985,19.34436700172198,19.998530483630113,38.47573991534271,0.057774939903846155,1
-483.2237854003906,63.04274368286133,-9.79905891418457,37.41816329956055,-14.27871036529541,5.010103225708008,-11.824007034301758,-7.663203239440918,-15.069969177246094,-11.992036819458008,-22.93045997619629,-4.762380599975586,-2.532865047454834,0.2572011947631836,0.2292376011610031,0.12389501184225082,0.11791767925024033,0.2283170223236084,0.18086782097816467,0.21986427903175354,0.25345471501350403,0.17341913282871246,0.2787016034126282,0.196592777967453,0.18291597068309784,26.16726856694991,17.330279676410655,23.585616132323263,20.373406365549826,20.172037754038627,20.865939178656006,46.51721214512698,0.08159930889423077,1
-473.69866943359375,63.605438232421875,-15.43702220916748,22.688161849975586,-32.412349700927734,5.112325668334961,-27.775856018066406,-3.6828784942626953,-9.612953186035156,-2.0546090602874756,-9.654138565063477,-6.637884140014648,-2.5183370113372803,0.23713350296020508,0.3130525052547455,0.2986333668231964,0.27030420303344727,0.21244043111801147,0.23121711611747742,0.24166537821292877,0.23483431339263916,0.2316969335079193,0.4303070902824402,0.45484477281570435,0.2119479775428772,26.609922918673675,15.626552638780474,16.655472098805603,17.15939804700015,18.562427375642745,18.016726199681532,50.31181913116884,0.11524564302884616,1
-495.0509948730469,95.92345428466797,-16.20479965209961,15.434402465820312,-4.445683479309082,-8.021431922912598,-6.560678958892822,-9.440144538879395,-14.275779724121094,-12.35705280303955,-25.713184356689453,1.7044998407363892,-9.435297966003418,0.13248030841350555,0.1502135694026947,0.1636197417974472,0.21524591743946075,0.26637375354766846,0.21405649185180664,0.1889238804578781,0.14421401917934418,0.13606403768062592,0.1476881057024002,0.20915846526622772,0.19016173481941223,29.354313026548027,22.52933305068477,22.35820616807348,20.763681747893227,21.14249081630619,25.211000156993535,46.33005295722294,0.03235426682692308,1
-501.3452453613281,44.63166046142578,-17.691850662231445,37.02409362792969,-5.484338760375977,4.672666549682617,-16.825468063354492,-4.301961421966553,-7.693575382232666,-6.570811748504639,-18.802791595458984,0.014307389035820961,-0.5258955955505371,0.2361646145582199,0.3397843837738037,0.2650280296802521,0.16337308287620544,0.20301733911037445,0.15151390433311462,0.15002191066741943,0.2041996568441391,0.2642955183982849,0.24164767563343048,0.22366631031036377,0.17759785056114197,28.309627444565535,20.20614923736617,21.600317629839708,21.24443689966933,20.977744887599382,20.747584879565757,48.094585149520206,0.09041466346153847,1
-482.0487976074219,75.03868865966797,-9.388216972351074,24.222688674926758,-23.44317054748535,9.136931419372559,-17.66420555114746,-8.501047134399414,-7.301177978515625,3.5215089321136475,-10.511825561523438,-2.819077730178833,2.2881851196289062,0.22522495687007904,0.2743598222732544,0.22689400613307953,0.18571823835372925,0.1532837301492691,0.1675219088792801,0.23755133152008057,0.35102367401123047,0.2637125253677368,0.3338868319988251,0.3770175576210022,0.20813590288162231,27.91749069255935,17.141714743606784,18.52520234492806,18.594086090558786,20.812373285791733,20.301497900192835,50.53201875059437,0.08976111778846153,1
-461.4611511230469,83.37639617919922,-49.166194915771484,-3.955914258956909,-18.163436889648438,1.350766658782959,-16.125722885131836,10.97832202911377,-5.104598522186279,3.3930227756500244,7.059332847595215,-0.8644096851348877,2.416191339492798,0.23580026626586914,0.39384204149246216,0.3957611918449402,0.35989701747894287,0.3273821175098419,0.347260445356369,0.34884506464004517,0.3721790611743927,0.22453179955482483,0.23354706168174744,0.2682800590991974,0.17664098739624023,27.62031830050232,17.920259353695382,19.664050059135807,16.913281168145765,18.908440663756323,20.06884229519381,50.80307848775538,0.07706204927884615,1
-454.64825439453125,101.24413299560547,-48.2574462890625,-12.558760643005371,-15.861602783203125,1.226962924003601,-9.44408130645752,9.620365142822266,-1.2923600673675537,1.6251676082611084,7.5028228759765625,-2.0595595836639404,4.030055999755859,0.27904027700424194,0.35701069235801697,0.35808292031288147,0.2793043851852417,0.25838595628738403,0.32918548583984375,0.35702094435691833,0.26476141810417175,0.17501294612884521,0.15710510313510895,0.23942719399929047,0.24830853939056396,30.81441900267883,19.858482019096222,21.857374911693476,18.52889424249537,21.08576433661602,21.603466673738552,50.41502962626901,0.07404597355769231,1
-557.921875,65.25545501708984,-34.96828079223633,0.3769594132900238,-15.41964054107666,3.9652786254882812,-10.16874885559082,10.319730758666992,-5.848001956939697,0.9547821283340454,6.636122703552246,-2.6247332096099854,-0.34267759323120117,0.15693524479866028,0.21355900168418884,0.28079456090927124,0.38359206914901733,0.21859292685985565,0.17982470989227295,0.2183828502893448,0.24454224109649658,0.14616724848747253,0.1631925255060196,0.23212124407291412,0.1437363177537918,27.376767759123876,21.322766861350225,22.50176296183603,20.619796689856322,21.638287150807937,21.67931389719969,44.59197721258172,0.05916466346153846,1
-609.0357666015625,48.45505905151367,-23.024240493774414,-0.1946253627538681,-9.235297203063965,-6.245975017547607,-14.888161659240723,2.2034480571746826,-2.7086215019226074,-2.450648546218872,2.5336005687713623,-0.7038776278495789,1.2804375886917114,0.08881893008947372,0.1748429387807846,0.2032879739999771,0.21968702971935272,0.2084812968969345,0.1622948944568634,0.15987184643745422,0.12945212423801422,0.07125456631183624,0.08332593739032745,0.14805306494235992,0.13492324948310852,22.302550932235583,18.132674222008323,19.09843444387266,18.644735151601598,19.329715573648148,19.761958597715097,34.544551834039616,0.04122265625,1
-550.8937377929688,80.99223327636719,-27.068941116333008,-3.511503219604492,-8.210832595825195,-8.246973991394043,-8.505059242248535,3.9586360454559326,-2.4542346000671387,5.932063102722168,4.767841815948486,-3.656663179397583,4.86636209487915,0.13081517815589905,0.22683380544185638,0.2458602339029312,0.2949535548686981,0.20512260496616364,0.12641330063343048,0.15197734534740448,0.10494779050350189,0.06938696652650833,0.07715976983308792,0.15355631709098816,0.1669674962759018,26.337491699542745,21.945132409159736,21.993847791409525,21.391599034667742,21.91607624075365,22.23189164165671,42.14915562668347,0.04408804086538461,1
-475.3882141113281,91.11247253417969,-39.69234085083008,-19.740198135375977,-17.377716064453125,1.450273036956787,-9.228891372680664,16.931377410888672,-0.4817673861980438,1.6099048852920532,8.706966400146484,-2.7106215953826904,-0.8469448089599609,0.24661876261234283,0.2672147750854492,0.3313847780227661,0.3624957799911499,0.2713380455970764,0.32818830013275146,0.29782480001449585,0.36383968591690063,0.18406887352466583,0.31697893142700195,0.38232535123825073,0.20041482150554657,27.673625800331497,18.99804083984233,22.211698858811918,20.786813019429996,21.642019086637482,22.150307187016686,53.13094042114702,0.07234825721153847,1
-447.55560302734375,89.40440368652344,-53.618614196777344,-3.0596494674682617,-25.045412063598633,-1.7513810396194458,-21.54984474182129,9.716843605041504,-5.629863262176514,5.85255241394043,9.123684883117676,-3.4783618450164795,-0.7397949695587158,0.28783392906188965,0.4217418134212494,0.3871869444847107,0.297228068113327,0.37239351868629456,0.42864108085632324,0.3916148245334625,0.24764390289783478,0.19295497238636017,0.18422557413578033,0.14768536388874054,0.1358567476272583,27.505176565178267,19.3587388655095,20.20763491473212,16.639481537332205,18.71856384896793,21.05865383458115,51.09149771985702,0.07902268629807692,1
-434.4638977050781,109.53267669677734,-46.48930358886719,-2.604066848754883,-13.780157089233398,-11.874524116516113,-11.985513687133789,4.699321746826172,-3.0485928058624268,12.904586791992188,2.6306519508361816,2.372098684310913,7.542198657989502,0.1387045532464981,0.22965428233146667,0.3204589784145355,0.34151795506477356,0.23121151328086853,0.21927057206630707,0.26052233576774597,0.2560800313949585,0.1459788680076599,0.09572386741638184,0.1306087225675583,0.10640475153923035,28.74845862250872,22.899258320092024,23.732204948491333,19.544657310623965,21.080403583843704,22.84059486108666,49.44578396137672,0.06320988581730769,1
-526.2255859375,47.472251892089844,-33.84754943847656,2.3473265171051025,-16.91166877746582,4.010917663574219,-8.001575469970703,7.494287490844727,-1.9202481508255005,3.9860849380493164,4.386055946350098,-0.45406872034072876,2.211909294128418,0.20690089464187622,0.19312161207199097,0.17768104374408722,0.25054752826690674,0.21369366347789764,0.19357959926128387,0.22646217048168182,0.19548828899860382,0.1199810728430748,0.12665487825870514,0.1676761507987976,0.1415718048810959,24.84198894869452,19.07707644307845,21.11049353208911,19.10545650184919,19.750466136268887,20.475765849605356,41.656853986248706,0.06466721754807692,1
-599.15087890625,51.59143829345703,-27.451261520385742,3.952836513519287,-7.573358535766602,-2.714719295501709,-8.92397689819336,3.3169710636138916,-4.129302978515625,1.78936767578125,0.3250749409198761,0.1764950156211853,-0.7073291540145874,0.20665404200553894,0.23188818991184235,0.19516946375370026,0.1722029745578766,0.1384299248456955,0.18848629295825958,0.18610714375972748,0.17460544407367706,0.09460224211215973,0.08725190162658691,0.1595294326543808,0.1451425999403,21.58445905337576,17.67222501143237,17.326448612628738,16.70896533328272,17.81555714666973,18.578177264086335,34.18256224721241,0.04736328125,1
-460.6158752441406,100.90913391113281,-42.21971893310547,-20.75299644470215,-11.39906120300293,-6.479744911193848,-3.0603058338165283,7.750631332397461,2.258803606033325,4.754275321960449,1.0642433166503906,6.2874369621276855,3.2378196716308594,0.2714453637599945,0.33309391140937805,0.36959874629974365,0.2950931787490845,0.2769472599029541,0.2742874026298523,0.27093106508255005,0.23734605312347412,0.17827267944812775,0.1159934550523758,0.18310096859931946,0.20097017288208008,28.101844643931155,19.53417895411342,21.801628274938796,19.613964089667494,21.37680698441516,22.136516483097843,47.70975604922123,0.05983323317307692,1
-517.0264892578125,79.68550109863281,-38.751224517822266,-1.8424628973007202,-19.94328498840332,4.377015590667725,-20.52657127380371,13.166009902954102,-6.854190826416016,2.0129098892211914,6.811273574829102,-6.163022518157959,0.4005067050457001,0.12175978720188141,0.2266445904970169,0.2798358201980591,0.31140658259391785,0.23563718795776367,0.17426174879074097,0.2139563262462616,0.2665715515613556,0.1654510349035263,0.1715964823961258,0.19903331995010376,0.1586587131023407,27.105549720038056,21.044562821443055,20.59434260636306,17.956025696993905,19.125457742534095,20.383271283407407,45.42785977761756,0.06486253004807692,1
-498.06964111328125,112.44343566894531,-38.36906814575195,-24.338150024414062,-5.252900123596191,-3.1800906658172607,-9.705775260925293,14.770990371704102,-7.4851179122924805,4.53537654876709,7.485073089599609,-0.6538928747177124,4.52960729598999,0.22013075649738312,0.35089975595474243,0.380519300699234,0.3115547001361847,0.28491830825805664,0.31899404525756836,0.27358075976371765,0.2538333237171173,0.17261619865894318,0.16959954798221588,0.305294930934906,0.23658204078674316,27.649536631315137,18.268674667698438,20.432071666117373,18.3310554700367,21.59426791471513,21.239435474610946,49.97152727038132,0.06794245793269231,1
-583.9776611328125,47.95030212402344,-23.891958236694336,-0.7683910131454468,-6.583846569061279,-1.600890874862671,-2.78794264793396,2.5210893154144287,-1.5446308851242065,2.966081380844116,0.1175965815782547,0.25714826583862305,1.2829718589782715,0.1897217184305191,0.2125464528799057,0.2421470731496811,0.16531245410442352,0.1383574903011322,0.18084076046943665,0.1601220667362213,0.16191630065441132,0.11434336751699448,0.10815653204917908,0.1531115621328354,0.12595157325267792,25.687961047498774,21.157813440066985,21.597840385673305,20.168702051221793,21.178431781105076,22.076604224657185,37.05572638649917,0.037093874007936505,1
-503.2032775878906,109.97097778320312,-39.7253303527832,-2.6222543716430664,-16.224931716918945,1.043819546699524,-6.447479724884033,12.01213550567627,-7.232163429260254,1.52166748046875,12.962234497070312,0.9762412309646606,3.151263475418091,0.27691176533699036,0.3415696322917938,0.4270471930503845,0.3811003267765045,0.26707813143730164,0.2596357762813568,0.2313002049922943,0.20031137764453888,0.110953189432621,0.12462305277585983,0.22124885022640228,0.1934952735900879,27.980045828429127,19.932818661291655,20.856847480456402,19.211701431215644,20.533043363334002,20.262515494259205,49.689527187277434,0.06290940504807692,1
-461.78961181640625,98.97240447998047,-37.00436019897461,-16.6810359954834,-21.984407424926758,-7.1616692543029785,-15.248634338378906,-0.11827926337718964,-5.472019672393799,-0.23899699747562408,4.006259441375732,-8.911070823669434,-0.3798345625400543,0.1765940934419632,0.31488320231437683,0.3121826648712158,0.2812899351119995,0.24479669332504272,0.2666281461715698,0.29925522208213806,0.31702178716659546,0.22899176180362701,0.16405647993087769,0.28375157713890076,0.2133914679288864,26.130413651394136,17.88334181291548,19.537676512553762,17.898887530880838,20.623772846698056,21.3563417797286,47.82341241562686,0.06802884615384615,1
-571.4825439453125,83.4692153930664,-36.15644836425781,-7.11505126953125,-11.902345657348633,-8.670713424682617,-15.64279556274414,11.185810089111328,-5.761459827423096,0.2510916590690613,5.357119083404541,-4.568225860595703,2.2272415161132812,0.1724867969751358,0.19483578205108643,0.2564312219619751,0.25195881724357605,0.19720008969306946,0.21289180219173431,0.2770159840583801,0.2469262331724167,0.1138237863779068,0.16470998525619507,0.23271305859088898,0.12010075151920319,23.753462139476664,17.94950682070744,18.49958760542597,17.788573754223453,19.262264550079053,21.164115012580723,41.41343841389324,0.054041466346153845,1
-468.47735595703125,73.56986236572266,-12.366862297058105,30.6151065826416,-17.50946044921875,17.138259887695312,-26.328563690185547,-10.781549453735352,-17.84494400024414,-6.282552242279053,-14.367003440856934,-5.213979721069336,-2.3397464752197266,0.1329299956560135,0.21331687271595,0.24417585134506226,0.14863218367099762,0.156103253364563,0.3057250678539276,0.2862357497215271,0.22272989153862,0.2129320353269577,0.34030064940452576,0.452365905046463,0.24061225354671478,29.085235595962562,17.904182491737014,20.214456455972652,19.27036473548509,21.32914557796872,20.731003300701516,52.64928071635019,0.10384615384615385,1
-527.8690185546875,87.88343811035156,-13.770960807800293,8.563292503356934,-6.232748508453369,12.845020294189453,-22.651052474975586,-8.450800895690918,-3.742023229598999,-1.2497377395629883,-0.8060775995254517,0.9719271063804626,-1.0881357192993164,0.31114810705184937,0.4083099961280823,0.22919297218322754,0.2020251750946045,0.19608797132968903,0.22954818606376648,0.25534430146217346,0.385201096534729,0.28057825565338135,0.3298232853412628,0.3073951303958893,0.14219699800014496,24.895116932501963,14.557135283542129,16.70099127100472,16.591929304063488,20.452862141734734,20.16666955919709,47.3517865962386,0.08253831129807693,1
-503.41741943359375,89.81661987304688,-8.662405967712402,24.689456939697266,-23.128931045532227,15.171355247497559,-19.02466583251953,1.283652424812317,-9.111085891723633,2.5940933227539062,-7.338509559631348,-0.683089017868042,2.9513328075408936,0.12043207883834839,0.27496805787086487,0.3517715036869049,0.290151983499527,0.24588310718536377,0.29635366797447205,0.32266736030578613,0.3645614683628082,0.2671627700328827,0.24429401755332947,0.26846808195114136,0.15224573016166687,25.947604711313968,15.389644785952893,16.12558853082894,17.108219008962593,18.670134349985624,19.43325855585334,49.74675507598424,0.09115459735576924,1
-491.3402404785156,88.87799072265625,-29.626567840576172,13.844011306762695,-18.94285774230957,6.270877838134766,-19.273305892944336,-9.882694244384766,-10.549553871154785,0.07147674262523651,-9.533073425292969,2.1160826683044434,-5.432296276092529,0.13231781125068665,0.29310524463653564,0.30386173725128174,0.18559227883815765,0.18473407626152039,0.21231858432292938,0.21048155426979065,0.304487407207489,0.2857987880706787,0.37403813004493713,0.3642137348651886,0.16056585311889648,26.971713141887534,16.713686620661694,17.662369344589617,17.97222553518946,20.62611672074334,22.686030649160806,50.18082645509372,0.10925105168269231,1
-503.8335266113281,77.29176330566406,-17.62391471862793,10.376740455627441,-11.00540828704834,10.425007820129395,-16.086612701416016,-2.8041303157806396,1.660042405128479,1.9098972082138062,-2.916851758956909,3.2147889137268066,2.0730674266815186,0.21444755792617798,0.3989749252796173,0.40064001083374023,0.32580792903900146,0.2714989483356476,0.3087491989135742,0.28624847531318665,0.351355642080307,0.22970034182071686,0.2929086685180664,0.3494396209716797,0.17191928625106812,29.667547940276023,18.129476758255052,19.548647672368887,19.534381159431696,21.991425512752322,23.2145892461392,53.773381085203255,0.10142352764423077,1
-502.6742248535156,91.75277709960938,-18.971288681030273,7.277758598327637,-3.328810930252075,-4.670673847198486,-19.434301376342773,-12.08549976348877,-14.017210006713867,0.5462364554405212,-8.421568870544434,-2.370192050933838,-1.5984809398651123,0.2533268630504608,0.2553805708885193,0.19540053606033325,0.24770422279834747,0.18863393366336823,0.1363248974084854,0.2031460851430893,0.24350924789905548,0.24478593468666077,0.3708558976650238,0.1737295538187027,0.13145208358764648,28.606248336075176,17.995604104257392,19.969286369655716,20.707072904726193,21.888897527606364,22.32158543811874,49.9548598836322,0.059889573317307696,1
-510.5284729003906,66.639892578125,-13.198058128356934,10.849448204040527,-6.117925643920898,14.159704208374023,-17.553062438964844,-8.767581939697266,-7.8770976066589355,3.9756648540496826,-1.5627882480621338,1.0151176452636719,-4.919267177581787,0.17962130904197693,0.23139193654060364,0.24200665950775146,0.1288604736328125,0.11445900797843933,0.20719589293003082,0.3374151587486267,0.49792563915252686,0.28957387804985046,0.24410231411457062,0.22707989811897278,0.09756398946046829,27.489047912868358,19.312049332203465,19.687514812520778,19.830557965742823,21.109466400511835,21.557977934471847,50.481293577409986,0.10855243389423076,1
-466.73870849609375,68.60099792480469,-26.79059410095215,16.71954345703125,-18.397741317749023,7.335221767425537,-30.399276733398438,-17.499452590942383,-19.869426727294922,2.700474739074707,-6.3482346534729,-4.522477149963379,-3.0453872680664062,0.20003023743629456,0.21122999489307404,0.25616759061813354,0.21731823682785034,0.23216842114925385,0.36146098375320435,0.32476502656936646,0.2849319577217102,0.2267453819513321,0.3314376473426819,0.2844589352607727,0.12735624611377716,29.318977144134855,20.475139513529694,21.30160253831275,21.111790707567145,23.42418198882742,23.25758107458412,52.40457576864055,0.12632962740384615,1
-499.22808837890625,84.09587097167969,-8.229400634765625,33.92702865600586,-5.423683166503906,8.22281551361084,-24.950605392456055,-14.97022819519043,-17.81326675415039,2.901845693588257,-15.109596252441406,-5.839699745178223,1.9901714324951172,0.21306408941745758,0.1924813985824585,0.21450819075107574,0.2493048757314682,0.18773271143436432,0.2365962266921997,0.3604484498500824,0.31987667083740234,0.28877952694892883,0.36771950125694275,0.2308807075023651,0.15627388656139374,28.56090907285761,16.41626247828662,19.825027840443866,19.162427475714804,21.512092337397174,22.44558674964572,50.13197462284292,0.0954326923076923,1
-527.140380859375,96.54344177246094,-1.6899263858795166,19.432226181030273,-14.648683547973633,13.969924926757812,-17.119434356689453,-11.666129112243652,-13.988957405090332,5.696286678314209,-12.731460571289062,-4.361156463623047,1.146744728088379,0.14636626839637756,0.21287797391414642,0.19784855842590332,0.10613378882408142,0.13532063364982605,0.27694666385650635,0.4060053527355194,0.3268745243549347,0.2066235989332199,0.218665212392807,0.1511070430278778,0.1148439347743988,26.238106302469053,15.832801947960503,18.260361198470903,16.964735452141408,21.009527204528155,19.816199734718715,46.83737907549263,0.055904447115384615,1
-555.3151245117188,100.45948791503906,-16.97303581237793,24.48747444152832,2.7968595027923584,-4.41043758392334,-19.210235595703125,-4.557204246520996,-12.346760749816895,1.077970266342163,-4.814528465270996,1.9395536184310913,-7.376804351806641,0.1520737111568451,0.1693888157606125,0.18041564524173737,0.193582221865654,0.30998048186302185,0.2307089865207672,0.19401031732559204,0.28662341833114624,0.2739306688308716,0.3397570848464966,0.3028726875782013,0.13297203183174133,27.461667284218947,16.48420624654936,19.019385708410027,20.352171067606783,21.525417110990244,20.982759834766064,48.62000429928223,0.04763371394230769,1
-533.2506103515625,56.669490814208984,-22.81648063659668,12.465415000915527,-32.4967155456543,20.46246910095215,-30.671585083007812,-2.6731889247894287,-5.0635600090026855,0.6433814167976379,1.4824776649475098,8.32363510131836,-0.5142818093299866,0.25809988379478455,0.4287036657333374,0.36123839020729065,0.3017030358314514,0.28589147329330444,0.29929327964782715,0.3033742904663086,0.2594066262245178,0.19517269730567932,0.22582370042800903,0.2020292580127716,0.1241457536816597,25.54261485405476,16.817845739061838,18.850338352365032,19.208454369339393,21.238452992201537,21.16925311593769,53.293361849947686,0.14909104567307693,1
-516.7603759765625,67.31190490722656,-22.65516471862793,1.8099181652069092,-9.694899559020996,0.07018796354532242,-9.729233741760254,-10.07552719116211,-11.24339485168457,2.4743223190307617,-6.110599517822266,-1.8860129117965698,-8.292407035827637,0.2624620497226715,0.4591754674911499,0.3170674741268158,0.2169402688741684,0.2044164538383484,0.2083711326122284,0.22912491858005524,0.36063486337661743,0.31051748991012573,0.20132151246070862,0.18005599081516266,0.13450422883033752,26.653896492131487,18.10051563008215,18.78404163536037,17.153796719509003,19.749416847844547,21.209038235561717,48.018357855376735,0.08575345552884615,1
-509.3468017578125,85.48920440673828,-12.056302070617676,6.314833164215088,-1.1491316556930542,6.627272129058838,-18.60123634338379,-8.546613693237305,-12.202069282531738,5.538415908813477,-6.366997718811035,-5.110244274139404,1.1208912134170532,0.20611923933029175,0.22472383081912994,0.15659722685813904,0.12261708080768585,0.11061523854732513,0.16109925508499146,0.2040284276008606,0.2623664438724518,0.23093126714229584,0.29439330101013184,0.3432410657405853,0.21054594218730927,27.18089925864738,18.317650201650586,18.903529084505458,18.288134193713756,22.148604140157985,21.14865086899971,45.46460834822185,0.044989483173076925,1
-504.16839599609375,84.33370208740234,-9.70592975616455,33.58710861206055,-5.706601142883301,11.549787521362305,-24.960927963256836,-14.668037414550781,-13.263839721679688,-2.12894344329834,-18.853294372558594,-1.1530038118362427,7.983713150024414,0.21170184016227722,0.1841573417186737,0.15313969552516937,0.19336947798728943,0.2025752067565918,0.2233709692955017,0.2730256915092468,0.3652443587779999,0.4244036376476288,0.3659953474998474,0.18132570385932922,0.14204256236553192,28.15985593814978,18.63597247953498,20.919063087858973,19.833882202509226,22.45975247451362,21.93889309914667,50.505464702451576,0.07021108774038462,1
-460.04254150390625,124.7918930053711,-25.142833709716797,-5.2772111892700195,4.728827476501465,-3.3037312030792236,-24.300487518310547,-1.1725538969039917,-9.87663459777832,-4.943746089935303,-6.460075855255127,1.5287110805511475,-4.069631099700928,0.2897345721721649,0.4605417549610138,0.39671939611434937,0.21929048001766205,0.1385178416967392,0.17548491060733795,0.27904605865478516,0.2307489961385727,0.10506343096494675,0.13801732659339905,0.2411104291677475,0.20245246589183807,30.92602306896105,19.877238765908245,19.665120398415716,18.37095079844854,22.39096786516903,20.848394119157806,48.2464856779226,0.05047325721153846,1
-512.1329345703125,109.91398620605469,-23.87836456298828,-6.064407825469971,4.847329616546631,-16.175552368164062,-20.74271011352539,1.1735426187515259,-17.369382858276367,-5.114690780639648,-6.854267120361328,-4.552322864532471,-1.1720666885375977,0.20571258664131165,0.20815061032772064,0.25917598605155945,0.24702014029026031,0.1494998335838318,0.11681106686592102,0.21826618909835815,0.40609562397003174,0.3202342689037323,0.15150697529315948,0.12723089754581451,0.17462104558944702,28.95944822201952,19.306481618523204,20.67755671168504,19.096836535686737,20.93975439413363,22.48289495782705,45.873735469184595,0.042578125,1
-456.7637634277344,108.74077606201172,-22.973899841308594,5.92744255065918,-4.00431489944458,-9.3352689743042,-22.81641387939453,-3.084723472595215,-18.616552352905273,-5.547593593597412,-10.691047668457031,-5.126171112060547,-2.958143949508667,0.2334042638540268,0.27277061343193054,0.2887793779373169,0.2972891926765442,0.2073909342288971,0.17520366609096527,0.238748699426651,0.268343985080719,0.2449187934398651,0.2007877230644226,0.25908416509628296,0.3137168884277344,28.917181607026293,16.232832797345846,17.616127086109795,16.954690316165586,20.024855646643303,21.70292859215328,48.093175733054984,0.05387244591346154,1
-486.7171936035156,141.0203399658203,-32.081581115722656,-0.0008347731200046837,13.769515991210938,-20.091754913330078,-15.954154014587402,1.1000380516052246,-12.146064758300781,-5.332817077636719,-8.672021865844727,-2.8580515384674072,-5.74015998840332,0.3338136076927185,0.3176255524158478,0.266074001789093,0.161562979221344,0.1663886308670044,0.27028992772102356,0.28951361775398254,0.22528612613677979,0.14251387119293213,0.1978156566619873,0.1720152050256729,0.16474348306655884,31.15395039284517,18.66049174649153,19.055312759968785,18.4560903441259,21.081322753829784,22.972888791997345,46.18975594943392,0.03664738581730769,1
-476.71685791015625,109.16606140136719,-28.115283966064453,4.7338666915893555,0.2989463210105896,-7.8522419929504395,-15.498948097229004,-9.63917350769043,-16.041669845581055,-5.18366003036499,-6.546576023101807,-1.7022101879119873,-2.9733874797821045,0.22428029775619507,0.31539830565452576,0.40968072414398193,0.3720425069332123,0.1792713701725006,0.1909620761871338,0.2205357402563095,0.26853135228157043,0.194500133395195,0.1771092265844345,0.2253929227590561,0.1493993103504181,29.45233889435334,17.541754930165855,18.067163877189284,17.432194670928492,21.03511024384687,22.047275830188237,46.77621912764226,0.050360576923076925,1
-462.1953125,113.03852081298828,-28.332290649414062,18.614912033081055,1.211521863937378,-10.049699783325195,-18.6007137298584,3.6512398719787598,-18.14449691772461,-4.0688090324401855,-13.07420539855957,-5.154362201690674,-5.3795037269592285,0.2401580512523651,0.39099016785621643,0.4002971351146698,0.2920924723148346,0.18469949066638947,0.24011586606502533,0.25683289766311646,0.2039870172739029,0.15133316814899445,0.16735093295574188,0.16893070936203003,0.1341215819120407,29.331384763240603,17.938300268427064,17.698120534394526,18.090302023232248,19.397798700643207,22.865132668584003,50.147538199801545,0.05170147235576923,1
-494.4449157714844,125.6064682006836,-25.575605392456055,-3.8182120323181152,10.177523612976074,-7.724144458770752,-17.470840454101562,-5.329090595245361,-17.79082489013672,2.1536364555358887,-4.7496819496154785,3.6159424781799316,-0.6405426263809204,0.2720310091972351,0.33056238293647766,0.3520539402961731,0.31421226263046265,0.25929954648017883,0.3673535883426666,0.2754693627357483,0.24404644966125488,0.12267203629016876,0.106391042470932,0.17535488307476044,0.1412549763917923,30.226509800551405,17.5714881476103,18.055436749229425,17.975580034194277,21.183739162758446,21.799534040841383,48.83817421017086,0.04379131610576923,1
-472.963623046875,120.5517807006836,-15.000772476196289,2.2334647178649902,1.5944538116455078,-5.189717769622803,-16.89369773864746,-7.094417095184326,-10.152827262878418,-7.30144739151001,-5.84417724609375,-2.0861918926239014,-5.43171501159668,0.24144339561462402,0.3677007555961609,0.342617392539978,0.2809528112411499,0.17099273204803467,0.20830176770687103,0.25486716628074646,0.2935788929462433,0.2537868916988373,0.15375113487243652,0.17906703054904938,0.14430548250675201,30.835039648346395,18.619697917502204,17.973995490469036,17.497350430568662,20.778457563281602,21.740927163640002,46.74544104907262,0.04464393028846154,1
-440.4538269042969,92.39720153808594,-27.253650665283203,23.700702667236328,-3.770785331726074,-1.2929805517196655,-23.025634765625,-1.8667895793914795,-15.190869331359863,-2.9158546924591064,-8.614080429077148,-3.5853028297424316,-3.7596797943115234,0.18646641075611115,0.306803822517395,0.329010546207428,0.2724592983722687,0.20467740297317505,0.22917963564395905,0.2976904511451721,0.32840362191200256,0.21263325214385986,0.2576654851436615,0.3502081632614136,0.16513323783874512,26.57978900505425,14.48276745764414,15.992988423190855,16.588621381462385,18.16921046449711,19.339794530373506,47.89759735318768,0.07368915264423077,1
-583.7398071289062,88.6878662109375,-21.427780151367188,4.087240219116211,-10.63625717163086,1.0644049644470215,-1.8663644790649414,-2.417487144470215,-10.65164566040039,3.2463579177856445,-0.8466041684150696,5.536695957183838,1.3398123979568481,0.17599740624427795,0.38469600677490234,0.3590458631515503,0.20685921609401703,0.243259996175766,0.30396854877471924,0.24134431779384613,0.17776861786842346,0.08849305659532547,0.06458909809589386,0.13911622762680054,0.15761399269104004,25.683570582224526,18.47479761045275,18.54244934839637,17.685601826774278,19.776081206712117,20.962252676916666,42.17302689991704,0.05060847355769231,1
-449.6846618652344,111.28988647460938,-34.45341110229492,-4.844610214233398,-12.868236541748047,1.539089322090149,-32.02305603027344,-6.985447883605957,-17.494524002075195,-8.342405319213867,-4.0189948081970215,-5.142685413360596,0.6714078187942505,0.3039080798625946,0.2944534122943878,0.226775661110878,0.2967894375324249,0.19658218324184418,0.1798737496137619,0.21269047260284424,0.21451130509376526,0.14735648036003113,0.21576672792434692,0.4133954346179962,0.24627679586410522,28.135519206648656,15.409940542559399,18.102612251425757,16.80753221230606,21.503243968106307,20.96548482789703,48.748393408629966,0.067724609375,1
-543.0863647460938,107.76203155517578,-20.90655517578125,-4.083740711212158,-3.5364201068878174,2.0453085899353027,-11.199557304382324,-0.03391057625412941,-8.792490005493164,-0.7308053374290466,-2.752316951751709,3.65374755859375,-1.0747429132461548,0.23138666152954102,0.38543763756752014,0.37085530161857605,0.34399938583374023,0.28671905398368835,0.25021255016326904,0.28230753540992737,0.26206663250923157,0.1404290795326233,0.1029103472828865,0.2208486944437027,0.1717190146446228,25.48455122455733,15.740360568196229,17.17143900084329,16.82545032384462,20.212382975593044,19.474201818953315,44.47698248564631,0.04845628004807692,1
-547.6206665039062,70.50733947753906,-19.041915893554688,5.352344989776611,0.6710862517356873,-5.754580020904541,-5.47898006439209,-7.480474472045898,-6.999488353729248,-3.132960081100464,-6.061765670776367,-0.4750719368457794,-5.291746139526367,0.17714163661003113,0.20235808193683624,0.19703438878059387,0.1669389009475708,0.13157740235328674,0.12737970054149628,0.13915827870368958,0.14406083524227142,0.10766240954399109,0.09593858569860458,0.09581402689218521,0.08857929706573486,23.761560674950843,17.364871415998383,18.179792513693528,17.341160621510973,19.28000380542169,21.212800564221276,35.83841557465763,0.027392578125,1
-498.3041687011719,78.42731475830078,-27.690723419189453,-1.0110687017440796,-12.577119827270508,-9.037674903869629,-19.509872436523438,-2.3178889751434326,-13.211455345153809,-4.28194522857666,-0.5537191033363342,-1.4065836668014526,-3.013838291168213,0.31711122393608093,0.3397147059440613,0.27852538228034973,0.2626812756061554,0.20078450441360474,0.18573340773582458,0.190964937210083,0.2530380189418793,0.15827007591724396,0.15146194398403168,0.2109326720237732,0.19161173701286316,26.294929093332264,17.934325159863295,17.631801190383698,17.042353346458075,19.252569190541443,20.309016711982,44.4030792755175,0.061376953125,1
-467.09710693359375,119.73584747314453,-31.195642471313477,5.130042552947998,-0.6303979754447937,-3.6751224994659424,-17.00300407409668,-5.0110578536987305,-7.9347076416015625,-2.815333843231201,-5.177619457244873,0.6689791083335876,-6.521350860595703,0.2916315495967865,0.5183128714561462,0.37518081068992615,0.21815276145935059,0.14224033057689667,0.25524312257766724,0.3214520215988159,0.2714475989341736,0.13519495725631714,0.1303785890340805,0.1705387979745865,0.1346030980348587,28.449400696317884,16.894660597086553,17.087648126540646,16.230301661244287,20.39443277169097,21.430717850315396,46.20677190454545,0.05957782451923077,1
-471.3255310058594,105.31306457519531,-33.18596649169922,-13.494998931884766,-11.319986343383789,-6.440752983093262,-33.1375617980957,-7.270781517028809,-19.96982765197754,-9.610857963562012,-4.488639831542969,-3.470440626144409,-0.6486995816230774,0.2844860851764679,0.2862461507320404,0.3016775846481323,0.24419882893562317,0.18338823318481445,0.17968632280826569,0.24347537755966187,0.2598343789577484,0.16396664083003998,0.16678965091705322,0.19438043236732483,0.21592634916305542,27.81653719247493,17.773411816815813,19.39411732998693,16.77022230572823,21.605518316193184,21.385627510752418,48.01111921247294,0.06307466947115385,1
-552.8706665039062,100.77154541015625,-17.207765579223633,1.105446696281433,-0.18442030251026154,-1.7208807468414307,-6.230255603790283,-0.6595826148986816,-11.639579772949219,-1.711614966392517,-7.194454193115234,2.364562511444092,-2.6678085327148438,0.2978517711162567,0.31627559661865234,0.23034685850143433,0.14953114092350006,0.13266600668430328,0.20486022531986237,0.18855856359004974,0.1417972296476364,0.09051688760519028,0.2243860363960266,0.1958247721195221,0.17511987686157227,25.144843287396935,15.659196022317051,16.35060697563541,17.246229410344846,18.80793286705443,19.42144019996361,40.14500126523588,0.03594501201923077,1
-491.3017578125,112.76513671875,-31.57115364074707,-6.707223415374756,-5.301316738128662,-8.620383262634277,-17.931640625,-6.370869159698486,-14.570622444152832,-3.1125121116638184,-9.647738456726074,-4.659978866577148,1.1597791910171509,0.17308813333511353,0.31507518887519836,0.36497247219085693,0.33635613322257996,0.19711358845233917,0.16545861959457397,0.2364174872636795,0.2895103096961975,0.2364833950996399,0.1953466683626175,0.2471102476119995,0.17249806225299835,28.204001752358977,17.901184469598036,19.49106682058422,18.280345567875855,22.20952906988021,22.76495594652698,47.53835757447908,0.05947265625,1
-488.87811279296875,129.6393280029297,-21.35248565673828,0.4482665956020355,11.741923332214355,-3.8640217781066895,-9.421557426452637,-6.28533935546875,-10.603911399841309,-3.013842821121216,-2.70053768157959,5.593199729919434,-4.218860626220703,0.3078969120979309,0.3581593632698059,0.3038298189640045,0.22478613257408142,0.16424506902694702,0.2751123309135437,0.3227892518043518,0.2206743210554123,0.11230193823575974,0.10110253840684891,0.16572098433971405,0.2028828114271164,29.899814638967506,18.818504216899893,19.40672449061177,18.170962230948884,22.328267297526523,22.52845621226877,46.63205540229951,0.03739107572115385,1
-480.1220703125,101.13556671142578,-21.70245933532715,6.55089807510376,6.642416000366211,-16.102018356323242,-23.641902923583984,-6.604547500610352,-14.798351287841797,-11.530692100524902,-13.687430381774902,-5.761093616485596,-1.9912714958190918,0.21250222623348236,0.25146976113319397,0.20981109142303467,0.17488372325897217,0.09166958928108215,0.10080987960100174,0.13605783879756927,0.26623502373695374,0.24941198527812958,0.3613419532775879,0.2923620939254761,0.11388225853443146,26.3439982281099,15.749208131432667,19.425451536852556,18.240033423264553,19.986263222261428,21.325642076796402,45.21759680850348,0.04641676682692308,1
-472.1736145019531,107.70964813232422,-36.07868576049805,-5.675110816955566,-10.006537437438965,-0.17823174595832825,-17.196060180664062,-0.7980849146842957,-2.624826431274414,-1.2610676288604736,-7.931952476501465,3.593562126159668,-7.381638050079346,0.24350214004516602,0.24248552322387695,0.3135351240634918,0.2214670330286026,0.11969257146120071,0.15278971195220947,0.31324484944343567,0.39474818110466003,0.21527838706970215,0.13065442442893982,0.1843077689409256,0.1552528291940689,28.249735379686197,17.41710836861082,19.412927363212752,17.131342975780512,21.792109638320234,21.58241246486642,48.10454821521993,0.060794771634615385,1
-505.77789306640625,94.18524932861328,-22.244953155517578,5.6519012451171875,4.172379493713379,-6.195287704467773,-24.306962966918945,-9.286734580993652,-19.03001594543457,-8.289216995239258,-4.432528018951416,-4.988836288452148,-4.72235107421875,0.3062872588634491,0.2488003373146057,0.2657691240310669,0.2608526051044464,0.14653655886650085,0.15898114442825317,0.2613656222820282,0.21651941537857056,0.1776576191186905,0.13983413577079773,0.19551749527454376,0.22567149996757507,28.513698520378853,19.052922222019987,20.322083344109277,19.84016104698786,21.5293312590525,21.650259522315334,48.112836354535816,0.06524939903846154,1
-515.0633544921875,79.70191192626953,-19.627248764038086,1.9737745523452759,-0.18519838154315948,-3.7170941829681396,-8.292767524719238,-8.296730995178223,-6.421957969665527,3.6838645935058594,-1.4499914646148682,0.9414311051368713,-1.0107179880142212,0.2292993813753128,0.26874250173568726,0.253871887922287,0.29206493496894836,0.1608109325170517,0.17396856844425201,0.18225547671318054,0.2651320695877075,0.19523926079273224,0.20648594200611115,0.1946967989206314,0.14463934302330017,27.127176766288116,18.336995451485286,19.395592767067285,19.717442876774204,21.2571792733851,22.68535612135536,44.48792847572388,0.04898212139423077,1
-488.3376770019531,126.95921325683594,-24.746370315551758,-7.316697597503662,2.1682167053222656,-8.984169960021973,-8.755043029785156,-6.025208950042725,-7.652588844299316,-6.496770858764648,-7.71238374710083,-0.09038637578487396,-2.192412853240967,0.3664003014564514,0.4107554852962494,0.32625812292099,0.3160047233104706,0.20264749228954315,0.27292436361312866,0.2715393900871277,0.2707326114177704,0.15611402690410614,0.1475372463464737,0.23509228229522705,0.19850848615169525,29.291639908399524,17.061351181143582,18.389159138289163,18.646093208366388,21.19920398454853,22.333353244224146,47.28757686067647,0.04590594951923077,1
-518.7473754882812,105.89161682128906,-21.049654006958008,-6.232065677642822,-5.845019340515137,-10.667264938354492,-17.734874725341797,-7.4732489585876465,-15.188610076904297,-9.298428535461426,-6.827816486358643,-3.2854433059692383,-3.6130518913269043,0.11638806760311127,0.28359219431877136,0.3729815185070038,0.28047701716423035,0.26163825392723083,0.2377554029226303,0.24089133739471436,0.22706323862075806,0.17259913682937622,0.16076166927814484,0.25203177332878113,0.18754640221595764,27.610611421335935,17.804865878341484,19.344285345661216,17.8967315449518,21.123683398585452,21.91660781363816,45.61294992899103,0.04676607572115385,1
-470.44940185546875,105.07181549072266,-22.576528549194336,4.4488205909729,7.117955684661865,-9.951713562011719,-10.847158432006836,-2.940854787826538,-7.566152572631836,4.799181938171387,-7.910473823547363,2.974003791809082,-0.7665150761604309,0.3223872184753418,0.31878918409347534,0.28418800234794617,0.3208742141723633,0.13742783665657043,0.1187310516834259,0.12138140201568604,0.21799613535404205,0.1860314905643463,0.15482400357723236,0.17413054406642914,0.15273891389369965,29.505053243555764,20.8309737389019,21.356259732583574,19.940619107456712,21.999819354596262,23.874404406172857,50.36472738064158,0.04468524639423077,1
-453.2471008300781,114.65302276611328,-25.57750129699707,6.738090515136719,-6.0472259521484375,-0.9209463000297546,-17.705970764160156,-6.792961120605469,-20.36254119873047,-4.580864429473877,-6.969325065612793,-4.184447288513184,-4.0332865715026855,0.23210516571998596,0.34358835220336914,0.30150943994522095,0.28489357233047485,0.20894719660282135,0.24635356664657593,0.24688087403774261,0.2756524085998535,0.20870058238506317,0.2679620683193207,0.28657662868499756,0.18315665423870087,27.32767205707226,14.47968276588368,16.148019814033173,15.846361525904383,19.120617971676936,20.801736940210983,46.29639795391883,0.05876652644230769,1
-568.05224609375,75.29986572265625,-24.276081085205078,-0.037633102387189865,4.709004878997803,-4.8481125831604,-15.6465482711792,1.2707158327102661,-5.673237323760986,-0.6045857071876526,-4.2095160484313965,-2.139177083969116,-1.1935292482376099,0.1513548642396927,0.2422194480895996,0.28251948952674866,0.23881252110004425,0.1475079506635666,0.19923581182956696,0.20472465455532074,0.20955297350883484,0.18171590566635132,0.14815735816955566,0.1707814782857895,0.14512887597084045,24.81429482174612,17.692167091956417,18.656638028036166,17.592872192221577,20.03452414076474,20.692567805763282,39.96480836142035,0.05129582331730769,1
-484.4107360839844,95.5332260131836,-17.47718620300293,6.946800231933594,-14.862052917480469,8.502199172973633,-19.709836959838867,0.9915439486503601,-15.095687866210938,-6.712242603302002,-4.398007392883301,3.066258430480957,-1.0465761423110962,0.2809607684612274,0.4334104061126709,0.3876754641532898,0.34165099263191223,0.2732897996902466,0.29313841462135315,0.33985501527786255,0.2562868893146515,0.14870783686637878,0.16275262832641602,0.24579982459545135,0.1706087440252304,28.06491048891554,16.308767637899493,16.412898955796138,17.30638301990718,20.72167411935787,19.61903075198784,49.649559612960815,0.08833383413461539,1
-521.3426513671875,132.35276794433594,-37.86782455444336,7.208536148071289,8.770261764526367,-12.139039993286133,-7.403106212615967,-8.080513000488281,-10.905424118041992,-1.441760540008545,-3.439373254776001,0.5103178024291992,1.023868441581726,0.3212074935436249,0.5166749358177185,0.39702653884887695,0.29930925369262695,0.17322814464569092,0.1824810653924942,0.1952611207962036,0.1592361330986023,0.10308802127838135,0.14322561025619507,0.1985822468996048,0.15071067214012146,29.95255692072987,19.65234172208677,20.123742526072434,19.347276657299467,21.277485776536196,24.424762313424008,46.05051290854327,0.04365609975961538,1
-489.77838134765625,99.95631408691406,-34.4425163269043,1.0812406539916992,2.6663951873779297,2.9904026985168457,-30.708026885986328,-2.1958091259002686,-16.429149627685547,-1.18775475025177,1.0278586149215698,-8.344406127929688,-0.312907874584198,0.21515634655952454,0.2599394917488098,0.2722635269165039,0.3573761582374573,0.2784838080406189,0.2540903091430664,0.31220927834510803,0.4227684438228607,0.3501718044281006,0.33388882875442505,0.3675289750099182,0.19040410220623016,27.511370104532336,17.07046525161384,17.744591669458813,17.608390721829515,21.46030855429224,22.133241273023966,49.89313844894193,0.08925405649038462,1
-483.3201904296875,142.22190856933594,-23.204936981201172,-17.235084533691406,9.561686515808105,-8.778467178344727,-16.24407386779785,-4.065104961395264,-14.957695007324219,-8.158856391906738,-5.611173152923584,0.8433035016059875,-3.05470871925354,0.42849060893058777,0.3976004421710968,0.28342342376708984,0.20394267141819,0.15938103199005127,0.22721290588378906,0.1856965571641922,0.16954666376113892,0.11640507727861404,0.1973339319229126,0.2545498311519623,0.23863868415355682,29.264109837046334,17.745993605348506,18.027825422254605,16.4709424782838,20.67573146585916,18.964146973778043,44.80045640381794,0.03899864783653846,1
-485.5046691894531,110.330078125,-21.62355613708496,8.063770294189453,0.7130089402198792,-9.835933685302734,-16.67633819580078,-6.357109546661377,-13.23770523071289,-4.786741256713867,-7.325779914855957,-1.5196212530136108,-2.3938965797424316,0.14432759582996368,0.3208532929420471,0.28378865122795105,0.19263583421707153,0.157758429646492,0.2134518325328827,0.29575395584106445,0.27093571424484253,0.20129908621311188,0.2133176475763321,0.245717853307724,0.12625734508037567,29.023681053543466,17.512903434159995,18.475822850412435,17.81806880517233,20.259172568480718,22.172869224596145,46.63775830395728,0.05131460336538462,1
-518.5912475585938,88.4229507446289,-16.874494552612305,-13.209151268005371,-11.54955768585205,0.26147976517677307,-18.169572830200195,-7.563998699188232,-11.35812759399414,-4.194348335266113,-3.113550901412964,0.2533380389213562,-4.193946361541748,0.19548703730106354,0.32758596539497375,0.3813169002532959,0.30280280113220215,0.17204000055789948,0.19007201492786407,0.33937954902648926,0.2694070041179657,0.1321309506893158,0.1362016350030899,0.141909658908844,0.08311186730861664,27.778166835851568,18.465374394463524,20.26966866372522,18.105572933454095,22.477744604372912,20.505582067787525,47.501680137234366,0.06251502403846154,1
-451.0854187011719,118.39961242675781,-25.807069778442383,10.48756217956543,-14.016508102416992,3.406472682952881,-14.870390892028809,-2.905203104019165,-15.841952323913574,-4.171326637268066,-7.258511066436768,3.213672161102295,-3.0486576557159424,0.3400549292564392,0.2976767122745514,0.24754215776920319,0.21928013861179352,0.2221180647611618,0.32690680027008057,0.2997725009918213,0.21381552517414093,0.16504031419754028,0.2527450919151306,0.29701855778694153,0.2146035134792328,28.099486900199985,16.282388238894164,16.659993458322745,16.330717291495468,19.322107341046454,20.484487064282188,48.07449023267549,0.06710862379807692,1
-479.0826110839844,107.00000762939453,-30.139074325561523,2.1346256732940674,10.623311996459961,-8.616372108459473,-26.827674865722656,-10.368586540222168,-21.309555053710938,-1.0350909233093262,-3.3482115268707275,-8.736197471618652,-0.22000379860401154,0.21973729133605957,0.1845518946647644,0.19660599529743195,0.21770945191383362,0.19566071033477783,0.23297668993473053,0.21578684449195862,0.14804324507713318,0.12768732011318207,0.2695869207382202,0.35455822944641113,0.21533207595348358,28.83905027622624,20.607160442031944,21.5939892573276,20.4485100503486,23.027491536996084,24.29311260416915,49.88222688124739,0.04954552283653846,1
-488.5848693847656,91.6454849243164,-29.516738891601562,5.581588268280029,-11.673967361450195,-5.281510353088379,-19.61254119873047,-5.529575824737549,-15.807333946228027,-1.7596771717071533,-5.9597320556640625,-1.5894392728805542,-1.2500942945480347,0.1655346304178238,0.2524928152561188,0.257985383272171,0.23638255894184113,0.1696653962135315,0.2023092806339264,0.23511213064193726,0.23174266517162323,0.1323206126689911,0.21522262692451477,0.39087122678756714,0.23574525117874146,24.679139945311288,15.085576423581683,16.704097373933568,15.219783489810299,17.49554169164846,19.460084736329264,43.199320360825354,0.05800405649038461,1
-481.7432861328125,118.84259033203125,-40.28224182128906,-20.87347412109375,-1.083174467086792,-11.566104888916016,-21.404691696166992,-12.642134666442871,-16.229290008544922,-3.5174756050109863,-7.673008918762207,-6.784808158874512,4.035481929779053,0.2145146280527115,0.35696104168891907,0.39619553089141846,0.22312240302562714,0.13909772038459778,0.21108675003051758,0.32512617111206055,0.2835842967033386,0.1570405662059784,0.1891140639781952,0.22610865533351898,0.17578285932540894,26.75123171943492,19.960337035558922,20.63141664904913,18.073792029141988,23.37657586925955,22.941355344516065,44.099834543939224,0.049556790865384615,1
-502.5643615722656,102.803466796875,-27.604055404663086,9.35279655456543,12.851428985595703,0.30660000443458557,-19.87500762939453,-5.003033638000488,-15.323097229003906,0.24426645040512085,-3.8787100315093994,-7.66451358795166,2.077439069747925,0.1865176409482956,0.230833038687706,0.2960149347782135,0.20357181131839752,0.15777677297592163,0.19223012030124664,0.25831839442253113,0.2829122245311737,0.2805541157722473,0.3712117671966553,0.24352125823497772,0.15016886591911316,28.410008111960263,16.98873914804051,18.673797410140107,19.814429337481293,21.49882369107684,22.28919734125689,47.14167718309895,0.06439678485576923,1
-485.9283752441406,103.28134155273438,-26.768108367919922,6.648532390594482,0.7340463399887085,0.9249079823493958,-26.144533157348633,-5.5914154052734375,-21.874441146850586,-6.654155731201172,-2.1051127910614014,-10.10655403137207,-1.0040968656539917,0.15828557312488556,0.22307324409484863,0.3001188039779663,0.26268628239631653,0.16095943748950958,0.16369383037090302,0.19660115242004395,0.3208189904689789,0.23778373003005981,0.22817634046077728,0.4387180507183075,0.3175467550754547,28.58360704041996,16.634745223853507,18.736153136303262,18.39952925034083,19.742541693539483,22.34107787059601,47.64732949378281,0.06979417067307692,1
-473.79266357421875,109.97166442871094,-17.41526985168457,-16.5577449798584,-9.252205848693848,1.9889286756515503,-26.783777236938477,-9.184895515441895,-17.56939697265625,-9.457223892211914,-2.71864914894104,-6.523087978363037,0.8732885718345642,0.19185905158519745,0.26531392335891724,0.24979539215564728,0.3635760247707367,0.2501167953014374,0.1414768099784851,0.146837517619133,0.20162495970726013,0.19859054684638977,0.26083800196647644,0.3608253598213196,0.20542889833450317,27.946319273158455,16.54847599189603,18.477407740635115,16.93041768833877,21.298803825273165,21.041066652251782,47.55654726286108,0.06667292668269231,1
-475.06072998046875,106.74229431152344,-28.949377059936523,-1.6074202060699463,0.27655288577079773,3.7804031372070312,-40.54686737060547,-6.71967077255249,-26.346099853515625,-11.143655776977539,-0.6934815645217896,-15.281232833862305,0.3429482877254486,0.4381067156791687,0.3087887465953827,0.16573701798915863,0.1599477082490921,0.1318419724702835,0.11323938518762589,0.17681534588336945,0.2862253189086914,0.15171098709106445,0.10629566758871078,0.17213302850723267,0.26414644718170166,30.537627028789053,20.544502409819923,20.69556951469889,18.876062290117105,21.846421090307008,22.861897129207424,48.54494384738659,0.06658278245192308,1
-500.36083984375,72.20177459716797,-9.134288787841797,9.245210647583008,-7.500893592834473,5.927926063537598,-23.712482452392578,-8.331518173217773,-14.386515617370605,-11.240251541137695,-3.35162615776062,-1.3034805059432983,-2.123232841491699,0.17293544113636017,0.23008598387241364,0.22116264700889587,0.2822517454624176,0.2271467000246048,0.17561474442481995,0.19307966530323029,0.20457178354263306,0.14907945692539215,0.2565373480319977,0.3042431175708771,0.13762521743774414,27.34597722607611,18.05857934573933,19.973528750903117,19.754855982697954,21.199426549694447,21.338946108906278,47.30649117948656,0.06654146634615385,1
-513.5429077148438,85.45315551757812,-9.485512733459473,0.1810193508863449,1.8622353076934814,3.334420919418335,-27.91700553894043,-16.23011589050293,-13.632575988769531,-6.87323522567749,-3.0698626041412354,-1.387775182723999,-0.6809749007225037,0.13857977092266083,0.31332704424858093,0.32997915148735046,0.2276965230703354,0.20406244695186615,0.17976808547973633,0.232650488615036,0.2656230628490448,0.1627548336982727,0.22401398420333862,0.4618162214756012,0.24696998298168182,27.61688270842115,16.425843467734353,19.833663983781967,19.156456483845663,24.426444356860618,22.077558678293126,48.37169598383931,0.06828049879807692,1
-662.75439453125,50.665611267089844,-7.490178108215332,-1.2311631441116333,-9.744795799255371,-5.3494977951049805,-7.689549922943115,0.08401431888341904,4.11580228805542,-7.195586681365967,1.9830005168914795,-1.7973052263259888,-8.090103149414062,0.07843011617660522,0.0795142650604248,0.07798156887292862,0.14548984169960022,0.2608431577682495,0.34538573026657104,0.22876562178134918,0.1238255724310875,0.07503288239240646,0.12692859768867493,0.09920651465654373,0.0905209332704544,25.429786254649922,19.35884257281509,20.680090946288534,22.070516458036263,21.04767395057843,20.964896557270677,38.108009966400815,0.03985877403846154,1
-448.1378173828125,47.44415283203125,-26.363351821899414,4.075006008148193,-30.12052345275879,6.1267242431640625,-28.215415954589844,4.260464668273926,-3.0866916179656982,-8.124406814575195,-0.4982675313949585,-7.964899063110352,-6.28171443939209,0.18550823628902435,0.18084290623664856,0.20630702376365662,0.2997170090675354,0.32452645897865295,0.2667967677116394,0.2969312369823456,0.3674922287464142,0.24029836058616638,0.23698799312114716,0.30718567967414856,0.20356255769729614,30.34082195069677,20.60917878987894,19.9434695069804,20.963086066943436,22.062673796561107,21.769658575936134,53.97675447279568,0.13850661057692307,1
-482.6976623535156,64.8766098022461,-29.52703285217285,13.515494346618652,-26.786535263061523,-3.1365137100219727,-33.578433990478516,-0.8037689924240112,-3.961151599884033,-13.887320518493652,-3.0982749462127686,-8.076717376708984,-9.653096199035645,0.10110100358724594,0.14795617759227753,0.25656062364578247,0.32833102345466614,0.22290310263633728,0.22009989619255066,0.3533722162246704,0.2830991744995117,0.15900006890296936,0.151651531457901,0.1979757845401764,0.11664074659347534,31.379912035102972,21.87115361999583,21.88928637221907,20.96652163029484,20.564277047420266,20.6594085438871,49.78635554122152,0.07274639423076923,1
-487.4814147949219,63.69474792480469,-20.763574600219727,1.4996201992034912,-32.47161102294922,8.167871475219727,-33.505741119384766,-3.4412851333618164,-11.034845352172852,-11.952301025390625,-1.447288155555725,-5.365675449371338,-5.8036789894104,0.2591921091079712,0.27515050768852234,0.20032094419002533,0.23787309229373932,0.359330415725708,0.3227611482143402,0.30337971448898315,0.3104219138622284,0.24980011582374573,0.17588433623313904,0.18590541183948517,0.20740081369876862,30.301627554247172,21.617620871111807,20.281014223692285,20.36134880634116,22.563642150954735,21.74716290221103,52.26649709169311,0.10330904447115384,1
-520.1024780273438,68.44937133789062,-24.963621139526367,5.755963325500488,-26.729421615600586,12.544927597045898,-40.60185241699219,2.5661873817443848,1.0007812976837158,-4.949821472167969,1.5027503967285156,-8.639445304870605,-7.460237503051758,0.05488026142120361,0.09719737619161606,0.17822018265724182,0.3106920123100281,0.2968965470790863,0.24655109643936157,0.36408373713493347,0.3093597888946533,0.17753088474273682,0.13392485678195953,0.20974625647068024,0.1078719049692154,29.663035413581586,19.57907085549982,21.6504054562957,19.5772372498915,21.876266437565747,20.89399515107122,50.374234022030464,0.10469876802884616,1
-444.0489807128906,62.2626953125,-37.61305236816406,5.4979753494262695,-37.57780456542969,-0.9358748197555542,-30.386747360229492,-0.024196213111281395,1.137872338294983,-10.448052406311035,-0.10886465013027191,-4.698785305023193,-6.598728179931641,0.2389906793832779,0.3253093659877777,0.1956053227186203,0.2668794095516205,0.2924671173095703,0.30750930309295654,0.34455856680870056,0.2715851068496704,0.222417414188385,0.17011749744415283,0.16452696919441223,0.12396702170372009,27.850188799673358,20.122703754817596,21.40878425646258,20.419608714334917,21.51254367000976,22.454895006667094,52.02946580605759,0.11943734975961538,1
-476.6578063964844,64.38211822509766,-46.7860107421875,-0.8948765993118286,-37.36716842651367,7.80900239944458,-19.991296768188477,-11.246217727661133,1.5495737791061401,-9.000825881958008,2.870474100112915,-2.6574900150299072,-14.041362762451172,0.16383670270442963,0.23819997906684875,0.22862091660499573,0.24357756972312927,0.31862059235572815,0.31389886140823364,0.30919769406318665,0.2205464392900467,0.1384897530078888,0.19826361536979675,0.20141981542110443,0.1531396508216858,30.74713645324619,26.21120199084671,25.748224633894093,24.494491771383363,24.151345985630144,25.406866985655135,49.840332888744875,0.10184044471153846,1
-467.393310546875,54.937599182128906,-23.845699310302734,22.641489028930664,-17.17643165588379,-3.153623342514038,-40.03031921386719,-5.597182273864746,-1.2405301332473755,-10.617193222045898,-3.97849440574646,-5.059764862060547,-11.22844123840332,0.08979823440313339,0.12310243397951126,0.17867353558540344,0.15847797691822052,0.19385163486003876,0.327914297580719,0.40643107891082764,0.3007757067680359,0.1864108443260193,0.12850092351436615,0.1318955272436142,0.12033835798501968,33.222364798332315,25.448368840796356,24.679083489093667,23.426167160915845,24.915881296059503,23.414919933554874,52.57720399285134,0.09338191105769231,1
-456.86541748046875,59.881919860839844,-24.726709365844727,6.791647434234619,-39.03413009643555,10.688919067382812,-42.9638786315918,-0.3295365571975708,-3.171844244003296,-6.14448356628418,-4.225470066070557,-7.300424575805664,-7.704099178314209,0.17943823337554932,0.20006126165390015,0.21765229105949402,0.2712641954421997,0.23104228079319,0.26871126890182495,0.3230109214782715,0.24377474188804626,0.2044765204191208,0.21710537374019623,0.2329723834991455,0.1396898329257965,29.654137274989615,21.095398778466134,20.29878336541343,19.580381300531958,22.05561714157886,21.0398815384565,52.408728780677876,0.13462665264423077,1
-483.27349853515625,65.25473022460938,-34.623939514160156,9.9495210647583,-30.42011070251465,6.194761753082275,-27.976900100708008,-3.442918539047241,-0.5202101469039917,-15.385042190551758,2.420856237411499,-1.9477852582931519,-9.78788948059082,0.10012606531381607,0.11504095792770386,0.17585715651512146,0.41007357835769653,0.4861084520816803,0.2677673101425171,0.14452216029167175,0.21964365243911743,0.12772126495838165,0.08070674538612366,0.19308097660541534,0.16887710988521576,29.312342565265006,24.45666810262349,22.86900410663167,21.812637692871466,22.441389105662083,23.639709598187668,50.69104130462296,0.10698617788461538,1
-455.0770568847656,58.690181732177734,-30.344675064086914,25.093313217163086,-36.56498718261719,-2.263780117034912,-30.016616821289062,-2.983675956726074,2.6471080780029297,-8.984983444213867,-5.129419326782227,-6.691989898681641,-5.763731956481934,0.1466691493988037,0.19421234726905823,0.2762530446052551,0.3315591812133789,0.3483392298221588,0.3023187816143036,0.2960382401943207,0.275110125541687,0.18349085748195648,0.13284341990947723,0.2228718101978302,0.16796459257602692,31.011979318365793,21.932474099032017,21.368938903196057,21.72008188791621,21.034778757279042,22.224805673889023,50.55607970284334,0.11252629206730769,1
-458.4580383300781,46.32730484008789,-27.656719207763672,17.539302825927734,-22.875587463378906,-3.49786114692688,-27.957067489624023,3.7507336139678955,7.135066986083984,-11.037187576293945,-2.124227285385132,-4.749970436096191,-3.83573055267334,0.2788900136947632,0.31756141781806946,0.23369646072387695,0.3123755156993866,0.30758213996887207,0.23912198841571808,0.30659160017967224,0.3495883047580719,0.2979331612586975,0.21940675377845764,0.23350530862808228,0.19425344467163086,26.452036703321106,19.399768423367696,19.125335631909547,19.49120689232431,20.8769101865562,20.51239363944355,49.360147411606384,0.11769831730769231,1
-488.9617919921875,52.979984283447266,-35.842811584472656,-3.665945053100586,-25.302560806274414,9.418899536132812,-30.35138702392578,-1.7016379833221436,0.5274698138237,-3.8540570735931396,1.025050401687622,-0.34758681058883667,-1.7378379106521606,0.366862028837204,0.34729301929473877,0.38486212491989136,0.37767893075942993,0.27632635831832886,0.3615680932998657,0.37158212065696716,0.3204832971096039,0.18513062596321106,0.25185251235961914,0.30084341764450073,0.17803874611854553,27.326493931318648,17.881101770705943,20.008520311610944,18.95785650860985,22.26447278895114,21.194749393337577,54.00134469191997,0.13334209735576924,1
-501.7981872558594,70.40750122070312,-22.595544815063477,10.885963439941406,-25.593843460083008,1.794848918914795,-45.290557861328125,-0.4621339738368988,-4.0660319328308105,-15.891398429870605,-4.898584842681885,-3.8024213314056396,-12.93669605255127,0.1970617026090622,0.3198985159397125,0.3380119204521179,0.2853175103664398,0.2521897554397583,0.2804839611053467,0.19622093439102173,0.1507711112499237,0.21451108157634735,0.26128026843070984,0.1965772956609726,0.1255762130022049,30.99950870156391,21.630216623080635,20.907043415592245,21.221110038515132,22.178666285468843,21.9023208305961,51.689065071747216,0.09477163461538461,1
-562.592529296875,52.0970458984375,-39.37675476074219,11.397090911865234,-33.3072509765625,12.434781074523926,-37.85337448120117,9.418957710266113,0.8859818577766418,0.5764268040657043,-2.1573104858398438,-13.382302284240723,-2.0334627628326416,0.1719561070203781,0.1997797042131424,0.31667184829711914,0.30522385239601135,0.26580265164375305,0.31094205379486084,0.32154956459999084,0.35230350494384766,0.2199210524559021,0.3384648561477661,0.3865637481212616,0.1166914626955986,26.80734433641865,18.181819954829123,19.85652046819819,20.045912355164916,21.24645015887561,20.310995383798865,53.50669928800001,0.14347956730769232,1
-476.35968017578125,42.66145706176758,-34.17092514038086,5.5432634353637695,-35.37042236328125,16.798086166381836,-32.850772857666016,3.4811458587646484,-6.2168869972229,2.563736915588379,-1.517356514930725,-4.9103899002075195,-5.463978290557861,0.1844145804643631,0.19917066395282745,0.2291681468486786,0.22264905273914337,0.2508620619773865,0.3227401077747345,0.3798482418060303,0.4022896885871887,0.3039052188396454,0.28831467032432556,0.25274425745010376,0.14356815814971924,26.302882252184446,18.74630276693277,19.121918159696108,16.682168030062144,20.515323622069054,18.754102954867967,52.05106588155034,0.17249098557692308,1
-469.53271484375,77.07488250732422,-30.253564834594727,-11.807074546813965,-40.30416488647461,13.860932350158691,-35.4066162109375,1.8441033363342285,-3.6017258167266846,-8.141654968261719,3.2701871395111084,-5.830215930938721,-9.773226737976074,0.108306884765625,0.14790590107440948,0.13224561512470245,0.18786531686782837,0.32056960463523865,0.337789386510849,0.3074401617050171,0.27609241008758545,0.27831482887268066,0.26641517877578735,0.2424413561820984,0.1796080321073532,29.11643271789381,19.651619987128647,20.478060448681838,17.60021070980814,22.121758245025077,21.543294244177314,50.2425123872295,0.1252666766826923,1
-548.8128051757812,92.1037368774414,25.870107650756836,15.845853805541992,-21.840940475463867,18.809507369995117,-2.945183753967285,-7.5731658935546875,-11.326988220214844,-12.52199935913086,-13.08885669708252,4.800409317016602,0.9997223019599915,0.3194274604320526,0.3022266924381256,0.2153579294681549,0.13548420369625092,0.12798932194709778,0.13624688982963562,0.16808679699897766,0.18972745537757874,0.1828271597623825,0.22004607319831848,0.29193976521492004,0.29650643467903137,23.499968276006033,19.786110382565937,20.568257518710812,21.22399644367709,24.233651255460035,24.16132718590736,47.97239331093676,0.08217022235576923,1
-586.9388427734375,107.80752563476562,14.954144477844238,10.43460750579834,-5.927112579345703,-5.955425262451172,-10.992276191711426,-7.892675876617432,-17.087026596069336,-9.867020606994629,-8.258647918701172,-4.437167644500732,2.114210367202759,0.14171230792999268,0.0939425528049469,0.1111961305141449,0.07290740311145782,0.14792820811271667,0.2724469304084778,0.2073904275894165,0.13369303941726685,0.23057609796524048,0.367159366607666,0.3535872995853424,0.214317187666893,27.61677172500316,20.98823177084812,22.285202336452773,22.166400237510416,23.016230491348352,22.858798959580025,46.137901088453994,0.043614783653846155,1
-591.4353637695312,112.49539947509766,18.020299911499023,8.331974983215332,-11.541954040527344,6.040714263916016,-4.611882209777832,-19.575481414794922,-17.5679988861084,1.991094708442688,-0.41339990496635437,-4.63589334487915,-1.692119836807251,0.27056005597114563,0.25548267364501953,0.1619226485490799,0.1794823408126831,0.17519329488277435,0.14176656305789948,0.1590712070465088,0.18093816936016083,0.3355475962162018,0.355457603931427,0.20989961922168732,0.2212819904088974,26.042551177041634,18.048614053309954,21.028346306621362,20.19023243009839,23.27281179289394,21.99910517350091,46.92895720850148,0.043532151442307696,1
-566.6575927734375,96.50347137451172,23.69379997253418,26.58576202392578,-15.919414520263672,3.9308395385742188,-2.020717144012451,-9.441024780273438,-24.60458755493164,-7.948832035064697,-4.605624198913574,-5.0218400955200195,-2.8047163486480713,0.1301368921995163,0.15205168724060059,0.06268057227134705,0.11750603467226028,0.2362743616104126,0.2523048520088196,0.20036840438842773,0.1859489232301712,0.20277799665927887,0.2664880156517029,0.20456147193908691,0.1355583220720291,26.39347429022235,21.89296811468472,23.410986862228867,22.022814179692173,24.125640958747486,23.08760811028573,49.12755387357098,0.04706280048076923,1
-476.9427185058594,108.10749053955078,-1.9493786096572876,23.14191246032715,-2.322972297668457,-3.5893657207489014,-16.20492172241211,-2.3743906021118164,-9.353720664978027,-7.715817928314209,-2.093949794769287,-3.0603699684143066,-3.643134355545044,0.27950072288513184,0.33335989713668823,0.1408681720495224,0.10449688881635666,0.10008843243122101,0.1075684130191803,0.19526676833629608,0.14726729691028595,0.17367856204509735,0.2119429111480713,0.2270142287015915,0.2530660033226013,19.9932313819238,18.521677184245643,19.631771746392566,18.318713208950143,19.0056826510102,19.095662638156455,47.1025272700902,0.039385516826923074,1
-603.040283203125,93.44728088378906,15.478717803955078,28.498882293701172,-7.643182277679443,11.528924942016602,-9.948033332824707,-12.40654468536377,-13.60165786743164,-4.4150390625,-6.550217628479004,-1.4439277648925781,6.273928642272949,0.09829854965209961,0.19920140504837036,0.17056453227996826,0.12653714418411255,0.09517143666744232,0.08580007404088974,0.13181154429912567,0.2822093069553375,0.3927069306373596,0.2526407539844513,0.21540755033493042,0.14609463512897491,24.866198209485106,20.694857263255123,22.985982924215715,22.271241097873776,22.509636058382874,20.4125670221422,48.47025944885052,0.04681865985576923,1
-537.8870239257812,87.80361938476562,9.262402534484863,18.924510955810547,-17.18027687072754,13.793659210205078,-11.154871940612793,-7.309951305389404,-5.161018371582031,-11.964905738830566,-13.995917320251465,1.6379026174545288,-0.9662177562713623,0.39928850531578064,0.3046112656593323,0.18708589673042297,0.1656162142753601,0.12117572128772736,0.07595230638980865,0.09939471632242203,0.18908022344112396,0.159690722823143,0.1614970713853836,0.2280128449201584,0.3380276560783386,24.377283801360573,18.69863399424774,19.94013011840867,18.518562736539536,21.195697791250044,21.435723648329873,48.671041294112676,0.059510216346153846,1
-521.7149047851562,73.06893157958984,13.05143928527832,34.961971282958984,-4.6537556648254395,7.071903705596924,-16.653364181518555,-7.139919757843018,-9.78590202331543,-12.275225639343262,-12.463955879211426,1.0217660665512085,-0.7426238059997559,0.3000149726867676,0.2543402910232544,0.16273315250873566,0.14315105974674225,0.1151105985045433,0.12923955917358398,0.1538369059562683,0.19086678326129913,0.1912616342306137,0.23024378716945648,0.38089627027511597,0.363482803106308,26.167669799541628,18.531086299929814,24.054964480978207,20.48884602867624,21.826248540377094,21.162324187900897,50.510677707600735,0.07306941105769231,1
-704.6587524414062,73.82303619384766,17.13534164428711,12.440315246582031,-11.71942138671875,3.8957102298736572,-10.778177261352539,-4.421424388885498,-2.0832905769348145,-2.634957790374756,-2.0736172199249268,2.6287198066711426,2.547060489654541,0.10994117707014084,0.4713221490383148,0.13109685480594635,0.05657237023115158,0.07634003460407257,0.11598499864339828,0.13661308586597443,0.10978477448225021,0.10077963769435883,0.06366128474473953,0.05477941036224365,0.055991362780332565,23.674368861791308,20.119314647204835,23.05384939045321,21.057112588712783,20.058730092620856,19.557256952761463,41.02702125460085,0.03580603966346154,1
-554.92578125,85.69005584716797,5.892842769622803,31.928253173828125,3.099848747253418,3.580049753189087,-9.491555213928223,-2.1175105571746826,-12.811238288879395,-13.74296760559082,-9.82188606262207,-3.8579537868499756,-1.7668726444244385,0.24434252083301544,0.23668819665908813,0.15617820620536804,0.09619276970624924,0.1340130865573883,0.18697164952754974,0.22810615599155426,0.15664096176624298,0.12345804274082184,0.18602825701236725,0.2686237692832947,0.2832689583301544,23.25789338114357,17.59405636854866,21.527042626569816,17.961146446647756,19.782968793325686,18.397699417314442,44.91755253170088,0.04114332932692308,1
-552.51611328125,68.28983306884766,13.130602836608887,22.335628509521484,-14.989978790283203,7.477939128875732,-7.590545654296875,-6.416066646575928,-13.338313102722168,-5.524104118347168,5.522310733795166,-5.7921462059021,-7.053699493408203,0.24853163957595825,0.2668714225292206,0.2246016561985016,0.16605840623378754,0.12982402741909027,0.19145925343036652,0.24372926354408264,0.1594575196504593,0.13291648030281067,0.13027265667915344,0.18697328865528107,0.31278708577156067,23.241995450200772,17.257290869401146,19.669189956408268,18.392005571093172,19.238488371163516,19.805560927810113,42.62439934044013,0.06905799278846154,1
-570.25146484375,100.2939682006836,15.092652320861816,12.165887832641602,-1.2768141031265259,-1.5793333053588867,-16.802471160888672,-14.28420352935791,-12.173904418945312,-8.273211479187012,-8.219592094421387,-5.6187920570373535,-2.004333019256592,0.20861293375492096,0.26066866517066956,0.1095430850982666,0.10790813714265823,0.05902336165308952,0.0579325333237648,0.17961232364177704,0.15151098370552063,0.1655808836221695,0.2182755470275879,0.21417762339115143,0.3007887601852417,24.20552623192777,21.46830898750516,25.236286803963356,22.69590391606357,22.783581932824063,21.08538689642492,46.594796146173636,0.043934044471153844,1
-521.8114624023438,102.66458892822266,29.47957420349121,8.170914649963379,-18.441831588745117,15.250941276550293,-6.904852867126465,-20.938575744628906,-18.011972427368164,-1.7530754804611206,1.0169717073440552,-2.044948101043701,-8.041473388671875,0.22789761424064636,0.34627601504325867,0.15145543217658997,0.09106913954019547,0.10443377494812012,0.09795182943344116,0.0801457017660141,0.16523781418800354,0.2194514125585556,0.22455056011676788,0.2556208670139313,0.20073364675045013,27.033331222651853,20.476186676358633,22.883824676754188,20.740831825966268,24.851618965635115,21.307098186884218,47.699118776845026,0.05714768629807692,1
-532.0416259765625,102.27922058105469,13.67259407043457,1.8823317289352417,-19.084686279296875,7.015566825866699,-11.223074913024902,-18.390649795532227,-26.3247127532959,-3.599365234375,1.675600528717041,-3.0609707832336426,0.8786645531654358,0.1387597769498825,0.13704034686088562,0.14932341873645782,0.24914421141147614,0.27695852518081665,0.12263055145740509,0.07985341548919678,0.11589561402797699,0.25595253705978394,0.3564135432243347,0.28118088841438293,0.1830834299325943,26.704994128375827,21.14696584995198,22.676159482675605,21.247796146094146,24.086216479485696,22.87720936614895,48.64431486932193,0.05976938100961538,1
-570.678466796875,117.03205871582031,-6.646353721618652,4.840022563934326,-7.908308506011963,5.300976276397705,-9.442888259887695,-4.691777229309082,-12.41905403137207,-11.496654510498047,-1.589421272277832,2.6826791763305664,-5.2958502769470215,0.3111933171749115,0.32655155658721924,0.16912831366062164,0.1524975597858429,0.1573486030101776,0.1640697717666626,0.19655866920948029,0.13391904532909393,0.173233762383461,0.21204069256782532,0.28732389211654663,0.28666356205940247,21.7599463242671,17.524980380921267,20.395760354979053,18.66547250868847,22.26537081788375,20.812266020973684,44.64885521277644,0.057204026442307696,1
-566.27734375,125.26846313476562,3.288564920425415,-4.333860397338867,5.168941974639893,0.7894381284713745,-13.87425422668457,-13.832756042480469,-16.048385620117188,-6.817381858825684,-4.0422821044921875,0.38736632466316223,-5.446685314178467,0.2467608004808426,0.20160965621471405,0.1167689859867096,0.09741184860467911,0.15058031678199768,0.2613460123538971,0.30386218428611755,0.20664037764072418,0.19481594860553741,0.23221634328365326,0.25091537833213806,0.2688673138618469,27.50699985174132,21.267892663954886,22.101207167777346,21.97202444569371,23.917861449097128,22.164504125744497,46.318821852471984,0.03903245192307692,1
-568.0624389648438,114.00907135009766,16.115663528442383,3.8280913829803467,2.0440940856933594,-2.573760509490967,-10.092646598815918,-3.4176998138427734,-11.694681167602539,-6.069962501525879,-5.461977005004883,-9.787359237670898,-2.716252088546753,0.17137867212295532,0.24965597689151764,0.12202616780996323,0.11039800941944122,0.10081802308559418,0.10580651462078094,0.2317506968975067,0.2792367935180664,0.2689008116722107,0.27132320404052734,0.21975177526474,0.18374189734458923,25.72453045510638,20.559079790300313,20.976138262554812,21.141952795729402,22.620335982632632,21.855700826482103,44.734510669543205,0.029383263221153845,1
-509.70623779296875,107.16461181640625,7.140401840209961,10.856592178344727,-7.002600193023682,8.536656379699707,-6.886867523193359,-6.267486095428467,-14.081130027770996,-13.121307373046875,-11.9572114944458,-0.7299982905387878,3.4116454124450684,0.22681371867656708,0.19074049592018127,0.09639695286750793,0.12030503153800964,0.12634436786174774,0.1162283793091774,0.09081527590751648,0.19362927973270416,0.3150579035282135,0.39379629492759705,0.3589043915271759,0.2161208689212799,25.017008160184286,20.98236522696382,22.355245900532754,20.031953686002158,22.510878745864968,20.968851418432056,46.81543049666683,0.05186673677884615,1
-565.5341186523438,88.29071807861328,7.219034671783447,25.273256301879883,-14.806390762329102,16.150428771972656,-11.725004196166992,-12.766058921813965,-15.487151145935059,-9.794060707092285,-9.906024932861328,-5.2653632164001465,-6.283073902130127,0.12049886584281921,0.1389605551958084,0.12041622400283813,0.17878682911396027,0.3324306309223175,0.22007177770137787,0.11497762054204941,0.10307815670967102,0.1933373659849167,0.33939194679260254,0.34101295471191406,0.18567153811454773,23.213314879833867,18.121654705837354,20.915669227311934,18.74267476499303,21.26508758660598,18.568084108364552,47.38260349650483,0.06545222355769231,1
-571.9823608398438,81.91532135009766,21.689767837524414,34.33668518066406,1.0420323610305786,4.679623126983643,-6.755006313323975,-7.118516445159912,-15.190479278564453,-8.151347160339355,-3.430305242538452,0.3329818844795227,-5.809427261352539,0.21500679850578308,0.2348485141992569,0.13096517324447632,0.0831722542643547,0.115483358502388,0.1566033810377121,0.18774552643299103,0.2699228823184967,0.27049463987350464,0.3359140157699585,0.3063942790031433,0.21487951278686523,24.395316279813006,19.143740403850412,23.79447328726203,21.162568665174852,21.66897037886742,19.287399940379224,47.23077646836686,0.05230243389423077,1
-281.0442810058594,101.5252685546875,-27.205698013305664,57.52535629272461,-20.912935256958008,15.838130950927734,-19.316936492919922,-3.6968791484832764,-9.09736156463623,-4.384590148925781,0.5434936285018921,-10.16274642944336,4.577523708343506,0.2617921829223633,0.23572522401809692,0.2595612406730652,0.26488161087036133,0.22902630269527435,0.29158398509025574,0.5091228485107422,0.5714985132217407,0.42627787590026855,0.343348890542984,0.31214597821235657,0.24558256566524506,22.542946284100523,17.775484458367508,19.75979544987754,17.48209402023904,18.979483431159657,19.262626518434253,62.57417072625169,0.11388596754807692,1
-524.361572265625,85.5210952758789,-41.95832824707031,21.330312728881836,-31.39444923400879,-14.390928268432617,-19.667625427246094,-7.914950847625732,-17.514965057373047,-5.561807155609131,-19.613065719604492,1.3301489353179932,-13.199440002441406,0.34552842378616333,0.3383362293243408,0.23939184844493866,0.15946191549301147,0.16297230124473572,0.23429545760154724,0.33039408922195435,0.41539424657821655,0.38160574436187744,0.3159885108470917,0.3473508059978485,0.36539578437805176,20.095427877648497,19.577984097671987,21.661957987260738,19.208166768745375,18.156834730297728,20.389262980195962,57.57006817511834,0.1174587673611111,1
-535.6887817382812,135.11016845703125,-57.16239547729492,1.462959885597229,6.257902145385742,-46.49522018432617,-7.36442232131958,-1.9843388795852661,-28.049596786499023,-4.505635738372803,-6.621747016906738,-18.865478515625,2.020895004272461,0.28812912106513977,0.31461820006370544,0.24243827164173126,0.1679154485464096,0.17477171123027802,0.24864622950553894,0.3587070107460022,0.46370047330856323,0.419608473777771,0.3234766125679016,0.3505608141422272,0.3388091027736664,20.083726816901255,19.63314325219134,21.750418151947688,19.209858345739903,18.147921759271135,68.65816780237671,16.92465442338265,0.07995799231150794,1
-493.7689208984375,89.84648895263672,-45.82194137573242,24.457517623901367,-33.4904899597168,-13.378406524658203,-19.469316482543945,-9.24173355102539,-15.188536643981934,-8.76723861694336,-15.82103157043457,-2.8597559928894043,-8.987045288085938,0.341512531042099,0.3387937843799591,0.23947644233703613,0.15890878438949585,0.16183742880821228,0.23353490233421326,0.3310941159725189,0.41563504934310913,0.3803049623966217,0.3160553574562073,0.3494812548160553,0.3602122962474823,19.984966963947834,19.43545455505581,21.678818292763875,19.19704788862434,18.137384291910884,20.49832619550803,65.90088498158296,0.11724950396825397,1
